,Optimal_Affected_Component_Uid,Optimal_Failure,cube
0,_SFJzUucdEeet0YmmfbMwkw,CF3,6.6942
1,_SFJzUucdEeet0YmmfbMwkw,CF3,6.6942
2,_SFJzUucdEeet0YmmfbMwkw,CF3,6.6942
3,_SFKZG-cdEeet0YmmfbMwkw,CF1,4.0161
4,_SFKZG-cdEeet0YmmfbMwkw,CF1,4.0161
5,_SFKZG-cdEeet0YmmfbMwkw,CF1,4.0161
6,_SE4FQucdEeet0YmmfbMwkw,CF3,5.7444
7,_SE4FQucdEeet0YmmfbMwkw,CF3,5.7444
8,_SE4FQucdEeet0YmmfbMwkw,CF3,5.7444
9,_SFMPb-cdEeet0YmmfbMwkw,CF1,4.0511
10,_SFMPb-cdEeet0YmmfbMwkw,CF1,4.0511
11,_SFMPb-cdEeet0YmmfbMwkw,CF1,4.0511
12,_SEu7lecdEeet0YmmfbMwkw,CF3,4.232
13,_SEu7lecdEeet0YmmfbMwkw,CF3,4.232
14,_SEu7lecdEeet0YmmfbMwkw,CF3,4.232
15,_SEuUd-cdEeet0YmmfbMwkw,CF1,2.611
16,_SEuUd-cdEeet0YmmfbMwkw,CF1,2.611
17,_SEuUd-cdEeet0YmmfbMwkw,CF1,2.611
18,_SE5TmucdEeet0YmmfbMwkw,CF1,3.8751
19,_SE5TmucdEeet0YmmfbMwkw,CF1,3.8751
20,_SE5TmucdEeet0YmmfbMwkw,CF1,3.8751
21,_SE5TmucdEeet0YmmfbMwkw,CF1,3.8751
22,_SE5TmucdEeet0YmmfbMwkw,CF1,3.8751
23,_SE5TmucdEeet0YmmfbMwkw,CF1,3.8751
24,_SFKajecdEeet0YmmfbMwkw,CF3,2.654
25,_SFKajecdEeet0YmmfbMwkw,CF3,2.654
26,_SFKajecdEeet0YmmfbMwkw,CF3,2.654
27,_SEu7uucdEeet0YmmfbMwkw,CF3,2.7531
28,_SEu7uucdEeet0YmmfbMwkw,CF3,2.7531
29,_SEu7uucdEeet0YmmfbMwkw,CF3,2.7531
30,_SFOrh-cdEeet0YmmfbMwkw,CF3,40.461999999999996
31,_SFOrh-cdEeet0YmmfbMwkw,CF3,40.3649
32,_SFLBJecdEeet0YmmfbMwkw,CF3,6.8639
33,_SFLBJecdEeet0YmmfbMwkw,CF3,6.8639
34,_SFLBJecdEeet0YmmfbMwkw,CF3,6.8639
35,_SExXzOcdEeet0YmmfbMwkw,CF1,2.4619
36,_SExXzOcdEeet0YmmfbMwkw,CF1,2.4619
37,_SExXzOcdEeet0YmmfbMwkw,CF1,2.4619
38,_SE_aWucdEeet0YmmfbMwkw,CF2,4.1785
39,_SE_aWucdEeet0YmmfbMwkw,CF2,4.1785
40,_SE_aWucdEeet0YmmfbMwkw,CF2,4.1785
41,_SE_aWucdEeet0YmmfbMwkw,CF2,4.1785
42,_SEx_IecdEeet0YmmfbMwkw,CF3,5.2522
43,_SEx_IecdEeet0YmmfbMwkw,CF3,5.2522
44,_SFLnWecdEeet0YmmfbMwkw,CF3,6.8649
45,_SFLnWecdEeet0YmmfbMwkw,CF3,6.8649
46,_SFLnWecdEeet0YmmfbMwkw,CF3,6.8649
47,_SFGIpOcdEeet0YmmfbMwkw,CF1,3.1601
48,_SFGIpOcdEeet0YmmfbMwkw,CF1,3.1601
49,_SFGIpOcdEeet0YmmfbMwkw,CF1,3.1601
50,_SFGIpOcdEeet0YmmfbMwkw,CF1,3.1601
51,_SFGIpOcdEeet0YmmfbMwkw,CF1,3.1601
52,_SFGIpOcdEeet0YmmfbMwkw,CF1,3.1601
53,_SFApHecdEeet0YmmfbMwkw,CF2,4.236000000000001
54,_SFApHecdEeet0YmmfbMwkw,CF2,4.236000000000001
55,_SFApHecdEeet0YmmfbMwkw,CF2,4.236000000000001
56,_SFApHecdEeet0YmmfbMwkw,CF2,4.236000000000001
57,_SFApHecdEeet0YmmfbMwkw,CF2,4.236000000000001
58,_SEx-rucdEeet0YmmfbMwkw,CF2,2.3391
59,_SEx-rucdEeet0YmmfbMwkw,CF2,2.3391
60,_SEx-rucdEeet0YmmfbMwkw,CF2,2.3391
61,_SFNdmOcdEeet0YmmfbMwkw,CF3,3.1721
62,_SFNdmOcdEeet0YmmfbMwkw,CF3,3.1721
63,_SFNdmOcdEeet0YmmfbMwkw,CF3,3.1721
64,_SFODp-cdEeet0YmmfbMwkw,CF2,2.4799
65,_SFODp-cdEeet0YmmfbMwkw,CF2,2.4799
66,_SFODp-cdEeet0YmmfbMwkw,CF2,2.4799
67,_SFOri-cdEeet0YmmfbMwkw,CF3,3.2832
68,_SFOri-cdEeet0YmmfbMwkw,CF3,3.2832
69,_SFLBp-cdEeet0YmmfbMwkw,CF1,4.0361
70,_SFLBp-cdEeet0YmmfbMwkw,CF1,4.0361
71,_SFLBp-cdEeet0YmmfbMwkw,CF1,4.0361
72,_SFLBp-cdEeet0YmmfbMwkw,CF1,4.0361
73,_SFLBp-cdEeet0YmmfbMwkw,CF1,4.0361
74,_SFLBp-cdEeet0YmmfbMwkw,CF1,4.0361
75,_SFS9wOcdEeet0YmmfbMwkw,CF3,3.2862
76,_SFS9wOcdEeet0YmmfbMwkw,CF3,3.2862
77,_SFGwGecdEeet0YmmfbMwkw,CF1,6.8539
78,_SFGwGecdEeet0YmmfbMwkw,CF1,6.8539
79,_SFGwGecdEeet0YmmfbMwkw,CF1,6.8539
80,_SFGwGecdEeet0YmmfbMwkw,CF1,6.8539
81,_SFGwGecdEeet0YmmfbMwkw,CF1,6.8539
82,_SFGwGecdEeet0YmmfbMwkw,CF1,6.8539
83,_SEz0R-cdEeet0YmmfbMwkw,CF1,5.7514
84,_SEz0R-cdEeet0YmmfbMwkw,CF1,5.7514
85,_SEz0R-cdEeet0YmmfbMwkw,CF1,5.7514
86,_SFApLecdEeet0YmmfbMwkw,CF1,2.8734
87,_SFApLecdEeet0YmmfbMwkw,CF1,2.8734
88,_SFApLecdEeet0YmmfbMwkw,CF1,2.8734
89,_SE3ehOcdEeet0YmmfbMwkw,CF1,4.8504
90,_SE3ehOcdEeet0YmmfbMwkw,CF1,4.8504
91,_SE3ehOcdEeet0YmmfbMwkw,CF1,4.8504
92,_SE3ehOcdEeet0YmmfbMwkw,CF1,4.8504
93,_SE3ehOcdEeet0YmmfbMwkw,CF1,4.8504
94,_SE3ehOcdEeet0YmmfbMwkw,CF1,4.8504
95,_SE23oOcdEeet0YmmfbMwkw,CF1,47.8059
96,_SE23oOcdEeet0YmmfbMwkw,CF1,48.1133
97,_SE23oOcdEeet0YmmfbMwkw,CF1,47.8059
98,_SE23oOcdEeet0YmmfbMwkw,CF1,48.1133
99,_SE23oOcdEeet0YmmfbMwkw,CF1,47.8059
100,_SE23oOcdEeet0YmmfbMwkw,CF1,48.1133
101,_SFMOcecdEeet0YmmfbMwkw,CF3,2.4769
102,_SFMOcecdEeet0YmmfbMwkw,CF3,2.4769
103,_SFMOcecdEeet0YmmfbMwkw,CF3,2.4769
104,_SFBPaucdEeet0YmmfbMwkw,CF1,3.9471
105,_SFBPaucdEeet0YmmfbMwkw,CF1,3.9471
106,_SFBPaucdEeet0YmmfbMwkw,CF1,3.9471
107,_SE7Iq-cdEeet0YmmfbMwkw,CF3,4.231
108,_SE7Iq-cdEeet0YmmfbMwkw,CF3,4.231
109,_SE7Iq-cdEeet0YmmfbMwkw,CF3,4.231
110,_SFDr0ecdEeet0YmmfbMwkw,CF3,84.7929
111,_SFDr0ecdEeet0YmmfbMwkw,CF3,84.5533
112,_SFOraecdEeet0YmmfbMwkw,CF1,4.0691
113,_SFOraecdEeet0YmmfbMwkw,CF1,4.0691
114,_SFOraecdEeet0YmmfbMwkw,CF1,4.0691
115,_SE7wFecdEeet0YmmfbMwkw,CF1,3.1511
116,_SE7wFecdEeet0YmmfbMwkw,CF1,3.1511
117,_SFGv--cdEeet0YmmfbMwkw,CF1,3.9981
118,_SFGv--cdEeet0YmmfbMwkw,CF1,3.9981
119,_SFGv--cdEeet0YmmfbMwkw,CF1,3.9981
120,_SFLokecdEeet0YmmfbMwkw,CF2,4.0451
121,_SFLokecdEeet0YmmfbMwkw,CF2,4.0451
122,_SFLokecdEeet0YmmfbMwkw,CF2,4.0451
123,_SFLokecdEeet0YmmfbMwkw,CF2,4.0451
124,_SFLokecdEeet0YmmfbMwkw,CF2,4.0451
125,_SFLokecdEeet0YmmfbMwkw,CF2,4.0451
126,_SEzz3OcdEeet0YmmfbMwkw,CF1,2.6180000000000003
127,_SEzz3OcdEeet0YmmfbMwkw,CF1,2.6180000000000003
128,_SEzz3OcdEeet0YmmfbMwkw,CF1,2.6180000000000003
129,_SFLnfecdEeet0YmmfbMwkw,CF3,2.4739
130,_SFLnfecdEeet0YmmfbMwkw,CF3,2.4739
131,_SFLnfecdEeet0YmmfbMwkw,CF3,2.4739
132,_SE8XmecdEeet0YmmfbMwkw,CF1,4.1765
133,_SE8XmecdEeet0YmmfbMwkw,CF1,4.1765
134,_SE8XmecdEeet0YmmfbMwkw,CF1,4.1765
135,_SE8XmecdEeet0YmmfbMwkw,CF1,4.1765
136,_SFJLBecdEeet0YmmfbMwkw,CF1,5.2762
137,_SFJLBecdEeet0YmmfbMwkw,CF1,5.2762
138,_SFJLBecdEeet0YmmfbMwkw,CF1,5.2762
139,_SFMPjecdEeet0YmmfbMwkw,CF2,6.8689
140,_SFMPjecdEeet0YmmfbMwkw,CF2,6.8689
141,_SFMPjecdEeet0YmmfbMwkw,CF2,6.8689
142,_SFM2T-cdEeet0YmmfbMwkw,CF2,5.2962
143,_SFM2T-cdEeet0YmmfbMwkw,CF2,5.2962
144,_SFM2T-cdEeet0YmmfbMwkw,CF2,5.2962
145,_SFM2T-cdEeet0YmmfbMwkw,CF2,5.2962
146,_SFM2T-cdEeet0YmmfbMwkw,CF2,5.2962
147,_SFM2T-cdEeet0YmmfbMwkw,CF2,5.2962
148,_SFB2iucdEeet0YmmfbMwkw,CF1,3.9411
149,_SFB2iucdEeet0YmmfbMwkw,CF1,3.9411
150,_SFB2iucdEeet0YmmfbMwkw,CF1,3.9411
151,_SFSVIucdEeet0YmmfbMwkw,CF2,2.3561
152,_SFSVIucdEeet0YmmfbMwkw,CF2,2.3561
153,_SFSVIucdEeet0YmmfbMwkw,CF2,2.3561
154,_SE-MvecdEeet0YmmfbMwkw,CF2,2.4529
155,_SE-MvecdEeet0YmmfbMwkw,CF2,2.4529
156,_SE-MvecdEeet0YmmfbMwkw,CF2,2.4529
157,_SE-zLOcdEeet0YmmfbMwkw,CF1,3.1481
158,_SE-zLOcdEeet0YmmfbMwkw,CF1,3.1481
159,_SE-zLOcdEeet0YmmfbMwkw,CF1,3.1481
160,_SE-zLOcdEeet0YmmfbMwkw,CF1,3.1481
161,_SFETIecdEeet0YmmfbMwkw,CF1,2.8864
162,_SFETIecdEeet0YmmfbMwkw,CF1,2.8864
163,_SFETIecdEeet0YmmfbMwkw,CF1,2.8864
164,_SE_bAOcdEeet0YmmfbMwkw,CF1,2.8694
165,_SE_bAOcdEeet0YmmfbMwkw,CF1,2.8694
166,_SE_bAOcdEeet0YmmfbMwkw,CF1,2.8694
167,_SE7wA-cdEeet0YmmfbMwkw,CF1,3.8791
168,_SE7wA-cdEeet0YmmfbMwkw,CF1,3.8791
169,_SE7wA-cdEeet0YmmfbMwkw,CF1,3.8791
170,_SFGvW-cdEeet0YmmfbMwkw,CF1,4.0001
171,_SFGvW-cdEeet0YmmfbMwkw,CF1,4.0001
172,_SFGvW-cdEeet0YmmfbMwkw,CF1,4.0001
173,_SE0bSucdEeet0YmmfbMwkw,CF1,4.1695
174,_SE0bSucdEeet0YmmfbMwkw,CF1,4.1695
175,_SE0bSucdEeet0YmmfbMwkw,CF1,4.1695
176,_SFKaeecdEeet0YmmfbMwkw,CF2,6.8609
177,_SFKaeecdEeet0YmmfbMwkw,CF2,6.8609
178,_SFKaeecdEeet0YmmfbMwkw,CF2,6.8609
179,_SFGuxecdEeet0YmmfbMwkw,CF3,5.2732
180,_SFGuxecdEeet0YmmfbMwkw,CF3,5.2732
181,_SFGuxecdEeet0YmmfbMwkw,CF3,5.2732
182,_SFGu0ecdEeet0YmmfbMwkw,CF3,3.9961
183,_SFGu0ecdEeet0YmmfbMwkw,CF3,3.9961
184,_SFGu0ecdEeet0YmmfbMwkw,CF3,3.9961
185,_SFLBEecdEeet0YmmfbMwkw,CF2,5.2882
186,_SFLBEecdEeet0YmmfbMwkw,CF2,5.2882
187,_SFLBEecdEeet0YmmfbMwkw,CF2,5.2882
188,_SEz0QOcdEeet0YmmfbMwkw,CF2,3.9251
189,_SEz0QOcdEeet0YmmfbMwkw,CF2,3.9251
190,_SEz0QOcdEeet0YmmfbMwkw,CF2,3.9251
191,_SFSWMucdEeet0YmmfbMwkw,CF3,66.5013
192,_SFSWMucdEeet0YmmfbMwkw,CF3,66.3244
193,_SFDEyecdEeet0YmmfbMwkw,CF3,4.238
194,_SFDEyecdEeet0YmmfbMwkw,CF3,4.238
195,_SFS9TOcdEeet0YmmfbMwkw,CF2,2.7801
196,_SFS9TOcdEeet0YmmfbMwkw,CF2,2.7801
197,_SFS9TOcdEeet0YmmfbMwkw,CF2,2.7801
198,_SFGwKOcdEeet0YmmfbMwkw,CF1,2.645
199,_SFGwKOcdEeet0YmmfbMwkw,CF1,2.645
200,_SFGwKOcdEeet0YmmfbMwkw,CF1,2.645
201,_SFS8_ucdEeet0YmmfbMwkw,CF1,4.0761
202,_SFS8_ucdEeet0YmmfbMwkw,CF1,4.0761
203,_SFS8_ucdEeet0YmmfbMwkw,CF1,4.0761
204,_SFGIkucdEeet0YmmfbMwkw,CF1,3.9921
205,_SFGIkucdEeet0YmmfbMwkw,CF1,3.9921
206,_SFGIkucdEeet0YmmfbMwkw,CF1,3.9921
207,_SFGIkucdEeet0YmmfbMwkw,CF1,3.9921
208,_SFGIkucdEeet0YmmfbMwkw,CF1,3.9921
209,_SFGIkucdEeet0YmmfbMwkw,CF1,3.9921
210,_SE6h9-cdEeet0YmmfbMwkw,CF3,4.8534
211,_SE6h9-cdEeet0YmmfbMwkw,CF3,4.8534
212,_SE6h9-cdEeet0YmmfbMwkw,CF3,4.8534
213,_SFLoe-cdEeet0YmmfbMwkw,CF1,4.0441
214,_SFLoe-cdEeet0YmmfbMwkw,CF1,4.0441
215,_SFLoe-cdEeet0YmmfbMwkw,CF1,4.0441
216,_SFKZQ-cdEeet0YmmfbMwkw,CF1,2.214
217,_SFKZQ-cdEeet0YmmfbMwkw,CF1,2.214
218,_SFKZQ-cdEeet0YmmfbMwkw,CF1,2.214
219,_SE7wH-cdEeet0YmmfbMwkw,CF2,4.8554
220,_SE7wH-cdEeet0YmmfbMwkw,CF2,4.8554
221,_SE7wH-cdEeet0YmmfbMwkw,CF2,4.8554
222,_SFLpJecdEeet0YmmfbMwkw,CF3,5.2942
223,_SFLpJecdEeet0YmmfbMwkw,CF3,5.2942
224,_SFLpJecdEeet0YmmfbMwkw,CF3,5.2942
225,_SFGIFOcdEeet0YmmfbMwkw,CF1,2.8894
226,_SFGIFOcdEeet0YmmfbMwkw,CF1,2.8894
227,_SFGIFOcdEeet0YmmfbMwkw,CF1,2.8894
228,_SFOq3-cdEeet0YmmfbMwkw,CF3,4.0681
229,_SFOq3-cdEeet0YmmfbMwkw,CF3,4.0681
230,_SFB2rOcdEeet0YmmfbMwkw,CF1,2.8744
231,_SFB2rOcdEeet0YmmfbMwkw,CF1,2.8744
232,_SFB2rOcdEeet0YmmfbMwkw,CF1,2.8744
233,_SFOEBucdEeet0YmmfbMwkw,CF2,4.244
234,_SFOEBucdEeet0YmmfbMwkw,CF2,4.244
235,_SFOD9OcdEeet0YmmfbMwkw,CF3,4.0621
236,_SFOD9OcdEeet0YmmfbMwkw,CF3,4.0621
237,_SFS-XOcdEeet0YmmfbMwkw,CF3,78.8736
238,_SFS-XOcdEeet0YmmfbMwkw,CF3,78.6633
239,_SFDE2ecdEeet0YmmfbMwkw,CF1,2.8794
240,_SFDE2ecdEeet0YmmfbMwkw,CF1,2.8794
241,_SFDE2ecdEeet0YmmfbMwkw,CF1,2.8794
242,_SFKZ1-cdEeet0YmmfbMwkw,CF1,4.1955
243,_SFKZ1-cdEeet0YmmfbMwkw,CF1,4.1955
244,_SFKZ1-cdEeet0YmmfbMwkw,CF1,4.1955
245,_SFKZ1-cdEeet0YmmfbMwkw,CF1,4.1955
246,_SFNdBOcdEeet0YmmfbMwkw,CF2,6.8709
247,_SFNdBOcdEeet0YmmfbMwkw,CF2,6.8709
248,_SFNdBOcdEeet0YmmfbMwkw,CF2,6.8709
249,_SFSW3ecdEeet0YmmfbMwkw,CF3,4.249
250,_SFSW3ecdEeet0YmmfbMwkw,CF3,4.249
251,_SE1B6-cdEeet0YmmfbMwkw,CF1,3.8621
252,_SE1B6-cdEeet0YmmfbMwkw,CF1,3.8621
253,_SE1B6-cdEeet0YmmfbMwkw,CF1,3.8621
254,_SE1B6-cdEeet0YmmfbMwkw,CF1,3.8621
255,_SE1B6-cdEeet0YmmfbMwkw,CF1,3.8621
256,_SE1B6-cdEeet0YmmfbMwkw,CF1,3.8621
257,_SFKZMecdEeet0YmmfbMwkw,CF1,4.0181
258,_SFKZMecdEeet0YmmfbMwkw,CF1,4.0181
259,_SFKZMecdEeet0YmmfbMwkw,CF1,4.0181
260,_SFKZMecdEeet0YmmfbMwkw,CF1,4.0181
261,_SFKZMecdEeet0YmmfbMwkw,CF1,4.0181
262,_SFB3KucdEeet0YmmfbMwkw,CF1,3.9451
263,_SFB3KucdEeet0YmmfbMwkw,CF1,3.9451
264,_SFB3KucdEeet0YmmfbMwkw,CF1,3.9451
265,_SFB3KucdEeet0YmmfbMwkw,CF1,3.9451
266,_SFB3KucdEeet0YmmfbMwkw,CF1,3.9451
267,_SFB3KucdEeet0YmmfbMwkw,CF1,3.9451
268,_SEwJwecdEeet0YmmfbMwkw,CF2,4.1835
269,_SEwJwecdEeet0YmmfbMwkw,CF2,4.1835
270,_SEwJwecdEeet0YmmfbMwkw,CF2,4.1835
271,_SFCd1OcdEeet0YmmfbMwkw,CF2,2.628
272,_SFCd1OcdEeet0YmmfbMwkw,CF2,2.628
273,_SFCd1OcdEeet0YmmfbMwkw,CF2,2.628
274,_SFMPeecdEeet0YmmfbMwkw,CF3,5.2972
275,_SFMPeecdEeet0YmmfbMwkw,CF3,5.2972
276,_SFMPeecdEeet0YmmfbMwkw,CF3,5.2972
277,_SFJyFecdEeet0YmmfbMwkw,CF1,5.2782
278,_SFJyFecdEeet0YmmfbMwkw,CF1,5.2782
279,_SFJyFecdEeet0YmmfbMwkw,CF1,5.2782
280,_SFJyFecdEeet0YmmfbMwkw,CF1,5.2782
281,_SFJyFecdEeet0YmmfbMwkw,CF1,5.2782
282,_SFJyFecdEeet0YmmfbMwkw,CF1,5.2782
283,_SFJyFecdEeet0YmmfbMwkw,CF1,5.2782
284,_SFJyFecdEeet0YmmfbMwkw,CF1,5.2782
285,_SFJyFecdEeet0YmmfbMwkw,CF1,5.2782
286,_SFOFUOcdEeet0YmmfbMwkw,CF3,5.6178
287,_SFOFUOcdEeet0YmmfbMwkw,CF3,5.6178
288,_SFFhGucdEeet0YmmfbMwkw,CF3,4.24
289,_SFFhGucdEeet0YmmfbMwkw,CF3,4.24
290,_SFFhGucdEeet0YmmfbMwkw,CF3,4.24
291,_SFB2pucdEeet0YmmfbMwkw,CF3,59.4735
292,_SFB2pucdEeet0YmmfbMwkw,CF3,59.3108
293,_SE0bW-cdEeet0YmmfbMwkw,CF1,2.5869999999999997
294,_SE0bW-cdEeet0YmmfbMwkw,CF1,2.5869999999999997
295,_SE0bW-cdEeet0YmmfbMwkw,CF1,2.5869999999999997
296,_SFKag-cdEeet0YmmfbMwkw,CF1,2.215
297,_SFKag-cdEeet0YmmfbMwkw,CF1,2.215
298,_SFKag-cdEeet0YmmfbMwkw,CF1,2.215
299,_SFGu9-cdEeet0YmmfbMwkw,CF2,2.6430000000000002
300,_SFGu9-cdEeet0YmmfbMwkw,CF2,2.6430000000000002
301,_SFGu9-cdEeet0YmmfbMwkw,CF2,2.6430000000000002
302,_SFGu9-cdEeet0YmmfbMwkw,CF2,2.6430000000000002
303,_SFGu9-cdEeet0YmmfbMwkw,CF2,2.6430000000000002
304,_SFGu9-cdEeet0YmmfbMwkw,CF2,2.6430000000000002
305,_SEwwnecdEeet0YmmfbMwkw,CF1,3.9131
306,_SEwwnecdEeet0YmmfbMwkw,CF1,3.9131
307,_SEwwnecdEeet0YmmfbMwkw,CF1,3.9131
308,_SFJzc-cdEeet0YmmfbMwkw,CF1,2.21
309,_SFJzc-cdEeet0YmmfbMwkw,CF1,2.21
310,_SFJzc-cdEeet0YmmfbMwkw,CF1,2.21
311,_SFKZzecdEeet0YmmfbMwkw,CF3,3.1641
312,_SFKZzecdEeet0YmmfbMwkw,CF3,3.1641
313,_SFKZzecdEeet0YmmfbMwkw,CF3,3.1641
314,_SFLnUecdEeet0YmmfbMwkw,CF3,4.0431
315,_SFLnUecdEeet0YmmfbMwkw,CF3,4.0431
316,_SFLnUecdEeet0YmmfbMwkw,CF3,4.0431
317,_SFLBNOcdEeet0YmmfbMwkw,CF3,2.658
318,_SFLBNOcdEeet0YmmfbMwkw,CF3,2.658
319,_SFLBNOcdEeet0YmmfbMwkw,CF3,2.658
320,_SFDsDecdEeet0YmmfbMwkw,CF2,2.7601
321,_SFDsDecdEeet0YmmfbMwkw,CF2,2.7601
322,_SFDsDecdEeet0YmmfbMwkw,CF2,2.7601
323,_SFETNucdEeet0YmmfbMwkw,CF1,2.3421
324,_SFETNucdEeet0YmmfbMwkw,CF1,2.3421
325,_SFETNucdEeet0YmmfbMwkw,CF1,2.3421
326,_SFNds-cdEeet0YmmfbMwkw,CF1,2.6639999999999997
327,_SFNds-cdEeet0YmmfbMwkw,CF1,2.6639999999999997
328,_SFNds-cdEeet0YmmfbMwkw,CF1,2.6639999999999997
329,_SFFgtucdEeet0YmmfbMwkw,CF2,2.7651
330,_SFFgtucdEeet0YmmfbMwkw,CF2,2.7651
331,_SFFgtucdEeet0YmmfbMwkw,CF2,2.7651
332,_SE23lOcdEeet0YmmfbMwkw,CF1,3.1501
333,_SE23lOcdEeet0YmmfbMwkw,CF1,3.1501
334,_SE23lOcdEeet0YmmfbMwkw,CF1,3.1501
335,_SE-MhecdEeet0YmmfbMwkw,CF3,5.2342
336,_SE-MhecdEeet0YmmfbMwkw,CF3,5.2342
337,_SE-MhecdEeet0YmmfbMwkw,CF3,5.2342
338,_SFKal-cdEeet0YmmfbMwkw,CF3,2.655
339,_SFKal-cdEeet0YmmfbMwkw,CF3,2.655
340,_SFKal-cdEeet0YmmfbMwkw,CF3,2.655
341,_SFE58ucdEeet0YmmfbMwkw,CF1,2.8834
342,_SFE58ucdEeet0YmmfbMwkw,CF1,2.8834
343,_SFE58ucdEeet0YmmfbMwkw,CF1,2.8834
344,_SE9k1ucdEeet0YmmfbMwkw,CF3,3.8911
345,_SE9k1ucdEeet0YmmfbMwkw,CF3,3.8911
346,_SE9k1ucdEeet0YmmfbMwkw,CF3,3.8911
347,_SFLBB-cdEeet0YmmfbMwkw,CF2,4.0321
348,_SFLBB-cdEeet0YmmfbMwkw,CF2,4.0321
349,_SFLBB-cdEeet0YmmfbMwkw,CF2,4.0321
350,_SFLBB-cdEeet0YmmfbMwkw,CF2,4.0321
351,_SFLBB-cdEeet0YmmfbMwkw,CF2,4.0321
352,_SFLBrucdEeet0YmmfbMwkw,CF3,5.7544
353,_SFLBrucdEeet0YmmfbMwkw,CF3,5.7544
354,_SFLBrucdEeet0YmmfbMwkw,CF3,5.7544
355,_SFLnO-cdEeet0YmmfbMwkw,CF1,4.0411
356,_SFLnO-cdEeet0YmmfbMwkw,CF1,4.0411
357,_SFLnO-cdEeet0YmmfbMwkw,CF1,4.0411
358,_SFLnO-cdEeet0YmmfbMwkw,CF1,4.0411
359,_SFLnO-cdEeet0YmmfbMwkw,CF1,4.0411
360,_SFLnO-cdEeet0YmmfbMwkw,CF1,4.0411
361,_SFLnO-cdEeet0YmmfbMwkw,CF1,4.0411
362,_SFLnO-cdEeet0YmmfbMwkw,CF1,4.0411
363,_SFLnO-cdEeet0YmmfbMwkw,CF1,4.0411
364,_SFBPhucdEeet0YmmfbMwkw,CF2,5.2116
365,_SFBPhucdEeet0YmmfbMwkw,CF2,5.2116
366,_SFBPhucdEeet0YmmfbMwkw,CF2,5.2116
367,_SFBPhucdEeet0YmmfbMwkw,CF2,5.2116
368,_SFGwHecdEeet0YmmfbMwkw,CF1,2.8954
369,_SFGwHecdEeet0YmmfbMwkw,CF1,2.8954
370,_SFGwHecdEeet0YmmfbMwkw,CF1,2.8954
371,_SFNd2ecdEeet0YmmfbMwkw,CF2,2.4789
372,_SFNd2ecdEeet0YmmfbMwkw,CF2,2.4789
373,_SFNd2ecdEeet0YmmfbMwkw,CF2,2.4789
374,_SEyloOcdEeet0YmmfbMwkw,CF2,2.616
375,_SEyloOcdEeet0YmmfbMwkw,CF2,2.616
376,_SEyloOcdEeet0YmmfbMwkw,CF2,2.616
377,_SFS9NecdEeet0YmmfbMwkw,CF2,2.3551
378,_SFS9NecdEeet0YmmfbMwkw,CF2,2.3551
379,_SFS9NecdEeet0YmmfbMwkw,CF2,2.3551
380,_SFMQD-cdEeet0YmmfbMwkw,CF1,4.0531
381,_SFMQD-cdEeet0YmmfbMwkw,CF1,4.0531
382,_SFMQD-cdEeet0YmmfbMwkw,CF1,4.0531
383,_SE_aXOcdEeet0YmmfbMwkw,CF2,6.8419
384,_SE_aXOcdEeet0YmmfbMwkw,CF2,6.8419
385,_SE_aXOcdEeet0YmmfbMwkw,CF2,6.8419
386,_SE_aXOcdEeet0YmmfbMwkw,CF2,6.8419
387,_SE8-WecdEeet0YmmfbMwkw,CF2,2.5980000000000003
388,_SE8-WecdEeet0YmmfbMwkw,CF2,2.5980000000000003
389,_SE8-WecdEeet0YmmfbMwkw,CF2,2.5980000000000003
390,_SE8XfecdEeet0YmmfbMwkw,CF1,3.8891
391,_SE8XfecdEeet0YmmfbMwkw,CF1,3.8891
392,_SE8XfecdEeet0YmmfbMwkw,CF1,3.8891
393,_SFDr3ecdEeet0YmmfbMwkw,CF3,38.7233
394,_SFDr3ecdEeet0YmmfbMwkw,CF3,38.5422
395,_SFFgpOcdEeet0YmmfbMwkw,CF2,2.638
396,_SFFgpOcdEeet0YmmfbMwkw,CF2,2.638
397,_SFFgpOcdEeet0YmmfbMwkw,CF2,2.638
398,_SFFgpOcdEeet0YmmfbMwkw,CF2,2.638
399,_SFFgpOcdEeet0YmmfbMwkw,CF2,2.638
400,_SFFgpOcdEeet0YmmfbMwkw,CF2,2.638
401,_SFJyWecdEeet0YmmfbMwkw,CF2,2.7741
402,_SFJyWecdEeet0YmmfbMwkw,CF2,2.7741
403,_SFJyWecdEeet0YmmfbMwkw,CF2,2.7741
404,_SE8-HecdEeet0YmmfbMwkw,CF1,3.8841
405,_SE8-HecdEeet0YmmfbMwkw,CF1,3.8841
406,_SE8-HecdEeet0YmmfbMwkw,CF1,3.8841
407,_SFApIecdEeet0YmmfbMwkw,CF1,3.9391
408,_SFApIecdEeet0YmmfbMwkw,CF1,3.9391
409,_SFApIecdEeet0YmmfbMwkw,CF1,3.9391
410,_SFCd5ucdEeet0YmmfbMwkw,CF2,2.7551
411,_SFCd5ucdEeet0YmmfbMwkw,CF2,2.7551
412,_SFCd5ucdEeet0YmmfbMwkw,CF2,2.7551
413,_SFETFecdEeet0YmmfbMwkw,CF3,3.9841
414,_SFETFecdEeet0YmmfbMwkw,CF3,3.9841
415,_SFETFecdEeet0YmmfbMwkw,CF3,3.9841
416,_SFLBPucdEeet0YmmfbMwkw,CF2,2.3481
417,_SFLBPucdEeet0YmmfbMwkw,CF2,2.3481
418,_SFLBPucdEeet0YmmfbMwkw,CF2,2.3481
419,_SEz0d-cdEeet0YmmfbMwkw,CF2,2.3411
420,_SEz0d-cdEeet0YmmfbMwkw,CF2,2.3411
421,_SEz0d-cdEeet0YmmfbMwkw,CF2,2.3411
422,_SE6hd-cdEeet0YmmfbMwkw,CF2,2.594
423,_SE6hd-cdEeet0YmmfbMwkw,CF2,2.594
424,_SE6hd-cdEeet0YmmfbMwkw,CF2,2.594
425,_SEvipucdEeet0YmmfbMwkw,CF3,5.2442
426,_SEvipucdEeet0YmmfbMwkw,CF3,5.2442
427,_SEvipucdEeet0YmmfbMwkw,CF3,5.2442
428,_SEvipucdEeet0YmmfbMwkw,CF3,5.2442
429,_SFLBvecdEeet0YmmfbMwkw,CF3,4.0371
430,_SFLBvecdEeet0YmmfbMwkw,CF3,4.0371
431,_SFLBvecdEeet0YmmfbMwkw,CF3,4.0371
432,_SFCeOOcdEeet0YmmfbMwkw,CF3,3.9561
433,_SFCeOOcdEeet0YmmfbMwkw,CF3,3.9561
434,_SFCeOOcdEeet0YmmfbMwkw,CF3,3.9561
435,_SFCeOOcdEeet0YmmfbMwkw,CF3,3.9561
436,_SFCeOOcdEeet0YmmfbMwkw,CF3,3.9561
437,_SFB2oOcdEeet0YmmfbMwkw,CF1,3.9431
438,_SFB2oOcdEeet0YmmfbMwkw,CF1,3.9431
439,_SFB2oOcdEeet0YmmfbMwkw,CF1,3.9431
440,_SFAojecdEeet0YmmfbMwkw,CF1,2.8564
441,_SFAojecdEeet0YmmfbMwkw,CF1,2.8564
442,_SFAojecdEeet0YmmfbMwkw,CF1,2.8564
443,_SFAojecdEeet0YmmfbMwkw,CF1,2.8564
444,_SFAojecdEeet0YmmfbMwkw,CF1,2.8564
445,_SFAojecdEeet0YmmfbMwkw,CF1,2.8564
446,_SFDFc-cdEeet0YmmfbMwkw,CF3,5.6148
447,_SFDFc-cdEeet0YmmfbMwkw,CF3,5.6148
448,_SFLnRecdEeet0YmmfbMwkw,CF2,5.2912
449,_SFLnRecdEeet0YmmfbMwkw,CF2,5.2912
450,_SFLnRecdEeet0YmmfbMwkw,CF2,5.2912
451,_SFLnRecdEeet0YmmfbMwkw,CF2,5.2912
452,_SFLnRecdEeet0YmmfbMwkw,CF2,5.2912
453,_SFLnRecdEeet0YmmfbMwkw,CF2,5.2912
454,_SFDr1ecdEeet0YmmfbMwkw,CF3,3.9641
455,_SFDr1ecdEeet0YmmfbMwkw,CF3,3.9641
456,_SFDr1ecdEeet0YmmfbMwkw,CF3,3.9641
457,_SFDr1ecdEeet0YmmfbMwkw,CF3,3.9641
458,_SFDr1ecdEeet0YmmfbMwkw,CF3,3.9641
459,_SE-zMOcdEeet0YmmfbMwkw,CF1,3.8581
460,_SE-zMOcdEeet0YmmfbMwkw,CF1,3.8581
461,_SFE55ucdEeet0YmmfbMwkw,CF3,3.9731
462,_SFE55ucdEeet0YmmfbMwkw,CF3,3.9731
463,_SFE55ucdEeet0YmmfbMwkw,CF3,3.9731
464,_SEzNFecdEeet0YmmfbMwkw,CF1,71.8879
465,_SEzNFecdEeet0YmmfbMwkw,CF1,71.6886
466,_SEzNFecdEeet0YmmfbMwkw,CF1,71.6886
467,_SEzNFecdEeet0YmmfbMwkw,CF1,71.6886
468,_SEuUcucdEeet0YmmfbMwkw,CF2,2.3371
469,_SEuUcucdEeet0YmmfbMwkw,CF2,2.3371
470,_SEuUcucdEeet0YmmfbMwkw,CF2,2.3371
471,_SFESjOcdEeet0YmmfbMwkw,CF1,2.635
472,_SFESjOcdEeet0YmmfbMwkw,CF1,2.635
473,_SFESjOcdEeet0YmmfbMwkw,CF1,2.635
474,_SE4FWecdEeet0YmmfbMwkw,CF2,43.1746
475,_SE4FWecdEeet0YmmfbMwkw,CF2,43.1746
476,_SE4FWecdEeet0YmmfbMwkw,CF2,43.1746
477,_SFOE5-cdEeet0YmmfbMwkw,CF2,2.4809
478,_SFOE5-cdEeet0YmmfbMwkw,CF2,2.4809
479,_SFOE5-cdEeet0YmmfbMwkw,CF2,2.4809
480,_SFDEt-cdEeet0YmmfbMwkw,CF3,3.9591
481,_SFDEt-cdEeet0YmmfbMwkw,CF3,3.9591
482,_SFDEt-cdEeet0YmmfbMwkw,CF3,3.9591
483,_SFDEt-cdEeet0YmmfbMwkw,CF3,3.9591
484,_SFKZIucdEeet0YmmfbMwkw,CF3,6.6952
485,_SFKZIucdEeet0YmmfbMwkw,CF3,6.6952
486,_SFKZIucdEeet0YmmfbMwkw,CF3,6.6952
487,_SEwwuecdEeet0YmmfbMwkw,CF2,4.1845
488,_SEwwuecdEeet0YmmfbMwkw,CF2,4.1845
489,_SEwwuecdEeet0YmmfbMwkw,CF2,4.1845
490,_SFAop-cdEeet0YmmfbMwkw,CF2,2.622
491,_SFAop-cdEeet0YmmfbMwkw,CF2,2.622
492,_SFAop-cdEeet0YmmfbMwkw,CF2,2.622
493,_SFOFPucdEeet0YmmfbMwkw,CF3,5.3032
494,_SFOFPucdEeet0YmmfbMwkw,CF3,5.3032
495,_SFGInOcdEeet0YmmfbMwkw,CF3,5.2722
496,_SFGInOcdEeet0YmmfbMwkw,CF3,5.2722
497,_SFGInOcdEeet0YmmfbMwkw,CF3,5.2722
498,_SFKaqecdEeet0YmmfbMwkw,CF2,2.7771
499,_SFKaqecdEeet0YmmfbMwkw,CF2,2.7771
500,_SFKaqecdEeet0YmmfbMwkw,CF2,2.7771
501,_SFDsm-cdEeet0YmmfbMwkw,CF2,2.633
502,_SFDsm-cdEeet0YmmfbMwkw,CF2,2.633
503,_SFDsm-cdEeet0YmmfbMwkw,CF2,2.633
504,_SFDsm-cdEeet0YmmfbMwkw,CF2,2.633
505,_SFDsm-cdEeet0YmmfbMwkw,CF2,2.633
506,_SFDsm-cdEeet0YmmfbMwkw,CF2,2.633
507,_SFOER-cdEeet0YmmfbMwkw,CF2,2.4819
508,_SFOER-cdEeet0YmmfbMwkw,CF2,2.4819
509,_SFOER-cdEeet0YmmfbMwkw,CF2,2.4819
510,_SFS8XucdEeet0YmmfbMwkw,CF1,4.0751
511,_SFS8XucdEeet0YmmfbMwkw,CF1,4.0751
512,_SFS8XucdEeet0YmmfbMwkw,CF1,4.0751
513,_SFLosucdEeet0YmmfbMwkw,CF2,2.3491
514,_SFLosucdEeet0YmmfbMwkw,CF2,2.3491
515,_SFLosucdEeet0YmmfbMwkw,CF2,2.3491
516,_SE23vucdEeet0YmmfbMwkw,CF3,2.59
517,_SE23vucdEeet0YmmfbMwkw,CF3,2.59
518,_SE23vucdEeet0YmmfbMwkw,CF3,2.59
519,_SFDs_-cdEeet0YmmfbMwkw,CF1,3.9691
520,_SFDs_-cdEeet0YmmfbMwkw,CF1,3.9691
521,_SFDs_-cdEeet0YmmfbMwkw,CF1,3.9691
522,_SFGvd-cdEeet0YmmfbMwkw,CF1,4.1945
523,_SFGvd-cdEeet0YmmfbMwkw,CF1,4.1945
524,_SFGvd-cdEeet0YmmfbMwkw,CF1,4.1945
525,_SFGvd-cdEeet0YmmfbMwkw,CF1,4.1945
526,_SFGvd-cdEeet0YmmfbMwkw,CF1,4.1945
527,_SFGvd-cdEeet0YmmfbMwkw,CF1,4.1945
528,_SE-z0OcdEeet0YmmfbMwkw,CF3,3.8561
529,_SE-z0OcdEeet0YmmfbMwkw,CF3,3.8561
530,_SE-z0OcdEeet0YmmfbMwkw,CF3,3.8561
531,_SFODducdEeet0YmmfbMwkw,CF1,2.8994
532,_SFODducdEeet0YmmfbMwkw,CF1,2.8994
533,_SFODducdEeet0YmmfbMwkw,CF1,2.8994
534,_SFODkOcdEeet0YmmfbMwkw,CF2,2.667
535,_SFODkOcdEeet0YmmfbMwkw,CF2,2.667
536,_SFODkOcdEeet0YmmfbMwkw,CF2,2.667
537,_SEx_M-cdEeet0YmmfbMwkw,CF1,4.1865
538,_SEx_M-cdEeet0YmmfbMwkw,CF1,4.1865
539,_SEx_M-cdEeet0YmmfbMwkw,CF1,4.1865
540,_SEu7tecdEeet0YmmfbMwkw,CF3,2.6069999999999998
541,_SEu7tecdEeet0YmmfbMwkw,CF3,2.6069999999999998
542,_SEu7tecdEeet0YmmfbMwkw,CF3,2.6069999999999998
543,_SE-L8ecdEeet0YmmfbMwkw,CF3,3.8521
544,_SE-L8ecdEeet0YmmfbMwkw,CF3,3.8521
545,_SE-L8ecdEeet0YmmfbMwkw,CF3,3.8521
546,_SFLn7ecdEeet0YmmfbMwkw,CF3,4.243
547,_SFLn7ecdEeet0YmmfbMwkw,CF3,4.243
548,_SFLn7ecdEeet0YmmfbMwkw,CF3,4.243
549,_SE56uecdEeet0YmmfbMwkw,CF2,2.592
550,_SE56uecdEeet0YmmfbMwkw,CF2,2.592
551,_SE56uecdEeet0YmmfbMwkw,CF2,2.592
552,_SE56qecdEeet0YmmfbMwkw,CF1,2.8604
553,_SE56qecdEeet0YmmfbMwkw,CF1,2.8604
554,_SE56qecdEeet0YmmfbMwkw,CF1,2.8604
555,_SEwwr-cdEeet0YmmfbMwkw,CF3,3.1541
556,_SEwwr-cdEeet0YmmfbMwkw,CF3,3.1541
557,_SEwwr-cdEeet0YmmfbMwkw,CF3,3.1541
558,_SFOEpucdEeet0YmmfbMwkw,CF3,4.246
559,_SFOEpucdEeet0YmmfbMwkw,CF3,4.246
560,_SE_a1OcdEeet0YmmfbMwkw,CF2,3.8961
561,_SE_a1OcdEeet0YmmfbMwkw,CF2,3.8961
562,_SE_a1OcdEeet0YmmfbMwkw,CF2,3.8961
563,_SE_a1OcdEeet0YmmfbMwkw,CF2,3.8961
564,_SExYNOcdEeet0YmmfbMwkw,CF2,5.2502
565,_SExYNOcdEeet0YmmfbMwkw,CF2,5.2502
566,_SExYNOcdEeet0YmmfbMwkw,CF2,5.2502
567,_SExYNOcdEeet0YmmfbMwkw,CF2,5.2502
568,_SFB2xucdEeet0YmmfbMwkw,CF2,2.625
569,_SFB2xucdEeet0YmmfbMwkw,CF2,2.625
570,_SFB2xucdEeet0YmmfbMwkw,CF2,2.625
571,_SFB2xucdEeet0YmmfbMwkw,CF2,2.625
572,_SFB2xucdEeet0YmmfbMwkw,CF2,2.625
573,_SFB2xucdEeet0YmmfbMwkw,CF2,2.625
574,_SE_aPucdEeet0YmmfbMwkw,CF1,3.8991
575,_SE_aPucdEeet0YmmfbMwkw,CF1,3.8991
576,_SE_aPucdEeet0YmmfbMwkw,CF1,3.8991
577,_SFGIqOcdEeet0YmmfbMwkw,CF3,3.9941
578,_SFGIqOcdEeet0YmmfbMwkw,CF3,3.9941
579,_SFGIqOcdEeet0YmmfbMwkw,CF3,3.9941
580,_SEu7mecdEeet0YmmfbMwkw,CF3,3.9041
581,_SEu7mecdEeet0YmmfbMwkw,CF3,3.9041
582,_SEu7mecdEeet0YmmfbMwkw,CF3,3.9041
583,_SFHWA-cdEeet0YmmfbMwkw,CF2,2.7731
584,_SFHWA-cdEeet0YmmfbMwkw,CF2,2.7731
585,_SFHWA-cdEeet0YmmfbMwkw,CF2,2.7731
586,_SE8W-ecdEeet0YmmfbMwkw,CF1,4.1755
587,_SE8W-ecdEeet0YmmfbMwkw,CF1,4.1755
588,_SE8W-ecdEeet0YmmfbMwkw,CF1,4.1755
589,_SE8W-ecdEeet0YmmfbMwkw,CF1,4.1755
590,_SE8W-ecdEeet0YmmfbMwkw,CF1,4.1755
591,_SE8W-ecdEeet0YmmfbMwkw,CF1,4.1755
592,_SEu7sOcdEeet0YmmfbMwkw,CF1,2.605
593,_SEu7sOcdEeet0YmmfbMwkw,CF1,2.605
594,_SEu7sOcdEeet0YmmfbMwkw,CF1,2.605
595,_SFFhyucdEeet0YmmfbMwkw,CF1,2.8884
596,_SFFhyucdEeet0YmmfbMwkw,CF1,2.8884
597,_SFFhyucdEeet0YmmfbMwkw,CF1,2.8884
598,_SFMOz-cdEeet0YmmfbMwkw,CF1,4.0491
599,_SFMOz-cdEeet0YmmfbMwkw,CF1,4.0491
600,_SFMOz-cdEeet0YmmfbMwkw,CF1,4.0491
601,_SEvizucdEeet0YmmfbMwkw,CF2,2.613
602,_SEvizucdEeet0YmmfbMwkw,CF2,2.613
603,_SEvizucdEeet0YmmfbMwkw,CF2,2.613
604,_SFOFcOcdEeet0YmmfbMwkw,CF2,2.673
605,_SFOFcOcdEeet0YmmfbMwkw,CF2,2.673
606,_SFOFcOcdEeet0YmmfbMwkw,CF2,2.673
607,_SFOD_ucdEeet0YmmfbMwkw,CF3,5.3012
608,_SFOD_ucdEeet0YmmfbMwkw,CF3,5.3012
609,_SEwwu-cdEeet0YmmfbMwkw,CF1,50.1595
610,_SEwwu-cdEeet0YmmfbMwkw,CF1,50.3698
611,_SEwwu-cdEeet0YmmfbMwkw,CF1,50.3698
612,_SEwwu-cdEeet0YmmfbMwkw,CF1,50.3698
613,_SEwwu-cdEeet0YmmfbMwkw,CF1,50.3698
614,_SEwwu-cdEeet0YmmfbMwkw,CF1,50.3698
615,_SEwwu-cdEeet0YmmfbMwkw,CF1,50.3698
616,_SFMQLecdEeet0YmmfbMwkw,CF2,6.8699
617,_SFMQLecdEeet0YmmfbMwkw,CF2,6.8699
618,_SFMQLecdEeet0YmmfbMwkw,CF2,6.8699
619,_SE23gucdEeet0YmmfbMwkw,CF3,3.8651
620,_SE23gucdEeet0YmmfbMwkw,CF3,3.8651
621,_SE23gucdEeet0YmmfbMwkw,CF3,3.8651
622,_SFJyvecdEeet0YmmfbMwkw,CF1,3.1621
623,_SFJyvecdEeet0YmmfbMwkw,CF1,3.1621
624,_SFJyvecdEeet0YmmfbMwkw,CF1,3.1621
625,_SFJyvecdEeet0YmmfbMwkw,CF1,3.1621
626,_SE-zLOcdEeet0YmmfbMwkw,CF2,3.1491
627,_SE-zLOcdEeet0YmmfbMwkw,CF2,3.1491
628,_SFABhOcdEeet0YmmfbMwkw,CF1,2.8714
629,_SFABhOcdEeet0YmmfbMwkw,CF1,2.8714
630,_SFABhOcdEeet0YmmfbMwkw,CF1,2.8714
631,_SFS9FOcdEeet0YmmfbMwkw,CF3,4.0781
632,_SFS9FOcdEeet0YmmfbMwkw,CF3,4.0781
633,_SEz0XOcdEeet0YmmfbMwkw,CF1,4.1875
634,_SEz0XOcdEeet0YmmfbMwkw,CF1,4.1875
635,_SEz0XOcdEeet0YmmfbMwkw,CF1,4.1875
636,_SE8-O-cdEeet0YmmfbMwkw,CF1,6.8399
637,_SE8-O-cdEeet0YmmfbMwkw,CF1,6.8399
638,_SE8-O-cdEeet0YmmfbMwkw,CF1,6.8399
639,_SE8-O-cdEeet0YmmfbMwkw,CF1,6.8399
640,_SE8-O-cdEeet0YmmfbMwkw,CF1,6.8399
641,_SE8Xn-cdEeet0YmmfbMwkw,CF1,2.8654
642,_SE8Xn-cdEeet0YmmfbMwkw,CF1,2.8654
643,_SE8Xn-cdEeet0YmmfbMwkw,CF1,2.8654
644,_SFFhMOcdEeet0YmmfbMwkw,CF3,2.208
645,_SFFhMOcdEeet0YmmfbMwkw,CF3,2.208
646,_SFFhMOcdEeet0YmmfbMwkw,CF3,2.208
647,_SEz0cucdEeet0YmmfbMwkw,CF1,2.617
648,_SEz0cucdEeet0YmmfbMwkw,CF1,2.617
649,_SEz0cucdEeet0YmmfbMwkw,CF1,2.617
650,_SEu7xecdEeet0YmmfbMwkw,CF1,2.4599
651,_SEu7xecdEeet0YmmfbMwkw,CF1,2.4599
652,_SEu7xecdEeet0YmmfbMwkw,CF1,2.4599
653,_SFMOXOcdEeet0YmmfbMwkw,CF1,2.661
654,_SFMOXOcdEeet0YmmfbMwkw,CF1,2.661
655,_SFMOXOcdEeet0YmmfbMwkw,CF1,2.661
656,_SExXkecdEeet0YmmfbMwkw,CF3,5.7484
657,_SExXkecdEeet0YmmfbMwkw,CF3,5.7484
658,_SExXkecdEeet0YmmfbMwkw,CF3,5.7484
659,_SFKZXecdEeet0YmmfbMwkw,CF2,2.4689
660,_SFKZXecdEeet0YmmfbMwkw,CF2,2.4689
661,_SFKZXecdEeet0YmmfbMwkw,CF2,2.4689
662,_SFOEIecdEeet0YmmfbMwkw,CF1,2.6689999999999996
663,_SFOEIecdEeet0YmmfbMwkw,CF1,2.6689999999999996
664,_SFOEIecdEeet0YmmfbMwkw,CF1,2.6689999999999996
665,_SFFhCOcdEeet0YmmfbMwkw,CF1,3.9851
666,_SFFhCOcdEeet0YmmfbMwkw,CF1,3.9851
667,_SFFhCOcdEeet0YmmfbMwkw,CF1,3.9851
668,_SFFhCOcdEeet0YmmfbMwkw,CF1,3.9851
669,_SFFhCOcdEeet0YmmfbMwkw,CF1,3.9851
670,_SFFhCOcdEeet0YmmfbMwkw,CF1,3.9851
671,_SFFhCOcdEeet0YmmfbMwkw,CF1,3.9851
672,_SFFhCOcdEeet0YmmfbMwkw,CF1,3.9851
673,_SFFhCOcdEeet0YmmfbMwkw,CF1,3.9851
674,_SFFhCOcdEeet0YmmfbMwkw,CF1,3.9851
675,_SFFhCOcdEeet0YmmfbMwkw,CF1,3.9851
676,_SFDrv-cdEeet0YmmfbMwkw,CF3,3.9661
677,_SFDrv-cdEeet0YmmfbMwkw,CF3,3.9661
678,_SFDrv-cdEeet0YmmfbMwkw,CF3,3.9661
679,_SFCdn-cdEeet0YmmfbMwkw,CF3,27.5165
680,_SFCdn-cdEeet0YmmfbMwkw,CF3,27.3396
681,_SFCdn-cdEeet0YmmfbMwkw,CF3,27.3396
682,_SFCdn-cdEeet0YmmfbMwkw,CF3,27.3396
683,_SFLBxecdEeet0YmmfbMwkw,CF3,7.684
684,_SFLBxecdEeet0YmmfbMwkw,CF3,7.684
685,_SFLBxecdEeet0YmmfbMwkw,CF3,7.684
686,_SFMOS-cdEeet0YmmfbMwkw,CF2,4.2015
687,_SFMOS-cdEeet0YmmfbMwkw,CF2,4.2015
688,_SFMOS-cdEeet0YmmfbMwkw,CF2,4.2015
689,_SFMOS-cdEeet0YmmfbMwkw,CF2,4.2015
690,_SFMOS-cdEeet0YmmfbMwkw,CF2,4.2015
691,_SFMOS-cdEeet0YmmfbMwkw,CF2,4.2015
692,_SFGIQOcdEeet0YmmfbMwkw,CF2,2.7691
693,_SFGIQOcdEeet0YmmfbMwkw,CF2,2.7691
694,_SFGIQOcdEeet0YmmfbMwkw,CF2,2.7691
695,_SE8W5OcdEeet0YmmfbMwkw,CF3,5.7454
696,_SE8W5OcdEeet0YmmfbMwkw,CF3,5.7454
697,_SE8W5OcdEeet0YmmfbMwkw,CF3,5.7454
698,_SEu7uucdEeet0YmmfbMwkw,CF1,2.3351
699,_SEu7uucdEeet0YmmfbMwkw,CF1,2.3351
700,_SEu7uucdEeet0YmmfbMwkw,CF1,2.3351
701,_SE6h_ecdEeet0YmmfbMwkw,CF1,2.8624
702,_SE6h_ecdEeet0YmmfbMwkw,CF1,2.8624
703,_SE6h_ecdEeet0YmmfbMwkw,CF1,2.8624
704,_SEu7jecdEeet0YmmfbMwkw,CF3,5.2432
705,_SEu7jecdEeet0YmmfbMwkw,CF3,5.2432
706,_SEu7jecdEeet0YmmfbMwkw,CF3,5.2432
707,_SEu7jecdEeet0YmmfbMwkw,CF3,5.2432
708,_SE8W8-cdEeet0YmmfbMwkw,CF1,3.8881
709,_SE8W8-cdEeet0YmmfbMwkw,CF1,3.8881
710,_SE8W8-cdEeet0YmmfbMwkw,CF1,3.8881
711,_SFE6hucdEeet0YmmfbMwkw,CF3,3.9791
712,_SFE6hucdEeet0YmmfbMwkw,CF3,3.9791
713,_SFE6hucdEeet0YmmfbMwkw,CF3,3.9791
714,_SFLomecdEeet0YmmfbMwkw,CF2,6.8659
715,_SFLomecdEeet0YmmfbMwkw,CF2,6.8659
716,_SFLomecdEeet0YmmfbMwkw,CF2,6.8659
717,_SFOq5-cdEeet0YmmfbMwkw,CF3,69.4721
718,_SFOq5-cdEeet0YmmfbMwkw,CF3,69.291
719,_SFLn8ecdEeet0YmmfbMwkw,CF2,4.0401
720,_SFLn8ecdEeet0YmmfbMwkw,CF2,4.0401
721,_SFLn8ecdEeet0YmmfbMwkw,CF2,4.0401
722,_SFLn8ecdEeet0YmmfbMwkw,CF2,4.0401
723,_SFGIBOcdEeet0YmmfbMwkw,CF1,3.1591
724,_SFGIBOcdEeet0YmmfbMwkw,CF1,3.1591
725,_SFGIBOcdEeet0YmmfbMwkw,CF1,3.1591
726,_SFGIBOcdEeet0YmmfbMwkw,CF1,3.1591
727,_SE2QdecdEeet0YmmfbMwkw,CF1,4.8494
728,_SE2QdecdEeet0YmmfbMwkw,CF1,4.8494
729,_SE2QdecdEeet0YmmfbMwkw,CF1,4.8494
730,_SFS8dOcdEeet0YmmfbMwkw,CF3,4.0771
731,_SFS8dOcdEeet0YmmfbMwkw,CF3,4.0771
732,_SFGwN-cdEeet0YmmfbMwkw,CF2,2.647
733,_SFGwN-cdEeet0YmmfbMwkw,CF2,2.647
734,_SFGwN-cdEeet0YmmfbMwkw,CF2,2.647
735,_SFGwN-cdEeet0YmmfbMwkw,CF2,2.647
736,_SFGwN-cdEeet0YmmfbMwkw,CF2,2.647
737,_SFGwN-cdEeet0YmmfbMwkw,CF2,2.647
738,_SFHV8ecdEeet0YmmfbMwkw,CF2,2.648
739,_SFHV8ecdEeet0YmmfbMwkw,CF2,2.648
740,_SFHV8ecdEeet0YmmfbMwkw,CF2,2.648
741,_SFACGOcdEeet0YmmfbMwkw,CF3,3.9351
742,_SFACGOcdEeet0YmmfbMwkw,CF3,3.9351
743,_SFACGOcdEeet0YmmfbMwkw,CF3,3.9351
744,_SFBPgOcdEeet0YmmfbMwkw,CF1,3.9481
745,_SFBPgOcdEeet0YmmfbMwkw,CF1,3.9481
746,_SFBPgOcdEeet0YmmfbMwkw,CF1,3.9481
747,_SFB3QOcdEeet0YmmfbMwkw,CF1,3.9461
748,_SFB3QOcdEeet0YmmfbMwkw,CF1,3.9461
749,_SFB3QOcdEeet0YmmfbMwkw,CF1,3.9461
750,_SFJytecdEeet0YmmfbMwkw,CF3,5.2812
751,_SFJytecdEeet0YmmfbMwkw,CF3,5.2812
752,_SFJytecdEeet0YmmfbMwkw,CF3,5.2812
753,_SFLAfecdEeet0YmmfbMwkw,CF2,4.0301
754,_SFLAfecdEeet0YmmfbMwkw,CF2,4.0301
755,_SFLAfecdEeet0YmmfbMwkw,CF2,4.0301
756,_SE-zOOcdEeet0YmmfbMwkw,CF1,26.5952
757,_SE-zOOcdEeet0YmmfbMwkw,CF1,26.5952
758,_SE-zOOcdEeet0YmmfbMwkw,CF1,26.5952
759,_SFLn7ecdEeet0YmmfbMwkw,CF2,3.1681
760,_SFLn7ecdEeet0YmmfbMwkw,CF2,3.1681
761,_SFLn7ecdEeet0YmmfbMwkw,CF2,3.1681
762,_SFLn7ecdEeet0YmmfbMwkw,CF2,3.1681
763,_SFLn7ecdEeet0YmmfbMwkw,CF2,3.1681
764,_SFLn7ecdEeet0YmmfbMwkw,CF2,3.1681
765,_SE-z3OcdEeet0YmmfbMwkw,CF1,2.8574
766,_SE-z3OcdEeet0YmmfbMwkw,CF1,2.8574
767,_SE-z3OcdEeet0YmmfbMwkw,CF1,2.8574
768,_SFHVy-cdEeet0YmmfbMwkw,CF3,4.0061
769,_SFHVy-cdEeet0YmmfbMwkw,CF3,4.0061
770,_SFHVy-cdEeet0YmmfbMwkw,CF3,4.0061
771,_SFES_-cdEeet0YmmfbMwkw,CF3,3.9811
772,_SFES_-cdEeet0YmmfbMwkw,CF3,3.9811
773,_SFES_-cdEeet0YmmfbMwkw,CF3,3.9811
774,_SE7Iq-cdEeet0YmmfbMwkw,CF1,32.5832
775,_SE7Iq-cdEeet0YmmfbMwkw,CF1,32.8228
776,_SE7Iq-cdEeet0YmmfbMwkw,CF1,32.8228
777,_SE7Iq-cdEeet0YmmfbMwkw,CF1,32.8228
778,_SEzNDecdEeet0YmmfbMwkw,CF3,3.9281
779,_SEzNDecdEeet0YmmfbMwkw,CF3,3.9281
780,_SEuUfecdEeet0YmmfbMwkw,CF1,2.4609
781,_SEuUfecdEeet0YmmfbMwkw,CF1,2.4609
782,_SEuUfecdEeet0YmmfbMwkw,CF1,2.4609
783,_SE5TwucdEeet0YmmfbMwkw,CF3,2.194
784,_SE5TwucdEeet0YmmfbMwkw,CF3,2.194
785,_SE5TwucdEeet0YmmfbMwkw,CF3,2.194
786,_SEuUQucdEeet0YmmfbMwkw,CF1,5.7464
787,_SEuUQucdEeet0YmmfbMwkw,CF1,5.7464
788,_SEuUQucdEeet0YmmfbMwkw,CF1,5.7464
789,_SFKaCecdEeet0YmmfbMwkw,CF2,2.7761
790,_SFKaCecdEeet0YmmfbMwkw,CF2,2.7761
791,_SFKaCecdEeet0YmmfbMwkw,CF2,2.7761
792,_SFKZ0ecdEeet0YmmfbMwkw,CF2,4.0151
793,_SFKZ0ecdEeet0YmmfbMwkw,CF2,4.0151
794,_SFKZ0ecdEeet0YmmfbMwkw,CF2,4.0151
795,_SE23HucdEeet0YmmfbMwkw,CF3,2.588
796,_SE23HucdEeet0YmmfbMwkw,CF3,2.588
797,_SE23HucdEeet0YmmfbMwkw,CF3,2.588
798,_SEzM9-cdEeet0YmmfbMwkw,CF1,3.9271
799,_SEzM9-cdEeet0YmmfbMwkw,CF1,3.9271
800,_SEzM9-cdEeet0YmmfbMwkw,CF1,3.9271
801,_SEvinOcdEeet0YmmfbMwkw,CF3,3.9091
802,_SEvinOcdEeet0YmmfbMwkw,CF3,3.9091
803,_SEvinOcdEeet0YmmfbMwkw,CF3,3.9091
804,_SEvinOcdEeet0YmmfbMwkw,CF3,3.9091
805,_SFKZwucdEeet0YmmfbMwkw,CF3,6.2612
806,_SFKZwucdEeet0YmmfbMwkw,CF3,6.2612
807,_SFKZwucdEeet0YmmfbMwkw,CF3,6.2612
808,_SFKaeecdEeet0YmmfbMwkw,CF3,6.8619
809,_SFKaeecdEeet0YmmfbMwkw,CF3,6.8619
810,_SFKaeecdEeet0YmmfbMwkw,CF3,6.8619
811,_SEx-lecdEeet0YmmfbMwkw,CF1,7.9215
812,_SEx-lecdEeet0YmmfbMwkw,CF1,7.9215
813,_SEx-lecdEeet0YmmfbMwkw,CF1,7.9215
814,_SFKacecdEeet0YmmfbMwkw,CF2,4.0251
815,_SFKacecdEeet0YmmfbMwkw,CF2,4.0251
816,_SFKacecdEeet0YmmfbMwkw,CF2,4.0251
817,_SEu7g-cdEeet0YmmfbMwkw,CF3,3.9031
818,_SEu7g-cdEeet0YmmfbMwkw,CF3,3.9031
819,_SFS9xucdEeet0YmmfbMwkw,CF1,2.226
820,_SFS9xucdEeet0YmmfbMwkw,CF1,2.226
821,_SFS9xucdEeet0YmmfbMwkw,CF1,2.226
822,_SFGILucdEeet0YmmfbMwkw,CF2,2.641
823,_SFGILucdEeet0YmmfbMwkw,CF2,2.641
824,_SFGILucdEeet0YmmfbMwkw,CF2,2.641
825,_SFGwLecdEeet0YmmfbMwkw,CF1,2.6460000000000004
826,_SFGwLecdEeet0YmmfbMwkw,CF1,2.6460000000000004
827,_SFGwLecdEeet0YmmfbMwkw,CF1,2.6460000000000004
828,_SFAoa-cdEeet0YmmfbMwkw,CF1,3.9361
829,_SFAoa-cdEeet0YmmfbMwkw,CF1,3.9361
830,_SFAoa-cdEeet0YmmfbMwkw,CF1,3.9361
831,_SFAoa-cdEeet0YmmfbMwkw,CF1,3.9361
832,_SFAoa-cdEeet0YmmfbMwkw,CF1,3.9361
833,_SFAoa-cdEeet0YmmfbMwkw,CF1,3.9361
834,_SFMO7ecdEeet0YmmfbMwkw,CF2,6.8749
835,_SFMO7ecdEeet0YmmfbMwkw,CF2,6.8749
836,_SFMO7ecdEeet0YmmfbMwkw,CF2,6.8749
837,_SFMO7ecdEeet0YmmfbMwkw,CF2,6.8749
838,_SFMO7ecdEeet0YmmfbMwkw,CF2,6.8749
839,_SFMO7ecdEeet0YmmfbMwkw,CF2,6.8749
840,_SFMO7ecdEeet0YmmfbMwkw,CF2,6.8749
841,_SFMO7ecdEeet0YmmfbMwkw,CF2,6.8749
842,_SFMO7ecdEeet0YmmfbMwkw,CF2,6.8749
843,_SE9laucdEeet0YmmfbMwkw,CF1,5.2412
844,_SE9laucdEeet0YmmfbMwkw,CF1,5.2412
845,_SE9laucdEeet0YmmfbMwkw,CF1,5.2412
846,_SFNdqOcdEeet0YmmfbMwkw,CF2,3.2792
847,_SFNdqOcdEeet0YmmfbMwkw,CF2,3.2792
848,_SFNdqOcdEeet0YmmfbMwkw,CF2,3.2792
849,_SFNdqOcdEeet0YmmfbMwkw,CF2,3.2792
850,_SFOFYecdEeet0YmmfbMwkw,CF1,2.6719999999999997
851,_SFOFYecdEeet0YmmfbMwkw,CF1,2.6719999999999997
852,_SFOFYecdEeet0YmmfbMwkw,CF1,2.6719999999999997
853,_SFGu0ecdEeet0YmmfbMwkw,CF1,3.9951
854,_SFGu0ecdEeet0YmmfbMwkw,CF1,3.9951
855,_SFGu0ecdEeet0YmmfbMwkw,CF1,3.9951
856,_SFGu0ecdEeet0YmmfbMwkw,CF1,3.9951
857,_SFGu0ecdEeet0YmmfbMwkw,CF1,3.9951
858,_SFGu0ecdEeet0YmmfbMwkw,CF1,3.9951
859,_SEz0YucdEeet0YmmfbMwkw,CF3,2.8704
860,_SEz0YucdEeet0YmmfbMwkw,CF3,2.8704
861,_SEz0YucdEeet0YmmfbMwkw,CF3,2.8704
862,_SFM27OcdEeet0YmmfbMwkw,CF3,5.7554
863,_SFM27OcdEeet0YmmfbMwkw,CF3,5.7554
864,_SFM27OcdEeet0YmmfbMwkw,CF3,5.7554
865,_SEvio-cdEeet0YmmfbMwkw,CF3,60.5493
866,_SEvio-cdEeet0YmmfbMwkw,CF3,60.3514
867,_SFACAucdEeet0YmmfbMwkw,CF2,3.9341
868,_SFACAucdEeet0YmmfbMwkw,CF2,3.9341
869,_SFACAucdEeet0YmmfbMwkw,CF2,3.9341
870,_SFACAucdEeet0YmmfbMwkw,CF2,3.9341
871,_SFACAucdEeet0YmmfbMwkw,CF2,3.9341
872,_SFACAucdEeet0YmmfbMwkw,CF2,3.9341
873,_SFDr2-cdEeet0YmmfbMwkw,CF3,57.2324
874,_SFDr2-cdEeet0YmmfbMwkw,CF3,57.1002
875,_SFETHecdEeet0YmmfbMwkw,CF3,6.8519
876,_SFETHecdEeet0YmmfbMwkw,CF3,6.8519
877,_SE-Mo-cdEeet0YmmfbMwkw,CF1,1.71
878,_SE-Mo-cdEeet0YmmfbMwkw,CF1,1.71
879,_SE-Mo-cdEeet0YmmfbMwkw,CF1,1.71
880,_SFDFk-cdEeet0YmmfbMwkw,CF2,2.6310000000000002
881,_SFDFk-cdEeet0YmmfbMwkw,CF2,2.6310000000000002
882,_SFDFk-cdEeet0YmmfbMwkw,CF2,2.6310000000000002
883,_SFDFk-cdEeet0YmmfbMwkw,CF2,2.6310000000000002
884,_SFDFk-cdEeet0YmmfbMwkw,CF2,2.6310000000000002
885,_SFDFk-cdEeet0YmmfbMwkw,CF2,2.6310000000000002
886,_SFKaW-cdEeet0YmmfbMwkw,CF3,4.0231
887,_SFKaW-cdEeet0YmmfbMwkw,CF3,4.0231
888,_SFKaW-cdEeet0YmmfbMwkw,CF3,4.0231
889,_SFTjB-cdEeet0YmmfbMwkw,CF3,2.5404
890,_SFTjB-cdEeet0YmmfbMwkw,CF3,2.5404
891,_SFKZ7ecdEeet0YmmfbMwkw,CF1,2.6519999999999997
892,_SFKZ7ecdEeet0YmmfbMwkw,CF1,2.6519999999999997
893,_SFKZ7ecdEeet0YmmfbMwkw,CF1,2.6519999999999997
894,_SFDFaecdEeet0YmmfbMwkw,CF3,4.239
895,_SFDFaecdEeet0YmmfbMwkw,CF3,4.239
896,_SFMPBucdEeet0YmmfbMwkw,CF2,2.3501
897,_SFMPBucdEeet0YmmfbMwkw,CF2,2.3501
898,_SFMPBucdEeet0YmmfbMwkw,CF2,2.3501
899,_SFM1w-cdEeet0YmmfbMwkw,CF2,6.8669
900,_SFM1w-cdEeet0YmmfbMwkw,CF2,6.8669
901,_SFM1w-cdEeet0YmmfbMwkw,CF2,6.8669
902,_SE-zPOcdEeet0YmmfbMwkw,CF1,2.8584
903,_SE-zPOcdEeet0YmmfbMwkw,CF1,2.8584
904,_SE-zPOcdEeet0YmmfbMwkw,CF1,2.8584
905,_SE2QYOcdEeet0YmmfbMwkw,CF1,6.2582
906,_SE2QYOcdEeet0YmmfbMwkw,CF1,6.2582
907,_SE2QYOcdEeet0YmmfbMwkw,CF1,6.2582
908,_SFOD9OcdEeet0YmmfbMwkw,CF1,4.0611
909,_SFOD9OcdEeet0YmmfbMwkw,CF1,4.0611
910,_SFOD9OcdEeet0YmmfbMwkw,CF1,4.0611
911,_SFOq5ecdEeet0YmmfbMwkw,CF3,50.0954
912,_SFOq5ecdEeet0YmmfbMwkw,CF3,49.9632
913,_SE23mOcdEeet0YmmfbMwkw,CF1,3.8661
914,_SE23mOcdEeet0YmmfbMwkw,CF1,3.8661
915,_SE23mOcdEeet0YmmfbMwkw,CF1,3.8661
916,_SE23mOcdEeet0YmmfbMwkw,CF1,3.8661
917,_SE23mOcdEeet0YmmfbMwkw,CF1,3.8661
918,_SE23mOcdEeet0YmmfbMwkw,CF1,3.8661
919,_SE-zMOcdEeet0YmmfbMwkw,CF2,3.8591
920,_SE-zMOcdEeet0YmmfbMwkw,CF2,3.8591
921,_SExYMecdEeet0YmmfbMwkw,CF1,5.7494
922,_SExYMecdEeet0YmmfbMwkw,CF1,5.7494
923,_SExYMecdEeet0YmmfbMwkw,CF1,5.7494
924,_SFLAcecdEeet0YmmfbMwkw,CF1,5.2862
925,_SFLAcecdEeet0YmmfbMwkw,CF1,5.2862
926,_SFLAcecdEeet0YmmfbMwkw,CF1,5.2862
927,_SFJyC-cdEeet0YmmfbMwkw,CF3,4.0081
928,_SFJyC-cdEeet0YmmfbMwkw,CF3,4.0081
929,_SFJyC-cdEeet0YmmfbMwkw,CF3,4.0081
930,_SE_a3ucdEeet0YmmfbMwkw,CF1,3.8971
931,_SE_a3ucdEeet0YmmfbMwkw,CF1,3.8971
932,_SE_a3ucdEeet0YmmfbMwkw,CF1,3.8971
933,_SE-zTOcdEeet0YmmfbMwkw,CF2,2.585
934,_SE-zTOcdEeet0YmmfbMwkw,CF2,2.585
935,_SE-zTOcdEeet0YmmfbMwkw,CF2,2.585
936,_SFGH8ucdEeet0YmmfbMwkw,CF1,3.9901
937,_SFGH8ucdEeet0YmmfbMwkw,CF1,3.9901
938,_SFGH8ucdEeet0YmmfbMwkw,CF1,3.9901
939,_SE-MjecdEeet0YmmfbMwkw,CF3,4.23
940,_SE-MjecdEeet0YmmfbMwkw,CF3,4.23
941,_SE-MjecdEeet0YmmfbMwkw,CF3,4.23
942,_SFLBDucdEeet0YmmfbMwkw,CF3,6.2642
943,_SFLBDucdEeet0YmmfbMwkw,CF3,6.2642
944,_SFLBDucdEeet0YmmfbMwkw,CF3,6.2642
945,_SFHV1-cdEeet0YmmfbMwkw,CF1,2.8964
946,_SFHV1-cdEeet0YmmfbMwkw,CF1,2.8964
947,_SFHV1-cdEeet0YmmfbMwkw,CF1,2.8964
948,_SFDFBecdEeet0YmmfbMwkw,CF2,2.7581
949,_SFDFBecdEeet0YmmfbMwkw,CF2,2.7581
950,_SFDFBecdEeet0YmmfbMwkw,CF2,2.7581
951,_SFCeQucdEeet0YmmfbMwkw,CF3,5.2592
952,_SFCeQucdEeet0YmmfbMwkw,CF3,5.2592
953,_SFCeQucdEeet0YmmfbMwkw,CF3,5.2592
954,_SFCeQucdEeet0YmmfbMwkw,CF3,5.2592
955,_SFCeQucdEeet0YmmfbMwkw,CF3,5.2592
956,_SE6h2-cdEeet0YmmfbMwkw,CF1,3.8761
957,_SE6h2-cdEeet0YmmfbMwkw,CF1,3.8761
958,_SE6h2-cdEeet0YmmfbMwkw,CF1,3.8761
959,_SFDEU-cdEeet0YmmfbMwkw,CF2,2.63
960,_SFDEU-cdEeet0YmmfbMwkw,CF2,2.63
961,_SFDEU-cdEeet0YmmfbMwkw,CF2,2.63
962,_SFDEU-cdEeet0YmmfbMwkw,CF2,2.63
963,_SFDEU-cdEeet0YmmfbMwkw,CF2,2.63
964,_SFDEU-cdEeet0YmmfbMwkw,CF2,2.63
965,_SFBPjOcdEeet0YmmfbMwkw,CF1,2.8764
966,_SFBPjOcdEeet0YmmfbMwkw,CF1,2.8764
967,_SFBPjOcdEeet0YmmfbMwkw,CF1,2.8764
968,_SFJyzecdEeet0YmmfbMwkw,CF1,2.8974
969,_SFJyzecdEeet0YmmfbMwkw,CF1,2.8974
970,_SFJyzecdEeet0YmmfbMwkw,CF1,2.8974
971,_SE9kwOcdEeet0YmmfbMwkw,CF1,3.8921
972,_SE9kwOcdEeet0YmmfbMwkw,CF1,3.8921
973,_SE9kwOcdEeet0YmmfbMwkw,CF1,3.8921
974,_SE9kwOcdEeet0YmmfbMwkw,CF1,3.8921
975,_SE9kwOcdEeet0YmmfbMwkw,CF1,3.8921
976,_SE9kwOcdEeet0YmmfbMwkw,CF1,3.8921
977,_SE9kwOcdEeet0YmmfbMwkw,CF1,3.8921
978,_SFCeTucdEeet0YmmfbMwkw,CF3,3.9571
979,_SFCeTucdEeet0YmmfbMwkw,CF3,3.9571
980,_SFCeTucdEeet0YmmfbMwkw,CF3,3.9571
981,_SFCeTucdEeet0YmmfbMwkw,CF3,3.9571
982,_SFKZ2ecdEeet0YmmfbMwkw,CF2,6.8569
983,_SFKZ2ecdEeet0YmmfbMwkw,CF2,6.8569
984,_SEymFucdEeet0YmmfbMwkw,CF3,44.0336
985,_SEymFucdEeet0YmmfbMwkw,CF3,43.794
986,_SFS-WucdEeet0YmmfbMwkw,CF3,59.8187
987,_SFS-WucdEeet0YmmfbMwkw,CF3,59.656000000000006
988,_SFLBz-cdEeet0YmmfbMwkw,CF3,2.221
989,_SFLBz-cdEeet0YmmfbMwkw,CF3,2.221
990,_SFLBz-cdEeet0YmmfbMwkw,CF3,2.221
991,_SFS97OcdEeet0YmmfbMwkw,CF2,2.7791
992,_SFS97OcdEeet0YmmfbMwkw,CF2,2.7791
993,_SFS97OcdEeet0YmmfbMwkw,CF2,2.7791
994,_SFLAXecdEeet0YmmfbMwkw,CF2,4.0271
995,_SFLAXecdEeet0YmmfbMwkw,CF2,4.0271
996,_SFLAXecdEeet0YmmfbMwkw,CF2,4.0271
997,_SFLAXecdEeet0YmmfbMwkw,CF2,4.0271
998,_SFLBB-cdEeet0YmmfbMwkw,CF3,4.0331
999,_SFLBB-cdEeet0YmmfbMwkw,CF3,4.0331
1000,_SFLBB-cdEeet0YmmfbMwkw,CF3,4.0331
1001,_SFLn5ecdEeet0YmmfbMwkw,CF3,5.2902
1002,_SFLn5ecdEeet0YmmfbMwkw,CF3,5.2902
1003,_SFLn5ecdEeet0YmmfbMwkw,CF3,5.2902
1004,_SFLnUecdEeet0YmmfbMwkw,CF1,4.0421
1005,_SFLnUecdEeet0YmmfbMwkw,CF1,4.0421
1006,_SFLnUecdEeet0YmmfbMwkw,CF1,4.0421
1007,_SFS91ecdEeet0YmmfbMwkw,CF2,2.3541
1008,_SFS91ecdEeet0YmmfbMwkw,CF2,2.3541
1009,_SFS91ecdEeet0YmmfbMwkw,CF2,2.3541
1010,_SFGvcecdEeet0YmmfbMwkw,CF3,4.0011
1011,_SFGvcecdEeet0YmmfbMwkw,CF3,4.0011
1012,_SFGvcecdEeet0YmmfbMwkw,CF3,4.0011
1013,_SE5TtucdEeet0YmmfbMwkw,CF1,4.1745
1014,_SE5TtucdEeet0YmmfbMwkw,CF1,4.1745
1015,_SE5TtucdEeet0YmmfbMwkw,CF1,4.1745
1016,_SE2Qd-cdEeet0YmmfbMwkw,CF1,6.8379
1017,_SE2Qd-cdEeet0YmmfbMwkw,CF1,6.8379
1018,_SE2Qd-cdEeet0YmmfbMwkw,CF1,6.8379
1019,_SFOsK-cdEeet0YmmfbMwkw,CF3,3.2842
1020,_SFOsK-cdEeet0YmmfbMwkw,CF3,3.2842
1021,_SFCeSucdEeet0YmmfbMwkw,CF3,4.237
1022,_SFCeSucdEeet0YmmfbMwkw,CF3,4.237
1023,_SE3epOcdEeet0YmmfbMwkw,CF3,2.591
1024,_SE3epOcdEeet0YmmfbMwkw,CF3,2.591
1025,_SE3epOcdEeet0YmmfbMwkw,CF3,2.591
1026,_SFMPZecdEeet0YmmfbMwkw,CF2,4.0501
1027,_SFMPZecdEeet0YmmfbMwkw,CF2,4.0501
1028,_SFMPZecdEeet0YmmfbMwkw,CF2,4.0501
1029,_SFMPZecdEeet0YmmfbMwkw,CF2,4.0501
1030,_SFMPZecdEeet0YmmfbMwkw,CF2,4.0501
1031,_SFMPZecdEeet0YmmfbMwkw,CF2,4.0501
1032,_SFOrc-cdEeet0YmmfbMwkw,CF1,5.3052
1033,_SFOrc-cdEeet0YmmfbMwkw,CF1,5.3052
1034,_SFOrc-cdEeet0YmmfbMwkw,CF1,5.3052
1035,_SE-MhecdEeet0YmmfbMwkw,CF1,5.2322
1036,_SE-MhecdEeet0YmmfbMwkw,CF1,5.2322
1037,_SE-MhecdEeet0YmmfbMwkw,CF1,5.2322
1038,_SE-MhecdEeet0YmmfbMwkw,CF1,5.2322
1039,_SE-MhecdEeet0YmmfbMwkw,CF1,5.2322
1040,_SE1B8ucdEeet0YmmfbMwkw,CF3,5.7414
1041,_SE1B8ucdEeet0YmmfbMwkw,CF3,5.7414
1042,_SE1B8ucdEeet0YmmfbMwkw,CF3,5.7414
1043,_SFE6ZucdEeet0YmmfbMwkw,CF1,3.9751
1044,_SFE6ZucdEeet0YmmfbMwkw,CF1,3.9751
1045,_SFE6ZucdEeet0YmmfbMwkw,CF1,3.9751
1046,_SFE6ZucdEeet0YmmfbMwkw,CF1,3.9751
1047,_SEvi5OcdEeet0YmmfbMwkw,CF2,2.199
1048,_SEvi5OcdEeet0YmmfbMwkw,CF2,2.199
1049,_SEvi5OcdEeet0YmmfbMwkw,CF2,2.199
1050,_SFDFYecdEeet0YmmfbMwkw,CF3,5.2612
1051,_SFDFYecdEeet0YmmfbMwkw,CF3,5.2612
1052,_SFDFYecdEeet0YmmfbMwkw,CF3,5.2612
1053,_SFDFYecdEeet0YmmfbMwkw,CF3,5.2612
1054,_SFDFYecdEeet0YmmfbMwkw,CF3,5.2612
1055,_SFOEMOcdEeet0YmmfbMwkw,CF2,2.67
1056,_SFOEMOcdEeet0YmmfbMwkw,CF2,2.67
1057,_SFOEMOcdEeet0YmmfbMwkw,CF2,2.67
1058,_SFJzYecdEeet0YmmfbMwkw,CF3,4.0141
1059,_SFJzYecdEeet0YmmfbMwkw,CF3,4.0141
1060,_SFJzYecdEeet0YmmfbMwkw,CF3,4.0141
1061,_SE9lYOcdEeet0YmmfbMwkw,CF3,3.8941
1062,_SE9lYOcdEeet0YmmfbMwkw,CF3,3.8941
1063,_SE9lYOcdEeet0YmmfbMwkw,CF3,3.8941
1064,_SFSWPecdEeet0YmmfbMwkw,CF3,4.25
1065,_SFSWPecdEeet0YmmfbMwkw,CF3,4.25
1066,_SFM2V-cdEeet0YmmfbMwkw,CF2,3.1711
1067,_SFM2V-cdEeet0YmmfbMwkw,CF2,3.1711
1068,_SFM2V-cdEeet0YmmfbMwkw,CF2,3.1711
1069,_SFM2V-cdEeet0YmmfbMwkw,CF2,3.1711
1070,_SFODgecdEeet0YmmfbMwkw,CF2,3.0484
1071,_SFODgecdEeet0YmmfbMwkw,CF2,3.0484
1072,_SFODgecdEeet0YmmfbMwkw,CF2,3.0484
1073,_SExXpucdEeet0YmmfbMwkw,CF1,4.1855
1074,_SExXpucdEeet0YmmfbMwkw,CF1,4.1855
1075,_SExXpucdEeet0YmmfbMwkw,CF1,4.1855
1076,_SExXpucdEeet0YmmfbMwkw,CF1,4.1855
1077,_SExXpucdEeet0YmmfbMwkw,CF1,4.1855
1078,_SExXpucdEeet0YmmfbMwkw,CF1,4.1855
1079,_SEz0SucdEeet0YmmfbMwkw,CF1,5.2542
1080,_SEz0SucdEeet0YmmfbMwkw,CF1,5.2542
1081,_SEz0SucdEeet0YmmfbMwkw,CF1,5.2542
1082,_SFLnRecdEeet0YmmfbMwkw,CF3,5.2922
1083,_SFLnRecdEeet0YmmfbMwkw,CF3,5.2922
1084,_SFLnRecdEeet0YmmfbMwkw,CF3,5.2922
1085,_SE56necdEeet0YmmfbMwkw,CF3,3.8711
1086,_SE56necdEeet0YmmfbMwkw,CF3,3.8711
1087,_SE56necdEeet0YmmfbMwkw,CF3,3.8711
1088,_SEymC-cdEeet0YmmfbMwkw,CF1,5.7504
1089,_SEymC-cdEeet0YmmfbMwkw,CF1,5.7504
1090,_SEymC-cdEeet0YmmfbMwkw,CF1,5.7504
1091,_SFOEFucdEeet0YmmfbMwkw,CF1,2.9004
1092,_SFOEFucdEeet0YmmfbMwkw,CF1,2.9004
1093,_SFOEFucdEeet0YmmfbMwkw,CF1,2.9004
1094,_SFABWOcdEeet0YmmfbMwkw,CF2,3.9291
1095,_SFABWOcdEeet0YmmfbMwkw,CF2,3.9291
1096,_SFABWOcdEeet0YmmfbMwkw,CF2,3.9291
1097,_SFABWOcdEeet0YmmfbMwkw,CF2,3.9291
1098,_SFABWOcdEeet0YmmfbMwkw,CF2,3.9291
1099,_SFABWOcdEeet0YmmfbMwkw,CF2,3.9291
1100,_SFS9HOcdEeet0YmmfbMwkw,CF3,69.6002
1101,_SFS9HOcdEeet0YmmfbMwkw,CF3,69.4191
1102,_SFDsX-cdEeet0YmmfbMwkw,CF3,3.9681
1103,_SFDsX-cdEeet0YmmfbMwkw,CF3,3.9681
1104,_SFDsX-cdEeet0YmmfbMwkw,CF3,3.9681
1105,_SFCeOOcdEeet0YmmfbMwkw,CF1,3.9551
1106,_SFCeOOcdEeet0YmmfbMwkw,CF1,3.9551
1107,_SFCeOOcdEeet0YmmfbMwkw,CF1,3.9551
1108,_SFGwEecdEeet0YmmfbMwkw,CF3,4.0021
1109,_SFGwEecdEeet0YmmfbMwkw,CF3,4.0021
1110,_SFGwEecdEeet0YmmfbMwkw,CF3,4.0021
1111,_SFLAZ-cdEeet0YmmfbMwkw,CF2,4.0281
1112,_SFLAZ-cdEeet0YmmfbMwkw,CF2,4.0281
1113,_SFLAZ-cdEeet0YmmfbMwkw,CF2,4.0281
1114,_SFLAZ-cdEeet0YmmfbMwkw,CF2,4.0281
1115,_SFOrhecdEeet0YmmfbMwkw,CF3,54.2158
1116,_SFOrhecdEeet0YmmfbMwkw,CF3,54.0703
1117,_SFGwPecdEeet0YmmfbMwkw,CF3,2.4659
1118,_SFGwPecdEeet0YmmfbMwkw,CF3,2.4659
1119,_SFGwPecdEeet0YmmfbMwkw,CF3,2.4659
1120,_SFABYucdEeet0YmmfbMwkw,CF2,3.9311
1121,_SFABYucdEeet0YmmfbMwkw,CF2,3.9311
1122,_SFABYucdEeet0YmmfbMwkw,CF2,3.9311
1123,_SFABYucdEeet0YmmfbMwkw,CF2,3.9311
1124,_SFLpG-cdEeet0YmmfbMwkw,CF1,4.0461
1125,_SFLpG-cdEeet0YmmfbMwkw,CF1,4.0461
1126,_SFLpG-cdEeet0YmmfbMwkw,CF1,4.0461
1127,_SFFhVucdEeet0YmmfbMwkw,CF2,2.7661
1128,_SFFhVucdEeet0YmmfbMwkw,CF2,2.7661
1129,_SFFhVucdEeet0YmmfbMwkw,CF2,2.7661
1130,_SFOFSucdEeet0YmmfbMwkw,CF3,4.0671
1131,_SFOFSucdEeet0YmmfbMwkw,CF3,4.0671
1132,_SFS8hucdEeet0YmmfbMwkw,CF1,2.224
1133,_SFS8hucdEeet0YmmfbMwkw,CF1,2.224
1134,_SFS8hucdEeet0YmmfbMwkw,CF1,2.224
1135,_SFBPiOcdEeet0YmmfbMwkw,CF2,7.683
1136,_SFBPiOcdEeet0YmmfbMwkw,CF2,7.683
1137,_SE1CB-cdEeet0YmmfbMwkw,CF1,4.1715
1138,_SE1CB-cdEeet0YmmfbMwkw,CF1,4.1715
1139,_SE1CB-cdEeet0YmmfbMwkw,CF1,4.1715
1140,_SFDFbecdEeet0YmmfbMwkw,CF3,3.9631
1141,_SFDFbecdEeet0YmmfbMwkw,CF3,3.9631
1142,_SFDFbecdEeet0YmmfbMwkw,CF3,3.9631
1143,_SFDFbecdEeet0YmmfbMwkw,CF3,3.9631
1144,_SFDFbecdEeet0YmmfbMwkw,CF3,3.9631
1145,_SExYKucdEeet0YmmfbMwkw,CF1,3.9191
1146,_SExYKucdEeet0YmmfbMwkw,CF1,3.9191
1147,_SExYKucdEeet0YmmfbMwkw,CF1,3.9191
1148,_SEuUY-cdEeet0YmmfbMwkw,CF1,2.198
1149,_SEuUY-cdEeet0YmmfbMwkw,CF1,2.198
1150,_SEuUY-cdEeet0YmmfbMwkw,CF1,2.198
1151,_SFCeP-cdEeet0YmmfbMwkw,CF3,81.2685
1152,_SFCeP-cdEeet0YmmfbMwkw,CF3,81.0916
1153,_SFLozucdEeet0YmmfbMwkw,CF2,2.4749
1154,_SFLozucdEeet0YmmfbMwkw,CF2,2.4749
1155,_SFLozucdEeet0YmmfbMwkw,CF2,2.4749
1156,_SFGvl-cdEeet0YmmfbMwkw,CF2,2.6439999999999997
1157,_SFGvl-cdEeet0YmmfbMwkw,CF2,2.6439999999999997
1158,_SFGvl-cdEeet0YmmfbMwkw,CF2,2.6439999999999997
1159,_SFE50OcdEeet0YmmfbMwkw,CF1,3.9721
1160,_SFE50OcdEeet0YmmfbMwkw,CF1,3.9721
1161,_SFE50OcdEeet0YmmfbMwkw,CF1,3.9721
1162,_SFE50OcdEeet0YmmfbMwkw,CF1,3.9721
1163,_SFE50OcdEeet0YmmfbMwkw,CF1,3.9721
1164,_SFE50OcdEeet0YmmfbMwkw,CF1,3.9721
1165,_SE9k_OcdEeet0YmmfbMwkw,CF2,2.6010000000000004
1166,_SE9k_OcdEeet0YmmfbMwkw,CF2,2.6010000000000004
1167,_SE9k_OcdEeet0YmmfbMwkw,CF2,2.6010000000000004
1168,_SFMQV-cdEeet0YmmfbMwkw,CF3,2.2230000000000003
1169,_SFMQV-cdEeet0YmmfbMwkw,CF3,2.2230000000000003
1170,_SFMQV-cdEeet0YmmfbMwkw,CF3,2.2230000000000003
1171,_SEwJ8-cdEeet0YmmfbMwkw,CF2,2.7541
1172,_SEwJ8-cdEeet0YmmfbMwkw,CF2,2.7541
1173,_SEwJ8-cdEeet0YmmfbMwkw,CF2,2.7541
1174,_SFKaUecdEeet0YmmfbMwkw,CF2,4.0221
1175,_SFKaUecdEeet0YmmfbMwkw,CF2,4.0221
1176,_SFKaUecdEeet0YmmfbMwkw,CF2,4.0221
1177,_SFLB1OcdEeet0YmmfbMwkw,CF3,3.0474
1178,_SFLB1OcdEeet0YmmfbMwkw,CF3,3.0474
1179,_SFLB1OcdEeet0YmmfbMwkw,CF3,3.0474
1180,_SE0bNecdEeet0YmmfbMwkw,CF1,5.7404
1181,_SE0bNecdEeet0YmmfbMwkw,CF1,5.7404
1182,_SE0bNecdEeet0YmmfbMwkw,CF1,5.7404
1183,_SExYNOcdEeet0YmmfbMwkw,CF3,5.2512
1184,_SExYNOcdEeet0YmmfbMwkw,CF3,5.2512
1185,_SExYNOcdEeet0YmmfbMwkw,CF3,5.2512
1186,_SEviuucdEeet0YmmfbMwkw,CF2,7.9205
1187,_SEviuucdEeet0YmmfbMwkw,CF2,7.9205
1188,_SEviuucdEeet0YmmfbMwkw,CF2,7.9205
1189,_SE57SecdEeet0YmmfbMwkw,CF1,2.8614
1190,_SE57SecdEeet0YmmfbMwkw,CF1,2.8614
1191,_SE57SecdEeet0YmmfbMwkw,CF1,2.8614
1192,_SEx_TucdEeet0YmmfbMwkw,CF1,2.3401
1193,_SEx_TucdEeet0YmmfbMwkw,CF1,2.3401
1194,_SEx_TucdEeet0YmmfbMwkw,CF1,2.3401
1195,_SFOFRucdEeet0YmmfbMwkw,CF1,3.1761
1196,_SFOFRucdEeet0YmmfbMwkw,CF1,3.1761
1197,_SFOFRucdEeet0YmmfbMwkw,CF1,3.1761
1198,_SFApM-cdEeet0YmmfbMwkw,CF1,2.2030000000000003
1199,_SFApM-cdEeet0YmmfbMwkw,CF1,2.2030000000000003
1200,_SFApM-cdEeet0YmmfbMwkw,CF1,2.2030000000000003
1201,_SFFh5OcdEeet0YmmfbMwkw,CF2,2.639
1202,_SFFh5OcdEeet0YmmfbMwkw,CF2,2.639
1203,_SFFh5OcdEeet0YmmfbMwkw,CF2,2.639
1204,_SE1B9ecdEeet0YmmfbMwkw,CF2,5.2362
1205,_SE1B9ecdEeet0YmmfbMwkw,CF2,5.2362
1206,_SE1B9ecdEeet0YmmfbMwkw,CF2,5.2362
1207,_SFGu3ecdEeet0YmmfbMwkw,CF3,2.8934
1208,_SFGu3ecdEeet0YmmfbMwkw,CF3,2.8934
1209,_SFGu3ecdEeet0YmmfbMwkw,CF3,2.8934
1210,_SEvixOcdEeet0YmmfbMwkw,CF2,2.202
1211,_SEvixOcdEeet0YmmfbMwkw,CF2,2.202
1212,_SEvixOcdEeet0YmmfbMwkw,CF2,2.202
1213,_SE9lducdEeet0YmmfbMwkw,CF3,3.8951
1214,_SE9lducdEeet0YmmfbMwkw,CF3,3.8951
1215,_SE9lducdEeet0YmmfbMwkw,CF3,3.8951
1216,_SFLol-cdEeet0YmmfbMwkw,CF2,4.1995
1217,_SFLol-cdEeet0YmmfbMwkw,CF2,4.1995
1218,_SFLol-cdEeet0YmmfbMwkw,CF2,4.1995
1219,_SFLol-cdEeet0YmmfbMwkw,CF2,4.1995
1220,_SFJysucdEeet0YmmfbMwkw,CF1,6.6932
1221,_SFJysucdEeet0YmmfbMwkw,CF1,6.6932
1222,_SFJysucdEeet0YmmfbMwkw,CF1,6.6932
1223,_SFESgecdEeet0YmmfbMwkw,CF1,2.8854
1224,_SFESgecdEeet0YmmfbMwkw,CF1,2.8854
1225,_SFESgecdEeet0YmmfbMwkw,CF1,2.8854
1226,_SFSWQecdEeet0YmmfbMwkw,CF1,4.0881
1227,_SFSWQecdEeet0YmmfbMwkw,CF1,4.0881
1228,_SFSWQecdEeet0YmmfbMwkw,CF1,4.0881
1229,_SFKabecdEeet0YmmfbMwkw,CF3,3.1651
1230,_SFKabecdEeet0YmmfbMwkw,CF3,3.1651
1231,_SFKabecdEeet0YmmfbMwkw,CF3,3.1651
1232,_SFOEpucdEeet0YmmfbMwkw,CF1,3.1751
1233,_SFOEpucdEeet0YmmfbMwkw,CF1,3.1751
1234,_SFOEpucdEeet0YmmfbMwkw,CF1,3.1751
1235,_SFE6cOcdEeet0YmmfbMwkw,CF3,3.9781
1236,_SFE6cOcdEeet0YmmfbMwkw,CF3,3.9781
1237,_SFE6cOcdEeet0YmmfbMwkw,CF3,3.9781
1238,_SFFhEucdEeet0YmmfbMwkw,CF3,5.2692
1239,_SFFhEucdEeet0YmmfbMwkw,CF3,5.2692
1240,_SFFhEucdEeet0YmmfbMwkw,CF3,5.2692
1241,_SE6h8ecdEeet0YmmfbMwkw,CF3,3.8771
1242,_SE6h8ecdEeet0YmmfbMwkw,CF3,3.8771
1243,_SE6h8ecdEeet0YmmfbMwkw,CF3,3.8771
1244,_SFFhr-cdEeet0YmmfbMwkw,CF3,6.6922
1245,_SFFhr-cdEeet0YmmfbMwkw,CF3,6.6922
1246,_SFFhr-cdEeet0YmmfbMwkw,CF3,6.6922
1247,_SFCeWucdEeet0YmmfbMwkw,CF1,2.8784
1248,_SFCeWucdEeet0YmmfbMwkw,CF1,2.8784
1249,_SFCeWucdEeet0YmmfbMwkw,CF1,2.8784
1250,_SFBPpucdEeet0YmmfbMwkw,CF2,2.627
1251,_SFBPpucdEeet0YmmfbMwkw,CF2,2.627
1252,_SFBPpucdEeet0YmmfbMwkw,CF2,2.627
1253,_SFKao-cdEeet0YmmfbMwkw,CF2,2.217
1254,_SFKao-cdEeet0YmmfbMwkw,CF2,2.217
1255,_SFKao-cdEeet0YmmfbMwkw,CF2,2.217
1256,_SFS9COcdEeet0YmmfbMwkw,CF3,5.3082
1257,_SFS9COcdEeet0YmmfbMwkw,CF3,5.3082
1258,_SFS9COcdEeet0YmmfbMwkw,CF3,5.3082
1259,_SFS9COcdEeet0YmmfbMwkw,CF3,5.3082
1260,_SEvisucdEeet0YmmfbMwkw,CF3,3.9101
1261,_SEvisucdEeet0YmmfbMwkw,CF3,3.9101
1262,_SEvisucdEeet0YmmfbMwkw,CF3,3.9101
1263,_SFSVCecdEeet0YmmfbMwkw,CF3,6.8739
1264,_SFSVCecdEeet0YmmfbMwkw,CF3,6.8739
1265,_SEu7v-cdEeet0YmmfbMwkw,CF2,2.608
1266,_SEu7v-cdEeet0YmmfbMwkw,CF2,2.608
1267,_SEu7v-cdEeet0YmmfbMwkw,CF2,2.608
1268,_SFMPb-cdEeet0YmmfbMwkw,CF2,4.0521
1269,_SFMPb-cdEeet0YmmfbMwkw,CF2,4.0521
1270,_SFMPb-cdEeet0YmmfbMwkw,CF2,4.0521
1271,_SFMPb-cdEeet0YmmfbMwkw,CF2,4.0521
1272,_SE23gucdEeet0YmmfbMwkw,CF1,3.8641
1273,_SE23gucdEeet0YmmfbMwkw,CF1,3.8641
1274,_SE23gucdEeet0YmmfbMwkw,CF1,3.8641
1275,_SE23gucdEeet0YmmfbMwkw,CF1,3.8641
1276,_SE23gucdEeet0YmmfbMwkw,CF1,3.8641
1277,_SE23gucdEeet0YmmfbMwkw,CF1,3.8641
1278,_SE23gucdEeet0YmmfbMwkw,CF1,3.8641
1279,_SE23gucdEeet0YmmfbMwkw,CF1,3.8641
1280,_SE23gucdEeet0YmmfbMwkw,CF1,3.8641
1281,_SFLoA-cdEeet0YmmfbMwkw,CF2,2.222
1282,_SFLoA-cdEeet0YmmfbMwkw,CF2,2.222
1283,_SFLoA-cdEeet0YmmfbMwkw,CF2,2.222
1284,_SFFhHucdEeet0YmmfbMwkw,CF3,3.9861
1285,_SFFhHucdEeet0YmmfbMwkw,CF3,3.9861
1286,_SFFhHucdEeet0YmmfbMwkw,CF3,3.9861
1287,_SFTjAecdEeet0YmmfbMwkw,CF3,3.2892
1288,_SFTjAecdEeet0YmmfbMwkw,CF3,3.2892
1289,_SE_aeucdEeet0YmmfbMwkw,CF2,2.603
1290,_SE_aeucdEeet0YmmfbMwkw,CF2,2.603
1291,_SE_aeucdEeet0YmmfbMwkw,CF2,2.603
1292,_SFGvqecdEeet0YmmfbMwkw,CF2,2.7711
1293,_SFGvqecdEeet0YmmfbMwkw,CF2,2.7711
1294,_SFGvqecdEeet0YmmfbMwkw,CF2,2.7711
1295,_SE3eiucdEeet0YmmfbMwkw,CF1,2.8594
1296,_SE3eiucdEeet0YmmfbMwkw,CF1,2.8594
1297,_SE3eiucdEeet0YmmfbMwkw,CF1,2.8594
1298,_SEx-s-cdEeet0YmmfbMwkw,CF2,2.615
1299,_SEx-s-cdEeet0YmmfbMwkw,CF2,2.615
1300,_SEx-s-cdEeet0YmmfbMwkw,CF2,2.615
1301,_SFDsrecdEeet0YmmfbMwkw,CF2,2.7611
1302,_SFDsrecdEeet0YmmfbMwkw,CF2,2.7611
1303,_SFDsrecdEeet0YmmfbMwkw,CF2,2.7611
1304,_SE_aWucdEeet0YmmfbMwkw,CF1,4.1775
1305,_SE_aWucdEeet0YmmfbMwkw,CF1,4.1775
1306,_SFLohecdEeet0YmmfbMwkw,CF1,5.2932
1307,_SFLohecdEeet0YmmfbMwkw,CF1,5.2932
1308,_SFLohecdEeet0YmmfbMwkw,CF1,5.2932
1309,_SFOFh-cdEeet0YmmfbMwkw,CF2,2.4829
1310,_SFOFh-cdEeet0YmmfbMwkw,CF2,2.4829
1311,_SFOFh-cdEeet0YmmfbMwkw,CF2,2.4829
1312,_SE3efucdEeet0YmmfbMwkw,CF2,3.8691
1313,_SE3efucdEeet0YmmfbMwkw,CF2,3.8691
1314,_SE3efucdEeet0YmmfbMwkw,CF2,3.8691
1315,_SFLAj-cdEeet0YmmfbMwkw,CF1,2.218
1316,_SFLAj-cdEeet0YmmfbMwkw,CF1,2.218
1317,_SFLAj-cdEeet0YmmfbMwkw,CF1,2.218
1318,_SFKZJecdEeet0YmmfbMwkw,CF3,5.2832
1319,_SFKZJecdEeet0YmmfbMwkw,CF3,5.2832
1320,_SFKZJecdEeet0YmmfbMwkw,CF3,5.2832
1321,_SEx-rucdEeet0YmmfbMwkw,CF1,2.3381
1322,_SEx-rucdEeet0YmmfbMwkw,CF1,2.3381
1323,_SEx-rucdEeet0YmmfbMwkw,CF1,2.3381
1324,_SFDrv-cdEeet0YmmfbMwkw,CF1,3.9651
1325,_SFDrv-cdEeet0YmmfbMwkw,CF1,3.9651
1326,_SFDrv-cdEeet0YmmfbMwkw,CF1,3.9651
1327,_SFETJ-cdEeet0YmmfbMwkw,CF1,2.206
1328,_SFETJ-cdEeet0YmmfbMwkw,CF1,2.206
1329,_SFETJ-cdEeet0YmmfbMwkw,CF1,2.206
1330,_SE7vtucdEeet0YmmfbMwkw,CF1,2.4579
1331,_SE7vtucdEeet0YmmfbMwkw,CF1,2.4579
1332,_SE7vtucdEeet0YmmfbMwkw,CF1,2.4579
1333,_SFMQK-cdEeet0YmmfbMwkw,CF3,4.8584
1334,_SFMQK-cdEeet0YmmfbMwkw,CF3,4.8584
1335,_SFMQK-cdEeet0YmmfbMwkw,CF3,4.8584
1336,_SE3ehOcdEeet0YmmfbMwkw,CF2,4.8514
1337,_SE3ehOcdEeet0YmmfbMwkw,CF2,4.8514
1338,_SE3ehOcdEeet0YmmfbMwkw,CF2,4.8514
1339,_SFE5-OcdEeet0YmmfbMwkw,CF3,2.205
1340,_SFE5-OcdEeet0YmmfbMwkw,CF3,2.205
1341,_SFE5-OcdEeet0YmmfbMwkw,CF3,2.205
1342,_SFS8AOcdEeet0YmmfbMwkw,CF1,2.4839
1343,_SFS8AOcdEeet0YmmfbMwkw,CF1,2.4839
1344,_SFS8AOcdEeet0YmmfbMwkw,CF1,2.4839
1345,_SE56vucdEeet0YmmfbMwkw,CF2,2.3341
1346,_SE56vucdEeet0YmmfbMwkw,CF2,2.3341
1347,_SE56vucdEeet0YmmfbMwkw,CF2,2.3341
1348,_SFESoecdEeet0YmmfbMwkw,CF3,2.4639
1349,_SFESoecdEeet0YmmfbMwkw,CF3,2.4639
1350,_SFESoecdEeet0YmmfbMwkw,CF3,2.4639
1351,_SFDrbecdEeet0YmmfbMwkw,CF2,2.7591
1352,_SFDrbecdEeet0YmmfbMwkw,CF2,2.7591
1353,_SFDrbecdEeet0YmmfbMwkw,CF2,2.7591
1354,_SFSW0ucdEeet0YmmfbMwkw,CF3,73.2245
1355,_SFSW0ucdEeet0YmmfbMwkw,CF3,73.0266
1356,_SFFgkOcdEeet0YmmfbMwkw,CF3,2.207
1357,_SFFgkOcdEeet0YmmfbMwkw,CF3,2.207
1358,_SFFgkOcdEeet0YmmfbMwkw,CF3,2.207
1359,_SFSVwucdEeet0YmmfbMwkw,CF2,2.3571
1360,_SFSVwucdEeet0YmmfbMwkw,CF2,2.3571
1361,_SFSVwucdEeet0YmmfbMwkw,CF2,2.3571
1362,_SFJzXecdEeet0YmmfbMwkw,CF3,4.242
1363,_SFJzXecdEeet0YmmfbMwkw,CF3,4.242
1364,_SFJzXecdEeet0YmmfbMwkw,CF3,4.242
1365,_SFACJOcdEeet0YmmfbMwkw,CF1,2.8724
1366,_SFACJOcdEeet0YmmfbMwkw,CF1,2.8724
1367,_SFACJOcdEeet0YmmfbMwkw,CF1,2.8724
1368,_SFGveecdEeet0YmmfbMwkw,CF1,6.8529
1369,_SFGveecdEeet0YmmfbMwkw,CF1,6.8529
1370,_SFGveecdEeet0YmmfbMwkw,CF1,6.8529
1371,_SFGveecdEeet0YmmfbMwkw,CF1,6.8529
1372,_SFB2iucdEeet0YmmfbMwkw,CF2,3.9421
1373,_SFB2iucdEeet0YmmfbMwkw,CF2,3.9421
1374,_SFB2iucdEeet0YmmfbMwkw,CF2,3.9421
1375,_SFOElOcdEeet0YmmfbMwkw,CF1,4.0631
1376,_SFOElOcdEeet0YmmfbMwkw,CF1,4.0631
1377,_SFOElOcdEeet0YmmfbMwkw,CF1,4.0631
1378,_SFGvCecdEeet0YmmfbMwkw,CF2,2.7701
1379,_SFGvCecdEeet0YmmfbMwkw,CF2,2.7701
1380,_SFGvCecdEeet0YmmfbMwkw,CF2,2.7701
1381,_SE9k4ucdEeet0YmmfbMwkw,CF1,2.8664
1382,_SE9k4ucdEeet0YmmfbMwkw,CF1,2.8664
1383,_SE9k4ucdEeet0YmmfbMwkw,CF1,2.8664
1384,_SFDtCecdEeet0YmmfbMwkw,CF3,5.2642
1385,_SFDtCecdEeet0YmmfbMwkw,CF3,5.2642
1386,_SFDtCecdEeet0YmmfbMwkw,CF3,5.2642
1387,_SE7wA-cdEeet0YmmfbMwkw,CF2,3.8801
1388,_SE7wA-cdEeet0YmmfbMwkw,CF2,3.8801
1389,_SE7wA-cdEeet0YmmfbMwkw,CF2,3.8801
1390,_SFLAhecdEeet0YmmfbMwkw,CF3,6.8629
1391,_SFLAhecdEeet0YmmfbMwkw,CF3,6.8629
1392,_SFLAhecdEeet0YmmfbMwkw,CF3,6.8629
1393,_SFFhSucdEeet0YmmfbMwkw,CF3,2.4649
1394,_SFFhSucdEeet0YmmfbMwkw,CF3,2.4649
1395,_SFFhSucdEeet0YmmfbMwkw,CF3,2.4649
1396,_SFKanecdEeet0YmmfbMwkw,CF2,2.4709
1397,_SFKanecdEeet0YmmfbMwkw,CF2,2.4709
1398,_SFKanecdEeet0YmmfbMwkw,CF2,2.4709
1399,_SEvinOcdEeet0YmmfbMwkw,CF1,3.9081
1400,_SEvinOcdEeet0YmmfbMwkw,CF1,3.9081
1401,_SEvinOcdEeet0YmmfbMwkw,CF1,3.9081
1402,_SFKaeecdEeet0YmmfbMwkw,CF1,6.8599
1403,_SFKaeecdEeet0YmmfbMwkw,CF1,6.8599
1404,_SFKaeecdEeet0YmmfbMwkw,CF1,6.8599
1405,_SE-L2-cdEeet0YmmfbMwkw,CF1,44.441
1406,_SE-L2-cdEeet0YmmfbMwkw,CF1,44.441
1407,_SE-L2-cdEeet0YmmfbMwkw,CF1,44.441
1408,_SE4F4ucdEeet0YmmfbMwkw,CF3,5.7434
1409,_SE4F4ucdEeet0YmmfbMwkw,CF3,5.7434
1410,_SE4F4ucdEeet0YmmfbMwkw,CF3,5.7434
1411,_SFLBEecdEeet0YmmfbMwkw,CF1,5.2872
1412,_SFLBEecdEeet0YmmfbMwkw,CF1,5.2872
1413,_SFLBEecdEeet0YmmfbMwkw,CF1,5.2872
1414,_SFOrf-cdEeet0YmmfbMwkw,CF3,4.0711
1415,_SFOrf-cdEeet0YmmfbMwkw,CF3,4.0711
1416,_SEz0QOcdEeet0YmmfbMwkw,CF1,3.9241
1417,_SEz0QOcdEeet0YmmfbMwkw,CF1,3.9241
1418,_SEz0QOcdEeet0YmmfbMwkw,CF1,3.9241
1419,_SEz0QOcdEeet0YmmfbMwkw,CF1,3.9241
1420,_SEz0QOcdEeet0YmmfbMwkw,CF1,3.9241
1421,_SEz0QOcdEeet0YmmfbMwkw,CF1,3.9241
1422,_SEz0QOcdEeet0YmmfbMwkw,CF1,3.9241
1423,_SEz0QOcdEeet0YmmfbMwkw,CF1,3.9241
1424,_SEz0QOcdEeet0YmmfbMwkw,CF1,3.9241
1425,_SFDEvucdEeet0YmmfbMwkw,CF3,73.0846
1426,_SFDEvucdEeet0YmmfbMwkw,CF3,72.8867
1427,_SE3ehucdEeet0YmmfbMwkw,CF1,6.8389
1428,_SE3ehucdEeet0YmmfbMwkw,CF1,6.8389
1429,_SE3ehucdEeet0YmmfbMwkw,CF1,6.8389
1430,_SFSU6-cdEeet0YmmfbMwkw,CF1,4.0811
1431,_SFSU6-cdEeet0YmmfbMwkw,CF1,4.0811
1432,_SFSU6-cdEeet0YmmfbMwkw,CF1,4.0811
1433,_SE8-M-cdEeet0YmmfbMwkw,CF1,3.8851
1434,_SE8-M-cdEeet0YmmfbMwkw,CF1,3.8851
1435,_SE8-M-cdEeet0YmmfbMwkw,CF1,3.8851
1436,_SE56w-cdEeet0YmmfbMwkw,CF2,2.593
1437,_SE56w-cdEeet0YmmfbMwkw,CF2,2.593
1438,_SE56w-cdEeet0YmmfbMwkw,CF2,2.593
1439,_SFDEzecdEeet0YmmfbMwkw,CF3,3.9601
1440,_SFDEzecdEeet0YmmfbMwkw,CF3,3.9601
1441,_SFDEzecdEeet0YmmfbMwkw,CF3,3.9601
1442,_SFDEzecdEeet0YmmfbMwkw,CF3,3.9601
1443,_SFDEzecdEeet0YmmfbMwkw,CF3,3.9601
1444,_SFKajecdEeet0YmmfbMwkw,CF1,2.653
1445,_SFKajecdEeet0YmmfbMwkw,CF1,2.653
1446,_SFKajecdEeet0YmmfbMwkw,CF1,2.653
1447,_SE7IwecdEeet0YmmfbMwkw,CF1,2.195
1448,_SE7IwecdEeet0YmmfbMwkw,CF1,2.195
1449,_SE7IwecdEeet0YmmfbMwkw,CF1,2.195
1450,_SEu7g-cdEeet0YmmfbMwkw,CF1,3.9021
1451,_SEu7g-cdEeet0YmmfbMwkw,CF1,3.9021
1452,_SEu7g-cdEeet0YmmfbMwkw,CF1,3.9021
1453,_SEu7g-cdEeet0YmmfbMwkw,CF1,3.9021
1454,_SEu7g-cdEeet0YmmfbMwkw,CF1,3.9021
1455,_SEu7g-cdEeet0YmmfbMwkw,CF1,3.9021
1456,_SEuUbecdEeet0YmmfbMwkw,CF2,2.61
1457,_SEuUbecdEeet0YmmfbMwkw,CF2,2.61
1458,_SEuUbecdEeet0YmmfbMwkw,CF2,2.61
1459,_SEuUbecdEeet0YmmfbMwkw,CF2,2.61
1460,_SEuUbecdEeet0YmmfbMwkw,CF2,2.61
1461,_SEuUbecdEeet0YmmfbMwkw,CF2,2.61
1462,_SFKZ4-cdEeet0YmmfbMwkw,CF3,2.213
1463,_SFKZ4-cdEeet0YmmfbMwkw,CF3,2.213
1464,_SFKZ4-cdEeet0YmmfbMwkw,CF3,2.213
1465,_SFJyIecdEeet0YmmfbMwkw,CF3,4.0091
1466,_SFJyIecdEeet0YmmfbMwkw,CF3,4.0091
1467,_SFJyIecdEeet0YmmfbMwkw,CF3,4.0091
1468,_SFJzVecdEeet0YmmfbMwkw,CF3,5.2822
1469,_SFJzVecdEeet0YmmfbMwkw,CF3,5.2822
1470,_SFJzVecdEeet0YmmfbMwkw,CF3,5.2822
1471,_SFAomOcdEeet0YmmfbMwkw,CF1,2.6210000000000004
1472,_SFAomOcdEeet0YmmfbMwkw,CF1,2.6210000000000004
1473,_SFAomOcdEeet0YmmfbMwkw,CF1,2.6210000000000004
1474,_SFESdecdEeet0YmmfbMwkw,CF3,3.9831
1475,_SFESdecdEeet0YmmfbMwkw,CF3,3.9831
1476,_SFESdecdEeet0YmmfbMwkw,CF3,3.9831
1477,_SFESdecdEeet0YmmfbMwkw,CF3,3.9831
1478,_SE_aYOcdEeet0YmmfbMwkw,CF1,2.8684
1479,_SE_aYOcdEeet0YmmfbMwkw,CF1,2.8684
1480,_SE_aYOcdEeet0YmmfbMwkw,CF1,2.8684
1481,_SFJyx-cdEeet0YmmfbMwkw,CF3,5.6168
1482,_SFJyx-cdEeet0YmmfbMwkw,CF3,5.6168
1483,_SFJyx-cdEeet0YmmfbMwkw,CF3,5.6168
1484,_SFNeLecdEeet0YmmfbMwkw,CF1,5.7594
1485,_SFNeLecdEeet0YmmfbMwkw,CF1,5.7594
1486,_SFNeLecdEeet0YmmfbMwkw,CF1,5.7594
1487,_SFE6HucdEeet0YmmfbMwkw,CF2,2.7621
1488,_SFE6HucdEeet0YmmfbMwkw,CF2,2.7621
1489,_SFE6HucdEeet0YmmfbMwkw,CF2,2.7621
1490,_SFOEBucdEeet0YmmfbMwkw,CF1,3.1741
1491,_SFOEBucdEeet0YmmfbMwkw,CF1,3.1741
1492,_SFOEBucdEeet0YmmfbMwkw,CF1,3.1741
1493,_SEvio-cdEeet0YmmfbMwkw,CF1,6.2592
1494,_SEvio-cdEeet0YmmfbMwkw,CF1,6.2592
1495,_SEvio-cdEeet0YmmfbMwkw,CF1,6.2592
1496,_SFApR-cdEeet0YmmfbMwkw,CF2,2.623
1497,_SFApR-cdEeet0YmmfbMwkw,CF2,2.623
1498,_SFApR-cdEeet0YmmfbMwkw,CF2,2.623
1499,_SFE6jOcdEeet0YmmfbMwkw,CF1,5.6158
1500,_SFE6jOcdEeet0YmmfbMwkw,CF1,5.6158
1501,_SFE6jOcdEeet0YmmfbMwkw,CF1,5.6158
1502,_SFNcYucdEeet0YmmfbMwkw,CF3,4.2025
1503,_SFNcYucdEeet0YmmfbMwkw,CF3,4.2025
1504,_SFNcYucdEeet0YmmfbMwkw,CF3,4.2025
1505,_SFKZ1-cdEeet0YmmfbMwkw,CF2,4.1965
1506,_SFKZ1-cdEeet0YmmfbMwkw,CF2,4.1965
1507,_SFETHecdEeet0YmmfbMwkw,CF1,6.8509
1508,_SFETHecdEeet0YmmfbMwkw,CF1,6.8509
1509,_SE-zMOcdEeet0YmmfbMwkw,CF3,3.8601
1510,_SE-zMOcdEeet0YmmfbMwkw,CF3,3.8601
1511,_SE-zMOcdEeet0YmmfbMwkw,CF3,3.8601
1512,_SFNdwucdEeet0YmmfbMwkw,CF2,2.665
1513,_SFNdwucdEeet0YmmfbMwkw,CF2,2.665
1514,_SFNdwucdEeet0YmmfbMwkw,CF2,2.665
1515,_SFOFNOcdEeet0YmmfbMwkw,CF1,4.0661
1516,_SFOFNOcdEeet0YmmfbMwkw,CF1,4.0661
1517,_SFOFNOcdEeet0YmmfbMwkw,CF1,4.0661
1518,_SE9lgucdEeet0YmmfbMwkw,CF1,2.8674
1519,_SE9lgucdEeet0YmmfbMwkw,CF1,2.8674
1520,_SE9lgucdEeet0YmmfbMwkw,CF1,2.8674
1521,_SFLBsecdEeet0YmmfbMwkw,CF2,5.2892
1522,_SFLBsecdEeet0YmmfbMwkw,CF2,5.2892
1523,_SFLBsecdEeet0YmmfbMwkw,CF2,5.2892
1524,_SFLBsecdEeet0YmmfbMwkw,CF2,5.2892
1525,_SFLBsecdEeet0YmmfbMwkw,CF2,5.2892
1526,_SFLBsecdEeet0YmmfbMwkw,CF2,5.2892
1527,_SFLBsecdEeet0YmmfbMwkw,CF2,5.2892
1528,_SFLBsecdEeet0YmmfbMwkw,CF2,5.2892
1529,_SFLBsecdEeet0YmmfbMwkw,CF2,5.2892
1530,_SE-zUecdEeet0YmmfbMwkw,CF2,2.3331
1531,_SE-zUecdEeet0YmmfbMwkw,CF2,2.3331
1532,_SE-zUecdEeet0YmmfbMwkw,CF2,2.3331
1533,_SFLAg-cdEeet0YmmfbMwkw,CF3,5.2116
1534,_SFLAg-cdEeet0YmmfbMwkw,CF3,5.2116
1535,_SFLAg-cdEeet0YmmfbMwkw,CF3,5.2116
1536,_SFDEZecdEeet0YmmfbMwkw,CF2,2.7571
1537,_SFDEZecdEeet0YmmfbMwkw,CF2,2.7571
1538,_SFDEZecdEeet0YmmfbMwkw,CF2,2.7571
1539,_SEwJwecdEeet0YmmfbMwkw,CF1,4.1825
1540,_SEwJwecdEeet0YmmfbMwkw,CF1,4.1825
1541,_SEwJwecdEeet0YmmfbMwkw,CF1,4.1825
1542,_SEtGKOcdEeet0YmmfbMwkw,CF3,3.0384
1543,_SEtGKOcdEeet0YmmfbMwkw,CF3,3.0384
1544,_SE7wNecdEeet0YmmfbMwkw,CF2,2.596
1545,_SE7wNecdEeet0YmmfbMwkw,CF2,2.596
1546,_SE7wNecdEeet0YmmfbMwkw,CF2,2.596
1547,_SE7wP-cdEeet0YmmfbMwkw,CF2,2.597
1548,_SE7wP-cdEeet0YmmfbMwkw,CF2,2.597
1549,_SE7wP-cdEeet0YmmfbMwkw,CF2,2.597
1550,_SEwwz-cdEeet0YmmfbMwkw,CF2,2.614
1551,_SEwwz-cdEeet0YmmfbMwkw,CF2,2.614
1552,_SEwwz-cdEeet0YmmfbMwkw,CF2,2.614
1553,_SFE5xucdEeet0YmmfbMwkw,CF1,3.9741
1554,_SFE5xucdEeet0YmmfbMwkw,CF1,3.9741
1555,_SFE5xucdEeet0YmmfbMwkw,CF1,3.9741
1556,_SE9lnOcdEeet0YmmfbMwkw,CF2,2.602
1557,_SE9lnOcdEeet0YmmfbMwkw,CF2,2.602
1558,_SE9lnOcdEeet0YmmfbMwkw,CF2,2.602
1559,_SE7ImecdEeet0YmmfbMwkw,CF1,3.8781
1560,_SE7ImecdEeet0YmmfbMwkw,CF1,3.8781
1561,_SE7ImecdEeet0YmmfbMwkw,CF1,3.8781
1562,_SE7ImecdEeet0YmmfbMwkw,CF1,3.8781
1563,_SE7ImecdEeet0YmmfbMwkw,CF1,3.8781
1564,_SE7ImecdEeet0YmmfbMwkw,CF1,3.8781
1565,_SFKZ2ecdEeet0YmmfbMwkw,CF3,6.8579
1566,_SFKZ2ecdEeet0YmmfbMwkw,CF3,6.8579
1567,_SFKZ2ecdEeet0YmmfbMwkw,CF3,6.8579
1568,_SFS8cOcdEeet0YmmfbMwkw,CF3,4.248
1569,_SFS8cOcdEeet0YmmfbMwkw,CF3,4.248
1570,_SFLnY-cdEeet0YmmfbMwkw,CF2,2.226
1571,_SFLnY-cdEeet0YmmfbMwkw,CF2,2.226
1572,_SFLnY-cdEeet0YmmfbMwkw,CF2,2.226
1573,_SFLnY-cdEeet0YmmfbMwkw,CF2,2.226
1574,_SFLnY-cdEeet0YmmfbMwkw,CF2,2.226
1575,_SFLnY-cdEeet0YmmfbMwkw,CF2,2.226
1576,_SFDsgecdEeet0YmmfbMwkw,CF1,2.8824
1577,_SFDsgecdEeet0YmmfbMwkw,CF1,2.8824
1578,_SFDsgecdEeet0YmmfbMwkw,CF1,2.8824
1579,_SFSWK-cdEeet0YmmfbMwkw,CF3,4.0871
1580,_SFSWK-cdEeet0YmmfbMwkw,CF3,4.0871
1581,_SFSWK-cdEeet0YmmfbMwkw,CF3,4.0871
1582,_SFSWK-cdEeet0YmmfbMwkw,CF3,4.0871
1583,_SFSWK-cdEeet0YmmfbMwkw,CF3,4.0871
1584,_SEuUV-cdEeet0YmmfbMwkw,CF1,4.1815
1585,_SEuUV-cdEeet0YmmfbMwkw,CF1,4.1815
1586,_SEuUV-cdEeet0YmmfbMwkw,CF1,4.1815
1587,_SFLAeecdEeet0YmmfbMwkw,CF3,3.1661
1588,_SFLAeecdEeet0YmmfbMwkw,CF3,3.1661
1589,_SFLAeecdEeet0YmmfbMwkw,CF3,3.1661
1590,_SFDsaecdEeet0YmmfbMwkw,CF3,5.2632
1591,_SFDsaecdEeet0YmmfbMwkw,CF3,5.2632
1592,_SFDsaecdEeet0YmmfbMwkw,CF3,5.2632
1593,_SFGvbecdEeet0YmmfbMwkw,CF2,3.1611
1594,_SFGvbecdEeet0YmmfbMwkw,CF2,3.1611
1595,_SFGvbecdEeet0YmmfbMwkw,CF2,3.1611
1596,_SEwwnecdEeet0YmmfbMwkw,CF2,3.9141
1597,_SEwwnecdEeet0YmmfbMwkw,CF2,3.9141
1598,_SEwwnecdEeet0YmmfbMwkw,CF2,3.9141
1599,_SEu7n-cdEeet0YmmfbMwkw,CF1,4.1805
1600,_SEu7n-cdEeet0YmmfbMwkw,CF1,4.1805
1601,_SEu7n-cdEeet0YmmfbMwkw,CF1,4.1805
1602,_SE1Cp-cdEeet0YmmfbMwkw,CF1,4.1725
1603,_SE1Cp-cdEeet0YmmfbMwkw,CF1,4.1725
1604,_SE1Cp-cdEeet0YmmfbMwkw,CF1,4.1725
1605,_SFE6eucdEeet0YmmfbMwkw,CF3,5.2662
1606,_SFE6eucdEeet0YmmfbMwkw,CF3,5.2662
1607,_SFE6eucdEeet0YmmfbMwkw,CF3,5.2662
1608,_SFB3ZucdEeet0YmmfbMwkw,CF2,2.6260000000000003
1609,_SFB3ZucdEeet0YmmfbMwkw,CF2,2.6260000000000003
1610,_SFB3ZucdEeet0YmmfbMwkw,CF2,2.6260000000000003
1611,_SFE52ucdEeet0YmmfbMwkw,CF3,5.2652
1612,_SFE52ucdEeet0YmmfbMwkw,CF3,5.2652
1613,_SFE52ucdEeet0YmmfbMwkw,CF3,5.2652
1614,_SFSVlecdEeet0YmmfbMwkw,CF1,5.3112
1615,_SFSVlecdEeet0YmmfbMwkw,CF1,5.3112
1616,_SFSVlecdEeet0YmmfbMwkw,CF1,5.3112
1617,_SE_bGucdEeet0YmmfbMwkw,CF2,2.6039999999999996
1618,_SE_bGucdEeet0YmmfbMwkw,CF2,2.6039999999999996
1619,_SE_bGucdEeet0YmmfbMwkw,CF2,2.6039999999999996
1620,_SEvi5OcdEeet0YmmfbMwkw,CF3,2.2
1621,_SEvi5OcdEeet0YmmfbMwkw,CF3,2.2
1622,_SEvi5OcdEeet0YmmfbMwkw,CF3,2.2
1623,_SE57Q-cdEeet0YmmfbMwkw,CF1,4.8524
1624,_SE57Q-cdEeet0YmmfbMwkw,CF1,4.8524
1625,_SE57Q-cdEeet0YmmfbMwkw,CF1,4.8524
1626,_SFFhsucdEeet0YmmfbMwkw,CF1,5.2702
1627,_SFFhsucdEeet0YmmfbMwkw,CF1,5.2702
1628,_SFFhsucdEeet0YmmfbMwkw,CF1,5.2702
1629,_SFFhsucdEeet0YmmfbMwkw,CF1,5.2702
1630,_SFFhsucdEeet0YmmfbMwkw,CF1,5.2702
1631,_SFFhsucdEeet0YmmfbMwkw,CF1,5.2702
1632,_SFFhsucdEeet0YmmfbMwkw,CF1,5.2702
1633,_SFFhsucdEeet0YmmfbMwkw,CF1,5.2702
1634,_SFFhsucdEeet0YmmfbMwkw,CF1,5.2702
1635,_SFE6kucdEeet0YmmfbMwkw,CF1,2.8844
1636,_SFE6kucdEeet0YmmfbMwkw,CF1,2.8844
1637,_SFE6kucdEeet0YmmfbMwkw,CF1,2.8844
1638,_SFMQD-cdEeet0YmmfbMwkw,CF2,4.0541
1639,_SFMQD-cdEeet0YmmfbMwkw,CF2,4.0541
1640,_SFMQD-cdEeet0YmmfbMwkw,CF2,4.0541
1641,_SFMQD-cdEeet0YmmfbMwkw,CF2,4.0541
1642,_SFMQD-cdEeet0YmmfbMwkw,CF2,4.0541
1643,_SFMQD-cdEeet0YmmfbMwkw,CF2,4.0541
1644,_SFKZUucdEeet0YmmfbMwkw,CF2,2.3461
1645,_SFKZUucdEeet0YmmfbMwkw,CF2,2.3461
1646,_SFKZUucdEeet0YmmfbMwkw,CF2,2.3461
1647,_SFLBHecdEeet0YmmfbMwkw,CF2,4.0341
1648,_SFLBHecdEeet0YmmfbMwkw,CF2,4.0341
1649,_SFLBHecdEeet0YmmfbMwkw,CF2,4.0341
1650,_SFS9tOcdEeet0YmmfbMwkw,CF3,4.0801
1651,_SFS9tOcdEeet0YmmfbMwkw,CF3,4.0801
1652,_SFNdjecdEeet0YmmfbMwkw,CF1,5.7584
1653,_SFNdjecdEeet0YmmfbMwkw,CF1,5.7584
1654,_SFNdjecdEeet0YmmfbMwkw,CF1,5.7584
1655,_SFS9uucdEeet0YmmfbMwkw,CF3,54.3187
1656,_SFS9uucdEeet0YmmfbMwkw,CF3,54.1732
1657,_SFApIecdEeet0YmmfbMwkw,CF2,3.9401
1658,_SFApIecdEeet0YmmfbMwkw,CF2,3.9401
1659,_SFApIecdEeet0YmmfbMwkw,CF2,3.9401
1660,_SFSW1ecdEeet0YmmfbMwkw,CF3,5.3132
1661,_SFSW1ecdEeet0YmmfbMwkw,CF3,5.3132
1662,_SFJyQucdEeet0YmmfbMwkw,CF2,2.3451
1663,_SFJyQucdEeet0YmmfbMwkw,CF2,2.3451
1664,_SFJyQucdEeet0YmmfbMwkw,CF2,2.3451
1665,_SFDr--cdEeet0YmmfbMwkw,CF2,2.6319999999999997
1666,_SFDr--cdEeet0YmmfbMwkw,CF2,2.6319999999999997
1667,_SFDr--cdEeet0YmmfbMwkw,CF2,2.6319999999999997
1668,_SFDr--cdEeet0YmmfbMwkw,CF2,2.6319999999999997
1669,_SFDr--cdEeet0YmmfbMwkw,CF2,2.6319999999999997
1670,_SFDr--cdEeet0YmmfbMwkw,CF2,2.6319999999999997
1671,_SFFhvucdEeet0YmmfbMwkw,CF3,3.9891
1672,_SFFhvucdEeet0YmmfbMwkw,CF3,3.9891
1673,_SFFhvucdEeet0YmmfbMwkw,CF3,3.9891
1674,_SFACDOcdEeet0YmmfbMwkw,CF2,5.2552
1675,_SFACDOcdEeet0YmmfbMwkw,CF2,5.2552
1676,_SFACDOcdEeet0YmmfbMwkw,CF2,5.2552
1677,_SFLAZ-cdEeet0YmmfbMwkw,CF3,4.0291
1678,_SFLAZ-cdEeet0YmmfbMwkw,CF3,4.0291
1679,_SFLAZ-cdEeet0YmmfbMwkw,CF3,4.0291
1680,_SFJzYecdEeet0YmmfbMwkw,CF1,4.0131
1681,_SFJzYecdEeet0YmmfbMwkw,CF1,4.0131
1682,_SFJzYecdEeet0YmmfbMwkw,CF1,4.0131
1683,_SFJzYecdEeet0YmmfbMwkw,CF1,4.0131
1684,_SFJy5-cdEeet0YmmfbMwkw,CF2,2.6489999999999996
1685,_SFJy5-cdEeet0YmmfbMwkw,CF2,2.6489999999999996
1686,_SFJy5-cdEeet0YmmfbMwkw,CF2,2.6489999999999996
1687,_SFDsdecdEeet0YmmfbMwkw,CF3,3.9711
1688,_SFDsdecdEeet0YmmfbMwkw,CF3,3.9711
1689,_SFDsdecdEeet0YmmfbMwkw,CF3,3.9711
1690,_SFDsdecdEeet0YmmfbMwkw,CF3,3.9711
1691,_SFDsdecdEeet0YmmfbMwkw,CF3,3.9711
1692,_SFS8aOcdEeet0YmmfbMwkw,CF3,5.3072
1693,_SFS8aOcdEeet0YmmfbMwkw,CF3,5.3072
1694,_SFS8aOcdEeet0YmmfbMwkw,CF3,5.3072
1695,_SFS8aOcdEeet0YmmfbMwkw,CF3,5.3072
1696,_SFS8aOcdEeet0YmmfbMwkw,CF3,5.3072
1697,_SFOsE-cdEeet0YmmfbMwkw,CF1,5.3062
1698,_SFOsE-cdEeet0YmmfbMwkw,CF1,5.3062
1699,_SFOsE-cdEeet0YmmfbMwkw,CF1,5.3062
1700,_SE_a9OcdEeet0YmmfbMwkw,CF3,3.8981
1701,_SE_a9OcdEeet0YmmfbMwkw,CF3,3.8981
1702,_SE_a9OcdEeet0YmmfbMwkw,CF3,3.8981
1703,_SFLBKecdEeet0YmmfbMwkw,CF3,3.2782
1704,_SFLBKecdEeet0YmmfbMwkw,CF3,3.2782
1705,_SFLBKecdEeet0YmmfbMwkw,CF3,3.2782
1706,_SFApC-cdEeet0YmmfbMwkw,CF1,3.9381
1707,_SFApC-cdEeet0YmmfbMwkw,CF1,3.9381
1708,_SFApC-cdEeet0YmmfbMwkw,CF1,3.9381
1709,_SFApC-cdEeet0YmmfbMwkw,CF1,3.9381
1710,_SFApC-cdEeet0YmmfbMwkw,CF1,3.9381
1711,_SFApC-cdEeet0YmmfbMwkw,CF1,3.9381
1712,_SFGwBecdEeet0YmmfbMwkw,CF3,5.2742
1713,_SFGwBecdEeet0YmmfbMwkw,CF3,5.2742
1714,_SFGwBecdEeet0YmmfbMwkw,CF3,5.2742
1715,_SEuUcucdEeet0YmmfbMwkw,CF1,2.3361
1716,_SEuUcucdEeet0YmmfbMwkw,CF1,2.3361
1717,_SEuUcucdEeet0YmmfbMwkw,CF1,2.3361
1718,_SEwJt-cdEeet0YmmfbMwkw,CF1,3.1531
1719,_SEwJt-cdEeet0YmmfbMwkw,CF1,3.1531
1720,_SEwJt-cdEeet0YmmfbMwkw,CF1,3.1531
1721,_SFDFV-cdEeet0YmmfbMwkw,CF3,3.9621
1722,_SFDFV-cdEeet0YmmfbMwkw,CF3,3.9621
1723,_SFDFV-cdEeet0YmmfbMwkw,CF3,3.9621
1724,_SE2QWecdEeet0YmmfbMwkw,CF3,3.8671
1725,_SE2QWecdEeet0YmmfbMwkw,CF3,3.8671
1726,_SE2QWecdEeet0YmmfbMwkw,CF3,3.8671
1727,_SFJyOOcdEeet0YmmfbMwkw,CF2,2.65
1728,_SFJyOOcdEeet0YmmfbMwkw,CF2,2.65
1729,_SFJyOOcdEeet0YmmfbMwkw,CF2,2.65
1730,_SE4s9ecdEeet0YmmfbMwkw,CF2,2.4539
1731,_SE4s9ecdEeet0YmmfbMwkw,CF2,2.4539
1732,_SE4s9ecdEeet0YmmfbMwkw,CF2,2.4539
1733,_SFFhqOcdEeet0YmmfbMwkw,CF3,3.9881
1734,_SFFhqOcdEeet0YmmfbMwkw,CF3,3.9881
1735,_SFFhqOcdEeet0YmmfbMwkw,CF3,3.9881
1736,_SE8Xk-cdEeet0YmmfbMwkw,CF1,3.8901
1737,_SE8Xk-cdEeet0YmmfbMwkw,CF1,3.8901
1738,_SE8Xk-cdEeet0YmmfbMwkw,CF1,3.8901
1739,_SFNeOOcdEeet0YmmfbMwkw,CF3,3.1731
1740,_SFNeOOcdEeet0YmmfbMwkw,CF3,3.1731
1741,_SFNeOOcdEeet0YmmfbMwkw,CF3,3.1731
1742,_SE57PecdEeet0YmmfbMwkw,CF3,3.8741
1743,_SE57PecdEeet0YmmfbMwkw,CF3,3.8741
1744,_SE57PecdEeet0YmmfbMwkw,CF3,3.8741
1745,_SFKZOecdEeet0YmmfbMwkw,CF3,8.2711
1746,_SFKZOecdEeet0YmmfbMwkw,CF3,8.2711
1747,_SFKZOecdEeet0YmmfbMwkw,CF3,8.2711
1748,_SFDFeecdEeet0YmmfbMwkw,CF1,2.8804
1749,_SFDFeecdEeet0YmmfbMwkw,CF1,2.8804
1750,_SFDFeecdEeet0YmmfbMwkw,CF1,2.8804
1751,_SFS9JucdEeet0YmmfbMwkw,CF1,2.225
1752,_SFS9JucdEeet0YmmfbMwkw,CF1,2.225
1753,_SFS9JucdEeet0YmmfbMwkw,CF1,2.225
1754,_SFOEtucdEeet0YmmfbMwkw,CF1,2.9014
1755,_SFOEtucdEeet0YmmfbMwkw,CF1,2.9014
1756,_SFOEtucdEeet0YmmfbMwkw,CF1,2.9014
1757,_SE8XCucdEeet0YmmfbMwkw,CF1,2.6
1758,_SE8XCucdEeet0YmmfbMwkw,CF1,2.6
1759,_SE8XCucdEeet0YmmfbMwkw,CF1,2.6
1760,_SFJyq-cdEeet0YmmfbMwkw,CF3,4.0111
1761,_SFJyq-cdEeet0YmmfbMwkw,CF3,4.0111
1762,_SFJyq-cdEeet0YmmfbMwkw,CF3,4.0111
1763,_SFESm-cdEeet0YmmfbMwkw,CF2,2.636
1764,_SFESm-cdEeet0YmmfbMwkw,CF2,2.636
1765,_SFESm-cdEeet0YmmfbMwkw,CF2,2.636
1766,_SFESm-cdEeet0YmmfbMwkw,CF2,2.636
1767,_SFESm-cdEeet0YmmfbMwkw,CF2,2.636
1768,_SFESm-cdEeet0YmmfbMwkw,CF2,2.636
1769,_SFJzfecdEeet0YmmfbMwkw,CF1,2.6510000000000002
1770,_SFJzfecdEeet0YmmfbMwkw,CF1,2.6510000000000002
1771,_SFJzfecdEeet0YmmfbMwkw,CF1,2.6510000000000002
1772,_SE8W3ecdEeet0YmmfbMwkw,CF1,3.8871
1773,_SE8W3ecdEeet0YmmfbMwkw,CF1,3.8871
1774,_SE8W3ecdEeet0YmmfbMwkw,CF1,3.8871
1775,_SFJyKecdEeet0YmmfbMwkw,CF1,6.8549
1776,_SFJyKecdEeet0YmmfbMwkw,CF1,6.8549
1777,_SFJyKecdEeet0YmmfbMwkw,CF1,6.8549
1778,_SFBPgOcdEeet0YmmfbMwkw,CF3,3.9491
1779,_SFBPgOcdEeet0YmmfbMwkw,CF3,3.9491
1780,_SFLAqecdEeet0YmmfbMwkw,CF2,2.4719
1781,_SFLAqecdEeet0YmmfbMwkw,CF2,2.4719
1782,_SFLAqecdEeet0YmmfbMwkw,CF2,2.4719
1783,_SFMQGecdEeet0YmmfbMwkw,CF2,5.2982
1784,_SFMQGecdEeet0YmmfbMwkw,CF2,5.2982
1785,_SFMQGecdEeet0YmmfbMwkw,CF2,5.2982
1786,_SFGuu-cdEeet0YmmfbMwkw,CF1,3.9971
1787,_SFGuu-cdEeet0YmmfbMwkw,CF1,3.9971
1788,_SFGuu-cdEeet0YmmfbMwkw,CF1,3.9971
1789,_SFGuu-cdEeet0YmmfbMwkw,CF1,3.9971
1790,_SFGuu-cdEeet0YmmfbMwkw,CF1,3.9971
1791,_SFGuu-cdEeet0YmmfbMwkw,CF1,3.9971
1792,_SFFh3-cdEeet0YmmfbMwkw,CF1,2.3431
1793,_SFFh3-cdEeet0YmmfbMwkw,CF1,2.3431
1794,_SFFh3-cdEeet0YmmfbMwkw,CF1,2.3431
1795,_SFJy8-cdEeet0YmmfbMwkw,CF2,2.209
1796,_SFJy8-cdEeet0YmmfbMwkw,CF2,2.209
1797,_SFJy8-cdEeet0YmmfbMwkw,CF2,2.209
1798,_SFMPsecdEeet0YmmfbMwkw,CF3,2.4779
1799,_SFMPsecdEeet0YmmfbMwkw,CF3,2.4779
1800,_SFMPsecdEeet0YmmfbMwkw,CF3,2.4779
1801,_SFGwm-cdEeet0YmmfbMwkw,CF3,4.0051
1802,_SFGwm-cdEeet0YmmfbMwkw,CF3,4.0051
1803,_SFGwm-cdEeet0YmmfbMwkw,CF3,4.0051
1804,_SFDE8-cdEeet0YmmfbMwkw,CF2,2.6289999999999996
1805,_SFDE8-cdEeet0YmmfbMwkw,CF2,2.6289999999999996
1806,_SFDE8-cdEeet0YmmfbMwkw,CF2,2.6289999999999996
1807,_SFDE8-cdEeet0YmmfbMwkw,CF2,2.6289999999999996
1808,_SFDE8-cdEeet0YmmfbMwkw,CF2,2.6289999999999996
1809,_SFDE8-cdEeet0YmmfbMwkw,CF2,2.6289999999999996
1810,_SFAogecdEeet0YmmfbMwkw,CF1,3.9371
1811,_SFAogecdEeet0YmmfbMwkw,CF1,3.9371
1812,_SFAogecdEeet0YmmfbMwkw,CF1,3.9371
1813,_SFApEucdEeet0YmmfbMwkw,CF1,5.7534
1814,_SFApEucdEeet0YmmfbMwkw,CF1,5.7534
1815,_SFApEucdEeet0YmmfbMwkw,CF1,5.7534
1816,_SExYNOcdEeet0YmmfbMwkw,CF1,5.2492
1817,_SExYNOcdEeet0YmmfbMwkw,CF1,5.2492
1818,_SE7wGecdEeet0YmmfbMwkw,CF3,3.8821
1819,_SE7wGecdEeet0YmmfbMwkw,CF3,3.8821
1820,_SE7wGecdEeet0YmmfbMwkw,CF3,3.8821
1821,_SEvi2OcdEeet0YmmfbMwkw,CF2,2.612
1822,_SEvi2OcdEeet0YmmfbMwkw,CF2,2.612
1823,_SEvi2OcdEeet0YmmfbMwkw,CF2,2.612
1824,_SE7wJecdEeet0YmmfbMwkw,CF1,2.8634
1825,_SE7wJecdEeet0YmmfbMwkw,CF1,2.8634
1826,_SE7wJecdEeet0YmmfbMwkw,CF1,2.8634
1827,_SEz0XucdEeet0YmmfbMwkw,CF3,42.681999999999995
1828,_SEz0XucdEeet0YmmfbMwkw,CF3,42.4717
1829,_SFCdQOcdEeet0YmmfbMwkw,CF3,2.204
1830,_SFCdQOcdEeet0YmmfbMwkw,CF3,2.204
1831,_SFCdQOcdEeet0YmmfbMwkw,CF3,2.204
1832,_SEzNE-cdEeet0YmmfbMwkw,CF1,4.1885
1833,_SEzNE-cdEeet0YmmfbMwkw,CF1,4.1885
1834,_SEzNE-cdEeet0YmmfbMwkw,CF1,4.1885
1835,_SFOEnucdEeet0YmmfbMwkw,CF3,5.3022
1836,_SFOEnucdEeet0YmmfbMwkw,CF3,5.3022
1837,_SFKZ_ecdEeet0YmmfbMwkw,CF2,2.4699
1838,_SFKZ_ecdEeet0YmmfbMwkw,CF2,2.4699
1839,_SFKZ_ecdEeet0YmmfbMwkw,CF2,2.4699
1840,_SFKZxecdEeet0YmmfbMwkw,CF3,5.2842
1841,_SFKZxecdEeet0YmmfbMwkw,CF3,5.2842
1842,_SFKZxecdEeet0YmmfbMwkw,CF3,5.2842
1843,_SFGItOcdEeet0YmmfbMwkw,CF3,2.8914
1844,_SFGItOcdEeet0YmmfbMwkw,CF3,2.8914
1845,_SFGItOcdEeet0YmmfbMwkw,CF3,2.8914
1846,_SE89uecdEeet0YmmfbMwkw,CF2,2.5989999999999998
1847,_SE89uecdEeet0YmmfbMwkw,CF2,2.5989999999999998
1848,_SE89uecdEeet0YmmfbMwkw,CF2,2.5989999999999998
1849,_SE8-s-cdEeet0YmmfbMwkw,CF1,3.8861
1850,_SE8-s-cdEeet0YmmfbMwkw,CF1,3.8861
1851,_SE8-s-cdEeet0YmmfbMwkw,CF1,3.8861
1852,_SE8-s-cdEeet0YmmfbMwkw,CF1,3.8861
1853,_SE8-s-cdEeet0YmmfbMwkw,CF1,3.8861
1854,_SE8-s-cdEeet0YmmfbMwkw,CF1,3.8861
1855,_SFGu3ecdEeet0YmmfbMwkw,CF1,2.8924
1856,_SFGu3ecdEeet0YmmfbMwkw,CF1,2.8924
1857,_SFGu3ecdEeet0YmmfbMwkw,CF1,2.8924
1858,_SE-Ml-cdEeet0YmmfbMwkw,CF3,57.6756
1859,_SE-Ml-cdEeet0YmmfbMwkw,CF3,57.6756
1860,_SE-Ml-cdEeet0YmmfbMwkw,CF3,57.6756
1861,_SE7vpecdEeet0YmmfbMwkw,CF2,2.4569
1862,_SE7vpecdEeet0YmmfbMwkw,CF2,2.4569
1863,_SE7vpecdEeet0YmmfbMwkw,CF2,2.4569
1864,_SFSWNecdEeet0YmmfbMwkw,CF3,5.3142
1865,_SFSWNecdEeet0YmmfbMwkw,CF3,5.3142
1866,_SFKZG-cdEeet0YmmfbMwkw,CF3,4.0171
1867,_SFKZG-cdEeet0YmmfbMwkw,CF3,4.0171
1868,_SFKZG-cdEeet0YmmfbMwkw,CF3,4.0171
1869,_SE8Xm-cdEeet0YmmfbMwkw,CF1,6.8409
1870,_SE8Xm-cdEeet0YmmfbMwkw,CF1,6.8409
1871,_SE8Xm-cdEeet0YmmfbMwkw,CF1,6.8409
1872,_SE8Xm-cdEeet0YmmfbMwkw,CF1,6.8409
1873,_SEtGI-cdEeet0YmmfbMwkw,CF3,2.5284
1874,_SEtGI-cdEeet0YmmfbMwkw,CF3,2.5284
1875,_SFE6cOcdEeet0YmmfbMwkw,CF1,3.9771
1876,_SFE6cOcdEeet0YmmfbMwkw,CF1,3.9771
1877,_SFE6cOcdEeet0YmmfbMwkw,CF1,3.9771
1878,_SFE6cOcdEeet0YmmfbMwkw,CF1,3.9771
1879,_SFE6cOcdEeet0YmmfbMwkw,CF1,3.9771
1880,_SFE6cOcdEeet0YmmfbMwkw,CF1,3.9771
1881,_SFE6cOcdEeet0YmmfbMwkw,CF1,3.9771
1882,_SFE6cOcdEeet0YmmfbMwkw,CF1,3.9771
1883,_SFE6cOcdEeet0YmmfbMwkw,CF1,3.9771
1884,_SFE6cOcdEeet0YmmfbMwkw,CF1,3.9771
1885,_SFSW7ecdEeet0YmmfbMwkw,CF2,2.9034
1886,_SFSW7ecdEeet0YmmfbMwkw,CF2,2.9034
1887,_SFSW7ecdEeet0YmmfbMwkw,CF2,2.9034
1888,_SFFhEucdEeet0YmmfbMwkw,CF1,5.2682
1889,_SFFhEucdEeet0YmmfbMwkw,CF1,5.2682
1890,_SFFhEucdEeet0YmmfbMwkw,CF1,5.2682
1891,_SFM2h-cdEeet0YmmfbMwkw,CF3,2.4759
1892,_SFM2h-cdEeet0YmmfbMwkw,CF3,2.4759
1893,_SFM2h-cdEeet0YmmfbMwkw,CF3,2.4759
1894,_SEwJpecdEeet0YmmfbMwkw,CF2,3.9111
1895,_SEwJpecdEeet0YmmfbMwkw,CF2,3.9111
1896,_SEwJpecdEeet0YmmfbMwkw,CF2,3.9111
1897,_SFLAo-cdEeet0YmmfbMwkw,CF2,2.657
1898,_SFLAo-cdEeet0YmmfbMwkw,CF2,2.657
1899,_SFLAo-cdEeet0YmmfbMwkw,CF2,2.657
1900,_SE4F5ecdEeet0YmmfbMwkw,CF2,5.2382
1901,_SE4F5ecdEeet0YmmfbMwkw,CF2,5.2382
1902,_SE4F5ecdEeet0YmmfbMwkw,CF2,5.2382
1903,_SFJzS-cdEeet0YmmfbMwkw,CF3,4.0121
1904,_SFJzS-cdEeet0YmmfbMwkw,CF3,4.0121
1905,_SFJzS-cdEeet0YmmfbMwkw,CF3,4.0121
1906,_SFOE0OcdEeet0YmmfbMwkw,CF2,2.668
1907,_SFOE0OcdEeet0YmmfbMwkw,CF2,2.668
1908,_SFOE0OcdEeet0YmmfbMwkw,CF2,2.668
1909,_SE7ItecdEeet0YmmfbMwkw,CF3,4.8544
1910,_SE7ItecdEeet0YmmfbMwkw,CF3,4.8544
1911,_SE7ItecdEeet0YmmfbMwkw,CF3,4.8544
1912,_SFLoF-cdEeet0YmmfbMwkw,CF1,2.659
1913,_SFLoF-cdEeet0YmmfbMwkw,CF1,2.659
1914,_SFLoF-cdEeet0YmmfbMwkw,CF1,2.659
1915,_SEu7oecdEeet0YmmfbMwkw,CF1,7.9195
1916,_SEu7oecdEeet0YmmfbMwkw,CF1,7.9195
1917,_SEu7oecdEeet0YmmfbMwkw,CF1,7.9195
1918,_SFJy7ecdEeet0YmmfbMwkw,CF2,2.4669
1919,_SFJy7ecdEeet0YmmfbMwkw,CF2,2.4669
1920,_SFJy7ecdEeet0YmmfbMwkw,CF2,2.4669
1921,_SFOEm-cdEeet0YmmfbMwkw,CF3,27.0656
1922,_SFOEm-cdEeet0YmmfbMwkw,CF3,26.8677
1923,_SFOEm-cdEeet0YmmfbMwkw,CF3,26.8677
1924,_SFOEm-cdEeet0YmmfbMwkw,CF3,26.8677
1925,_SFOEm-cdEeet0YmmfbMwkw,CF3,26.8677
1926,_SFAodecdEeet0YmmfbMwkw,CF2,5.2562
1927,_SFAodecdEeet0YmmfbMwkw,CF2,5.2562
1928,_SFAodecdEeet0YmmfbMwkw,CF2,5.2562
1929,_SFAodecdEeet0YmmfbMwkw,CF2,5.2562
1930,_SFAodecdEeet0YmmfbMwkw,CF2,5.2562
1931,_SFAodecdEeet0YmmfbMwkw,CF2,5.2562
1932,_SFAodecdEeet0YmmfbMwkw,CF2,5.2562
1933,_SFAodecdEeet0YmmfbMwkw,CF2,5.2562
1934,_SFAodecdEeet0YmmfbMwkw,CF2,5.2562
1935,_SFGIzucdEeet0YmmfbMwkw,CF2,2.642
1936,_SFGIzucdEeet0YmmfbMwkw,CF2,2.642
1937,_SFGIzucdEeet0YmmfbMwkw,CF2,2.642
1938,_SFGIzucdEeet0YmmfbMwkw,CF2,2.642
1939,_SFGIzucdEeet0YmmfbMwkw,CF2,2.642
1940,_SFGIzucdEeet0YmmfbMwkw,CF2,2.642
1941,_SFB3TOcdEeet0YmmfbMwkw,CF1,2.8754
1942,_SFB3TOcdEeet0YmmfbMwkw,CF1,2.8754
1943,_SFB3TOcdEeet0YmmfbMwkw,CF1,2.8754
1944,_SFGI4OcdEeet0YmmfbMwkw,CF2,2.7681
1945,_SFGI4OcdEeet0YmmfbMwkw,CF2,2.7681
1946,_SFGI4OcdEeet0YmmfbMwkw,CF2,2.7681
1947,_SE-Me-cdEeet0YmmfbMwkw,CF1,3.8531
1948,_SE-Me-cdEeet0YmmfbMwkw,CF1,3.8531
1949,_SE-Me-cdEeet0YmmfbMwkw,CF1,3.8531
1950,_SE_a_OcdEeet0YmmfbMwkw,CF2,6.8439
1951,_SE_a_OcdEeet0YmmfbMwkw,CF2,6.8439
1952,_SE_a_OcdEeet0YmmfbMwkw,CF2,6.8439
1953,_SE_a_OcdEeet0YmmfbMwkw,CF2,6.8439
1954,_SE_a_OcdEeet0YmmfbMwkw,CF2,6.8439
1955,_SFS9qOcdEeet0YmmfbMwkw,CF3,5.3092
1956,_SFS9qOcdEeet0YmmfbMwkw,CF3,5.3092
1957,_SFS9qOcdEeet0YmmfbMwkw,CF3,5.3092
1958,_SFDEt-cdEeet0YmmfbMwkw,CF1,3.9581
1959,_SFDEt-cdEeet0YmmfbMwkw,CF1,3.9581
1960,_SFDEt-cdEeet0YmmfbMwkw,CF1,3.9581
1961,_SE5T3OcdEeet0YmmfbMwkw,CF2,2.4559
1962,_SE5T3OcdEeet0YmmfbMwkw,CF2,2.4559
1963,_SE5T3OcdEeet0YmmfbMwkw,CF2,2.4559
1964,_SFM2TOcdEeet0YmmfbMwkw,CF1,5.7564
1965,_SFM2TOcdEeet0YmmfbMwkw,CF1,5.7564
1966,_SFM2TOcdEeet0YmmfbMwkw,CF1,5.7564
1967,_SFOD--cdEeet0YmmfbMwkw,CF3,66.3762
1968,_SFOD--cdEeet0YmmfbMwkw,CF3,66.1993
1969,_SE-zGucdEeet0YmmfbMwkw,CF1,3.8571
1970,_SE-zGucdEeet0YmmfbMwkw,CF1,3.8571
1971,_SE-zGucdEeet0YmmfbMwkw,CF1,3.8571
1972,_SFMOTecdEeet0YmmfbMwkw,CF2,6.8679
1973,_SFMOTecdEeet0YmmfbMwkw,CF2,6.8679
1974,_SFMOTecdEeet0YmmfbMwkw,CF2,6.8679
1975,_SFMOTecdEeet0YmmfbMwkw,CF2,6.8679
1976,_SFGwpecdEeet0YmmfbMwkw,CF3,5.2752
1977,_SFGwpecdEeet0YmmfbMwkw,CF3,5.2752
1978,_SFGwpecdEeet0YmmfbMwkw,CF3,5.2752
1979,_SFOEwecdEeet0YmmfbMwkw,CF1,2.6710000000000003
1980,_SFOEwecdEeet0YmmfbMwkw,CF1,2.6710000000000003
1981,_SFOEwecdEeet0YmmfbMwkw,CF1,2.6710000000000003
1982,_SEzM_ucdEeet0YmmfbMwkw,CF3,5.7524
1983,_SEzM_ucdEeet0YmmfbMwkw,CF3,5.7524
1984,_SEzM_ucdEeet0YmmfbMwkw,CF3,5.7524
1985,_SFLn8ecdEeet0YmmfbMwkw,CF1,4.0391
1986,_SFLn8ecdEeet0YmmfbMwkw,CF1,4.0391
1987,_SFLn8ecdEeet0YmmfbMwkw,CF1,4.0391
1988,_SE23vucdEeet0YmmfbMwkw,CF1,2.589
1989,_SE23vucdEeet0YmmfbMwkw,CF1,2.589
1990,_SE23vucdEeet0YmmfbMwkw,CF1,2.589
1991,_SE23vucdEeet0YmmfbMwkw,CF1,2.589
1992,_SE23vucdEeet0YmmfbMwkw,CF1,2.589
1993,_SE23vucdEeet0YmmfbMwkw,CF1,2.589
1994,_SFE6DOcdEeet0YmmfbMwkw,CF2,2.634
1995,_SFE6DOcdEeet0YmmfbMwkw,CF2,2.634
1996,_SFE6DOcdEeet0YmmfbMwkw,CF2,2.634
1997,_SFE6DOcdEeet0YmmfbMwkw,CF2,2.634
1998,_SFE6DOcdEeet0YmmfbMwkw,CF2,2.634
1999,_SFE6DOcdEeet0YmmfbMwkw,CF2,2.634
2000,_SFLBuecdEeet0YmmfbMwkw,CF3,3.1671
2001,_SFLBuecdEeet0YmmfbMwkw,CF3,3.1671
2002,_SFLBuecdEeet0YmmfbMwkw,CF3,3.1671
2003,_SFMOxecdEeet0YmmfbMwkw,CF2,4.0481
2004,_SFMOxecdEeet0YmmfbMwkw,CF2,4.0481
2005,_SFMOxecdEeet0YmmfbMwkw,CF2,4.0481
2006,_SFMOxecdEeet0YmmfbMwkw,CF2,4.0481
2007,_SFOEqucdEeet0YmmfbMwkw,CF3,4.0651
2008,_SFOEqucdEeet0YmmfbMwkw,CF3,4.0651
2009,_SEuUaOcdEeet0YmmfbMwkw,CF1,2.609
2010,_SEuUaOcdEeet0YmmfbMwkw,CF1,2.609
2011,_SEuUaOcdEeet0YmmfbMwkw,CF1,2.609
2012,_SFETTecdEeet0YmmfbMwkw,CF2,2.7641
2013,_SFETTecdEeet0YmmfbMwkw,CF2,2.7641
2014,_SFETTecdEeet0YmmfbMwkw,CF2,2.7641
2015,_SE-z0OcdEeet0YmmfbMwkw,CF1,3.8541
2016,_SE-z0OcdEeet0YmmfbMwkw,CF1,3.8541
2017,_SE-z0OcdEeet0YmmfbMwkw,CF1,3.8541
2018,_SFM2YecdEeet0YmmfbMwkw,CF2,4.2005
2019,_SFM2YecdEeet0YmmfbMwkw,CF2,4.2005
2020,_SFM2YecdEeet0YmmfbMwkw,CF2,4.2005
2021,_SFM2YecdEeet0YmmfbMwkw,CF2,4.2005
2022,_SFM2YecdEeet0YmmfbMwkw,CF2,4.2005
2023,_SFM2YecdEeet0YmmfbMwkw,CF2,4.2005
2024,_SFJLBecdEeet0YmmfbMwkw,CF3,5.2772
2025,_SFJLBecdEeet0YmmfbMwkw,CF3,5.2772
2026,_SFJLBecdEeet0YmmfbMwkw,CF3,5.2772
2027,_SFABnucdEeet0YmmfbMwkw,CF2,2.6189999999999998
2028,_SFABnucdEeet0YmmfbMwkw,CF2,2.6189999999999998
2029,_SFABnucdEeet0YmmfbMwkw,CF2,2.6189999999999998
2030,_SFFhKucdEeet0YmmfbMwkw,CF1,2.8874
2031,_SFFhKucdEeet0YmmfbMwkw,CF1,2.8874
2032,_SFFhKucdEeet0YmmfbMwkw,CF1,2.8874
2033,_SFKaZecdEeet0YmmfbMwkw,CF3,5.2852
2034,_SFKaZecdEeet0YmmfbMwkw,CF3,5.2852
2035,_SFKaZecdEeet0YmmfbMwkw,CF3,5.2852
2036,_SE_aVOcdEeet0YmmfbMwkw,CF3,3.9001
2037,_SE_aVOcdEeet0YmmfbMwkw,CF3,3.9001
2038,_SE_aVOcdEeet0YmmfbMwkw,CF3,3.9001
2039,_SFGHoOcdEeet0YmmfbMwkw,CF2,2.7671
2040,_SFGHoOcdEeet0YmmfbMwkw,CF2,2.7671
2041,_SFGHoOcdEeet0YmmfbMwkw,CF2,2.7671
2042,_SE3equcdEeet0YmmfbMwkw,CF2,2.9388
2043,_SE3equcdEeet0YmmfbMwkw,CF2,2.9388
2044,_SE3equcdEeet0YmmfbMwkw,CF2,2.9388
2045,_SE4sVecdEeet0YmmfbMwkw,CF2,2.4549
2046,_SE4sVecdEeet0YmmfbMwkw,CF2,2.4549
2047,_SE4sVecdEeet0YmmfbMwkw,CF2,2.4549
2048,_SFB2qOcdEeet0YmmfbMwkw,CF3,78.4275
2049,_SFB2qOcdEeet0YmmfbMwkw,CF3,78.2172
2050,_SFGIqOcdEeet0YmmfbMwkw,CF1,3.9931
2051,_SFGIqOcdEeet0YmmfbMwkw,CF1,3.9931
2052,_SFGIqOcdEeet0YmmfbMwkw,CF1,3.9931
2053,_SFGIqOcdEeet0YmmfbMwkw,CF1,3.9931
2054,_SFETO-cdEeet0YmmfbMwkw,CF2,2.637
2055,_SFETO-cdEeet0YmmfbMwkw,CF2,2.637
2056,_SFETO-cdEeet0YmmfbMwkw,CF2,2.637
2057,_SFETO-cdEeet0YmmfbMwkw,CF2,2.637
2058,_SFETO-cdEeet0YmmfbMwkw,CF2,2.637
2059,_SFETO-cdEeet0YmmfbMwkw,CF2,2.637
2060,_SFJzXecdEeet0YmmfbMwkw,CF1,3.1631
2061,_SFJzXecdEeet0YmmfbMwkw,CF1,3.1631
2062,_SFJzXecdEeet0YmmfbMwkw,CF1,3.1631
2063,_SFJzXecdEeet0YmmfbMwkw,CF1,3.1631
2064,_SFJzXecdEeet0YmmfbMwkw,CF1,3.1631
2065,_SFJzXecdEeet0YmmfbMwkw,CF1,3.1631
2066,_SE4FUecdEeet0YmmfbMwkw,CF2,3.8701
2067,_SE4FUecdEeet0YmmfbMwkw,CF2,3.8701
2068,_SE4FUecdEeet0YmmfbMwkw,CF2,3.8701
2069,_SFLn2-cdEeet0YmmfbMwkw,CF1,4.0381
2070,_SFLn2-cdEeet0YmmfbMwkw,CF1,4.0381
2071,_SFLn2-cdEeet0YmmfbMwkw,CF1,4.0381
2072,_SFLnTecdEeet0YmmfbMwkw,CF2,3.1691
2073,_SFLnTecdEeet0YmmfbMwkw,CF2,3.1691
2074,_SFLnTecdEeet0YmmfbMwkw,CF2,3.1691
2075,_SFLnTecdEeet0YmmfbMwkw,CF2,3.1691
2076,_SEu7n-cdEeet0YmmfbMwkw,CF2,4.8564
2077,_SEu7n-cdEeet0YmmfbMwkw,CF2,4.8564
2078,_SEu7n-cdEeet0YmmfbMwkw,CF2,4.8564
2079,_SFACROcdEeet0YmmfbMwkw,CF3,2.4629
2080,_SFACROcdEeet0YmmfbMwkw,CF3,2.4629
2081,_SFACROcdEeet0YmmfbMwkw,CF3,2.4629
2082,_SFS9GucdEeet0YmmfbMwkw,CF3,50.1889
2083,_SFS9GucdEeet0YmmfbMwkw,CF3,50.0567
2084,_SEymGucdEeet0YmmfbMwkw,CF3,3.9231
2085,_SEymGucdEeet0YmmfbMwkw,CF3,3.9231
2086,_SFKacecdEeet0YmmfbMwkw,CF1,4.0241
2087,_SFKacecdEeet0YmmfbMwkw,CF1,4.0241
2088,_SFKacecdEeet0YmmfbMwkw,CF1,4.0241
2089,_SFLB6ecdEeet0YmmfbMwkw,CF1,2.4729
2090,_SFLB6ecdEeet0YmmfbMwkw,CF1,2.4729
2091,_SFLB6ecdEeet0YmmfbMwkw,CF1,2.4729
2092,_SFOFVucdEeet0YmmfbMwkw,CF1,2.9024
2093,_SFOFVucdEeet0YmmfbMwkw,CF1,2.9024
2094,_SFOFVucdEeet0YmmfbMwkw,CF1,2.9024
2095,_SFLAbucdEeet0YmmfbMwkw,CF3,6.2632
2096,_SFLAbucdEeet0YmmfbMwkw,CF3,6.2632
2097,_SFLAbucdEeet0YmmfbMwkw,CF3,6.2632
2098,_SFNdqOcdEeet0YmmfbMwkw,CF1,2.8984
2099,_SFNdqOcdEeet0YmmfbMwkw,CF1,2.8984
2100,_SFNdqOcdEeet0YmmfbMwkw,CF1,2.8984
2101,_SFOrf-cdEeet0YmmfbMwkw,CF1,4.0701
2102,_SFOrf-cdEeet0YmmfbMwkw,CF1,4.0701
2103,_SFOrf-cdEeet0YmmfbMwkw,CF1,4.0701
2104,_SFDEwecdEeet0YmmfbMwkw,CF3,5.2602
2105,_SFDEwecdEeet0YmmfbMwkw,CF3,5.2602
2106,_SFDEwecdEeet0YmmfbMwkw,CF3,5.2602
2107,_SFDEwecdEeet0YmmfbMwkw,CF3,5.2602
2108,_SFDEwecdEeet0YmmfbMwkw,CF3,5.2602
2109,_SE3eaOcdEeet0YmmfbMwkw,CF3,3.8681
2110,_SE3eaOcdEeet0YmmfbMwkw,CF3,3.8681
2111,_SE3eaOcdEeet0YmmfbMwkw,CF3,3.8681
2112,_SFNdpOcdEeet0YmmfbMwkw,CF3,6.8719
2113,_SFNdpOcdEeet0YmmfbMwkw,CF3,6.8719
2114,_SFMPnOcdEeet0YmmfbMwkw,CF1,2.662
2115,_SFMPnOcdEeet0YmmfbMwkw,CF1,2.662
2116,_SFMPnOcdEeet0YmmfbMwkw,CF1,2.662
2117,_SFApR-cdEeet0YmmfbMwkw,CF3,2.6239999999999997
2118,_SFApR-cdEeet0YmmfbMwkw,CF3,2.6239999999999997
2119,_SFApR-cdEeet0YmmfbMwkw,CF3,2.6239999999999997
2120,_SFACAucdEeet0YmmfbMwkw,CF1,3.9331
2121,_SFACAucdEeet0YmmfbMwkw,CF1,3.9331
2122,_SFACAucdEeet0YmmfbMwkw,CF1,3.9331
2123,_SEu7iucdEeet0YmmfbMwkw,CF3,80.3698
2124,_SEu7iucdEeet0YmmfbMwkw,CF3,80.1929
2125,_SEu7iucdEeet0YmmfbMwkw,CF3,79.995
2126,_SEu7iucdEeet0YmmfbMwkw,CF3,79.995
2127,_SEu7iucdEeet0YmmfbMwkw,CF3,79.995
2128,_SEu7jecdEeet0YmmfbMwkw,CF1,5.2422
2129,_SEu7jecdEeet0YmmfbMwkw,CF1,5.2422
2130,_SEu7jecdEeet0YmmfbMwkw,CF1,5.2422
2131,_SFGwkecdEeet0YmmfbMwkw,CF1,4.0031
2132,_SFGwkecdEeet0YmmfbMwkw,CF1,4.0031
2133,_SFGwkecdEeet0YmmfbMwkw,CF1,4.0031
2134,_SFGwkecdEeet0YmmfbMwkw,CF1,4.0031
2135,_SFGwkecdEeet0YmmfbMwkw,CF1,4.0031
2136,_SFGwkecdEeet0YmmfbMwkw,CF1,4.0031
2137,_SFKZ4-cdEeet0YmmfbMwkw,CF1,2.2119999999999997
2138,_SFKZ4-cdEeet0YmmfbMwkw,CF1,2.2119999999999997
2139,_SFKZ4-cdEeet0YmmfbMwkw,CF1,2.2119999999999997
2140,_SFLAmecdEeet0YmmfbMwkw,CF3,2.656
2141,_SFLAmecdEeet0YmmfbMwkw,CF3,2.656
2142,_SFLAmecdEeet0YmmfbMwkw,CF3,2.656
2143,_SEtGGecdEeet0YmmfbMwkw,CF3,6.8449
2144,_SEtGGecdEeet0YmmfbMwkw,CF3,6.8449
2145,_SFDryecdEeet0YmmfbMwkw,CF3,5.2622
2146,_SFDryecdEeet0YmmfbMwkw,CF3,5.2622
2147,_SFDryecdEeet0YmmfbMwkw,CF3,5.2622
2148,_SFDryecdEeet0YmmfbMwkw,CF3,5.2622
2149,_SFS8eucdEeet0YmmfbMwkw,CF3,5.6188
2150,_SFS8eucdEeet0YmmfbMwkw,CF3,5.6188
2151,_SFLB7-cdEeet0YmmfbMwkw,CF3,2.22
2152,_SFLB7-cdEeet0YmmfbMwkw,CF3,2.22
2153,_SFLB7-cdEeet0YmmfbMwkw,CF3,2.22
2154,_SE8-E-cdEeet0YmmfbMwkw,CF1,3.8831
2155,_SE8-E-cdEeet0YmmfbMwkw,CF1,3.8831
2156,_SE8-E-cdEeet0YmmfbMwkw,CF1,3.8831
2157,_SE8-E-cdEeet0YmmfbMwkw,CF1,3.8831
2158,_SE8XH-cdEeet0YmmfbMwkw,CF2,2.4589
2159,_SE8XH-cdEeet0YmmfbMwkw,CF2,2.4589
2160,_SE8XH-cdEeet0YmmfbMwkw,CF2,2.4589
2161,_SFJzmecdEeet0YmmfbMwkw,CF2,2.7751
2162,_SFJzmecdEeet0YmmfbMwkw,CF2,2.7751
2163,_SFJzmecdEeet0YmmfbMwkw,CF2,2.7751
2164,_SFJyFecdEeet0YmmfbMwkw,CF3,5.2792
2165,_SFJyFecdEeet0YmmfbMwkw,CF3,5.2792
2166,_SFJyFecdEeet0YmmfbMwkw,CF3,5.2792
2167,_SFHV7OcdEeet0YmmfbMwkw,CF2,2.3441
2168,_SFHV7OcdEeet0YmmfbMwkw,CF2,2.3441
2169,_SFHV7OcdEeet0YmmfbMwkw,CF2,2.3441
2170,_SFKag-cdEeet0YmmfbMwkw,CF3,2.2159999999999997
2171,_SFKag-cdEeet0YmmfbMwkw,CF3,2.2159999999999997
2172,_SFKag-cdEeet0YmmfbMwkw,CF3,2.2159999999999997
2173,_SFJytecdEeet0YmmfbMwkw,CF1,5.2802
2174,_SFJytecdEeet0YmmfbMwkw,CF1,5.2802
2175,_SFJytecdEeet0YmmfbMwkw,CF1,5.2802
2176,_SFJytecdEeet0YmmfbMwkw,CF1,5.2802
2177,_SFJytecdEeet0YmmfbMwkw,CF1,5.2802
2178,_SFJytecdEeet0YmmfbMwkw,CF1,5.2802
2179,_SFM29-cdEeet0YmmfbMwkw,CF2,3.1701
2180,_SFM29-cdEeet0YmmfbMwkw,CF2,3.1701
2181,_SFM29-cdEeet0YmmfbMwkw,CF2,3.1701
2182,_SFM29-cdEeet0YmmfbMwkw,CF2,3.1701
2183,_SFM29-cdEeet0YmmfbMwkw,CF2,3.1701
2184,_SFM29-cdEeet0YmmfbMwkw,CF2,3.1701
2185,_SFKafecdEeet0YmmfbMwkw,CF3,3.2772
2186,_SFKafecdEeet0YmmfbMwkw,CF3,3.2772
2187,_SFKafecdEeet0YmmfbMwkw,CF3,3.2772
2188,_SFGICOcdEeet0YmmfbMwkw,CF3,3.9911
2189,_SFGICOcdEeet0YmmfbMwkw,CF3,3.9911
2190,_SFGICOcdEeet0YmmfbMwkw,CF3,3.9911
2191,_SFJzc-cdEeet0YmmfbMwkw,CF3,2.211
2192,_SFJzc-cdEeet0YmmfbMwkw,CF3,2.211
2193,_SFJzc-cdEeet0YmmfbMwkw,CF3,2.211
2194,_SFES_-cdEeet0YmmfbMwkw,CF1,3.9801
2195,_SFES_-cdEeet0YmmfbMwkw,CF1,3.9801
2196,_SFES_-cdEeet0YmmfbMwkw,CF1,3.9801
2197,_SFETCecdEeet0YmmfbMwkw,CF3,5.2672
2198,_SFETCecdEeet0YmmfbMwkw,CF3,5.2672
2199,_SFETCecdEeet0YmmfbMwkw,CF3,5.2672
2200,_SExYKucdEeet0YmmfbMwkw,CF3,3.9201
2201,_SExYKucdEeet0YmmfbMwkw,CF3,3.9201
2202,_SExYKucdEeet0YmmfbMwkw,CF3,3.9201
2203,_SExYKucdEeet0YmmfbMwkw,CF3,3.9201
2204,_SE8-P-cdEeet0YmmfbMwkw,CF1,2.8644
2205,_SE8-P-cdEeet0YmmfbMwkw,CF1,2.8644
2206,_SE8-P-cdEeet0YmmfbMwkw,CF1,2.8644
2207,_SFGH_OcdEeet0YmmfbMwkw,CF1,5.2712
2208,_SFGH_OcdEeet0YmmfbMwkw,CF1,5.2712
2209,_SFGH_OcdEeet0YmmfbMwkw,CF1,5.2712
2210,_SFGH_OcdEeet0YmmfbMwkw,CF1,5.2712
2211,_SFGH_OcdEeet0YmmfbMwkw,CF1,5.2712
2212,_SFGH_OcdEeet0YmmfbMwkw,CF1,5.2712
2213,_SFSU9ecdEeet0YmmfbMwkw,CF1,5.3102
2214,_SFSU9ecdEeet0YmmfbMwkw,CF1,5.3102
2215,_SFSU9ecdEeet0YmmfbMwkw,CF1,5.3102
2216,_SFCduucdEeet0YmmfbMwkw,CF1,2.8774
2217,_SFCduucdEeet0YmmfbMwkw,CF1,2.8774
2218,_SFCduucdEeet0YmmfbMwkw,CF1,2.8774
2219,_SFKZ2ecdEeet0YmmfbMwkw,CF1,6.8559
2220,_SFKZ2ecdEeet0YmmfbMwkw,CF1,6.8559
2221,_SE8XJecdEeet0YmmfbMwkw,CF1,2.197
2222,_SE8XJecdEeet0YmmfbMwkw,CF1,2.197
2223,_SE8XJecdEeet0YmmfbMwkw,CF1,2.197
2224,_SE-L5ecdEeet0YmmfbMwkw,CF1,5.2312
2225,_SE-L5ecdEeet0YmmfbMwkw,CF1,5.2312
2226,_SE-L5ecdEeet0YmmfbMwkw,CF1,5.2312
2227,_SE-L5ecdEeet0YmmfbMwkw,CF1,5.2312
2228,_SE-L5ecdEeet0YmmfbMwkw,CF1,5.2312
2229,_SE-L5ecdEeet0YmmfbMwkw,CF1,5.2312
2230,_SE-L5ecdEeet0YmmfbMwkw,CF1,5.2312
2231,_SE-L5ecdEeet0YmmfbMwkw,CF1,5.2312
2232,_SE-L5ecdEeet0YmmfbMwkw,CF1,5.2312
2233,_SFLAXecdEeet0YmmfbMwkw,CF1,4.0261
2234,_SFLAXecdEeet0YmmfbMwkw,CF1,4.0261
2235,_SFNdAucdEeet0YmmfbMwkw,CF2,4.8594
2236,_SFNdAucdEeet0YmmfbMwkw,CF2,4.8594
2237,_SFNdAucdEeet0YmmfbMwkw,CF2,4.8594
2238,_SFNdAucdEeet0YmmfbMwkw,CF2,4.8594
2239,_SFNdAucdEeet0YmmfbMwkw,CF2,4.8594
2240,_SFOroOcdEeet0YmmfbMwkw,CF2,2.3511
2241,_SFOroOcdEeet0YmmfbMwkw,CF2,2.3511
2242,_SFOroOcdEeet0YmmfbMwkw,CF2,2.3511
2243,_SFJzjecdEeet0YmmfbMwkw,CF2,2.4679
2244,_SFJzjecdEeet0YmmfbMwkw,CF2,2.4679
2245,_SFJzjecdEeet0YmmfbMwkw,CF2,2.4679
2246,_SFLBHecdEeet0YmmfbMwkw,CF3,4.0351
2247,_SFLBHecdEeet0YmmfbMwkw,CF3,4.0351
2248,_SFLBHecdEeet0YmmfbMwkw,CF3,4.0351
2249,_SFGu1-cdEeet0YmmfbMwkw,CF1,4.1935
2250,_SFGu1-cdEeet0YmmfbMwkw,CF1,4.1935
2251,_SFGu1-cdEeet0YmmfbMwkw,CF1,4.1935
2252,_SFGu1-cdEeet0YmmfbMwkw,CF1,4.1935
2253,_SFOFRucdEeet0YmmfbMwkw,CF3,4.247
2254,_SFOFRucdEeet0YmmfbMwkw,CF3,4.247
2255,_SFGwSecdEeet0YmmfbMwkw,CF2,2.7721
2256,_SFGwSecdEeet0YmmfbMwkw,CF2,2.7721
2257,_SFGwSecdEeet0YmmfbMwkw,CF2,2.7721
2258,_SE-zuucdEeet0YmmfbMwkw,CF1,3.8611
2259,_SE-zuucdEeet0YmmfbMwkw,CF1,3.8611
2260,_SE-zuucdEeet0YmmfbMwkw,CF1,3.8611
2261,_SFJK--cdEeet0YmmfbMwkw,CF1,4.0071
2262,_SFJK--cdEeet0YmmfbMwkw,CF1,4.0071
2263,_SFJK--cdEeet0YmmfbMwkw,CF1,4.0071
2264,_SFJK--cdEeet0YmmfbMwkw,CF1,4.0071
2265,_SFJK--cdEeet0YmmfbMwkw,CF1,4.0071
2266,_SFJK--cdEeet0YmmfbMwkw,CF1,4.0071
2267,_SE7Io-cdEeet0YmmfbMwkw,CF3,5.2402
2268,_SE7Io-cdEeet0YmmfbMwkw,CF3,5.2402
2269,_SE7Io-cdEeet0YmmfbMwkw,CF3,5.2402
2270,_SFODgecdEeet0YmmfbMwkw,CF1,2.6660000000000004
2271,_SFODgecdEeet0YmmfbMwkw,CF1,2.6660000000000004
2272,_SFODgecdEeet0YmmfbMwkw,CF1,2.6660000000000004
2273,_SFS8rOcdEeet0YmmfbMwkw,CF2,2.7781
2274,_SFS8rOcdEeet0YmmfbMwkw,CF2,2.7781
2275,_SFS8rOcdEeet0YmmfbMwkw,CF2,2.7781
2276,_SFJyEucdEeet0YmmfbMwkw,CF1,72.0641
2277,_SFJyEucdEeet0YmmfbMwkw,CF1,72.4389
2278,_SFJyEucdEeet0YmmfbMwkw,CF1,72.4389
2279,_SFJyEucdEeet0YmmfbMwkw,CF1,72.4389
2280,_SE23jOcdEeet0YmmfbMwkw,CF1,5.2372
2281,_SE23jOcdEeet0YmmfbMwkw,CF1,5.2372
2282,_SE23jOcdEeet0YmmfbMwkw,CF1,5.2372
2283,_SEu7pecdEeet0YmmfbMwkw,CF1,2.8554
2284,_SEu7pecdEeet0YmmfbMwkw,CF1,2.8554
2285,_SEu7pecdEeet0YmmfbMwkw,CF1,2.8554
2286,_SEu7pecdEeet0YmmfbMwkw,CF1,2.8554
2287,_SEu7pecdEeet0YmmfbMwkw,CF1,2.8554
2288,_SEu7pecdEeet0YmmfbMwkw,CF1,2.8554
2289,_SE9lfucdEeet0YmmfbMwkw,CF1,38.8908
2290,_SE9lfucdEeet0YmmfbMwkw,CF1,38.8908
2291,_SE9lfucdEeet0YmmfbMwkw,CF1,38.8908
2292,_SE-z9ucdEeet0YmmfbMwkw,CF2,2.5839999999999996
2293,_SE-z9ucdEeet0YmmfbMwkw,CF2,2.5839999999999996
2294,_SE-z9ucdEeet0YmmfbMwkw,CF2,2.5839999999999996
2295,_SFM1r-cdEeet0YmmfbMwkw,CF2,5.2952
2296,_SFM1r-cdEeet0YmmfbMwkw,CF2,5.2952
2297,_SFM1r-cdEeet0YmmfbMwkw,CF2,5.2952
2298,_SFM1r-cdEeet0YmmfbMwkw,CF2,5.2952
2299,_SFM1r-cdEeet0YmmfbMwkw,CF2,5.2952
2300,_SFM1r-cdEeet0YmmfbMwkw,CF2,5.2952
2301,_SFM1r-cdEeet0YmmfbMwkw,CF2,5.2952
2302,_SFM1r-cdEeet0YmmfbMwkw,CF2,5.2952
2303,_SFM1r-cdEeet0YmmfbMwkw,CF2,5.2952
2304,_SE1CkucdEeet0YmmfbMwkw,CF1,5.7424
2305,_SE1CkucdEeet0YmmfbMwkw,CF1,5.7424
2306,_SE1CkucdEeet0YmmfbMwkw,CF1,5.7424
2307,_SFSVDecdEeet0YmmfbMwkw,CF3,3.2872
2308,_SFSVDecdEeet0YmmfbMwkw,CF3,3.2872
2309,_SE8XBecdEeet0YmmfbMwkw,CF1,2.1959999999999997
2310,_SE8XBecdEeet0YmmfbMwkw,CF1,2.1959999999999997
2311,_SE8XBecdEeet0YmmfbMwkw,CF1,2.1959999999999997
2312,_SEwJr-cdEeet0YmmfbMwkw,CF2,5.2452
2313,_SEwJr-cdEeet0YmmfbMwkw,CF2,5.2452
2314,_SEwJr-cdEeet0YmmfbMwkw,CF2,5.2452
2315,_SFABYucdEeet0YmmfbMwkw,CF1,3.9301
2316,_SFABYucdEeet0YmmfbMwkw,CF1,3.9301
2317,_SFABYucdEeet0YmmfbMwkw,CF1,3.9301
2318,_SE6iF-cdEeet0YmmfbMwkw,CF2,2.595
2319,_SE6iF-cdEeet0YmmfbMwkw,CF2,2.595
2320,_SE6iF-cdEeet0YmmfbMwkw,CF2,2.595
2321,_SFLoqOcdEeet0YmmfbMwkw,CF3,2.66
2322,_SFLoqOcdEeet0YmmfbMwkw,CF3,2.66
2323,_SFLoqOcdEeet0YmmfbMwkw,CF3,2.66
2324,_SE-zVucdEeet0YmmfbMwkw,CF2,2.5860000000000003
2325,_SE-zVucdEeet0YmmfbMwkw,CF2,2.5860000000000003
2326,_SE-zVucdEeet0YmmfbMwkw,CF2,2.5860000000000003
2327,_SFLAj-cdEeet0YmmfbMwkw,CF3,2.219
2328,_SFLAj-cdEeet0YmmfbMwkw,CF3,2.219
2329,_SFLAj-cdEeet0YmmfbMwkw,CF3,2.219
2330,_SFDFV-cdEeet0YmmfbMwkw,CF1,3.9611
2331,_SFDFV-cdEeet0YmmfbMwkw,CF1,3.9611
2332,_SFDFV-cdEeet0YmmfbMwkw,CF1,3.9611
2333,_SE-L_ecdEeet0YmmfbMwkw,CF1,2.8564
2334,_SE-L_ecdEeet0YmmfbMwkw,CF1,2.8564
2335,_SE-L_ecdEeet0YmmfbMwkw,CF1,2.8564
2336,_SFABeOcdEeet0YmmfbMwkw,CF3,3.9321
2337,_SFABeOcdEeet0YmmfbMwkw,CF3,3.9321
2338,_SFABeOcdEeet0YmmfbMwkw,CF3,3.9321
2339,_SFNc7ecdEeet0YmmfbMwkw,CF3,5.7574
2340,_SFNc7ecdEeet0YmmfbMwkw,CF3,5.7574
2341,_SFNc7ecdEeet0YmmfbMwkw,CF3,5.7574
2342,_SFM2--cdEeet0YmmfbMwkw,CF2,4.0471
2343,_SFM2--cdEeet0YmmfbMwkw,CF2,4.0471
2344,_SFM2--cdEeet0YmmfbMwkw,CF2,4.0471
2345,_SFM2--cdEeet0YmmfbMwkw,CF2,4.0471
2346,_SE-z1ucdEeet0YmmfbMwkw,CF2,4.1685
2347,_SE-z1ucdEeet0YmmfbMwkw,CF2,4.1685
2348,_SE-z1ucdEeet0YmmfbMwkw,CF2,4.1685
2349,_SFDs_-cdEeet0YmmfbMwkw,CF3,3.9701
2350,_SFDs_-cdEeet0YmmfbMwkw,CF3,3.9701
2351,_SFDs_-cdEeet0YmmfbMwkw,CF3,3.9701
2352,_SE4sz-cdEeet0YmmfbMwkw,CF1,4.1735
2353,_SE4sz-cdEeet0YmmfbMwkw,CF1,4.1735
2354,_SE4sz-cdEeet0YmmfbMwkw,CF1,4.1735
2355,_SFKaYucdEeet0YmmfbMwkw,CF3,6.2622
2356,_SFKaYucdEeet0YmmfbMwkw,CF3,6.2622
2357,_SFKaYucdEeet0YmmfbMwkw,CF3,6.2622
2358,_SFDr4ecdEeet0YmmfbMwkw,CF1,2.8814
2359,_SFDr4ecdEeet0YmmfbMwkw,CF1,2.8814
2360,_SFDr4ecdEeet0YmmfbMwkw,CF1,2.8814
2361,_SFS9vOcdEeet0YmmfbMwkw,CF3,40.5306
2362,_SFS9vOcdEeet0YmmfbMwkw,CF3,40.4335
2363,_SFOsQOcdEeet0YmmfbMwkw,CF2,2.3521
2364,_SFOsQOcdEeet0YmmfbMwkw,CF2,2.3521
2365,_SFOsQOcdEeet0YmmfbMwkw,CF2,2.3521
2366,_SE8W7-cdEeet0YmmfbMwkw,CF1,3.1521
2367,_SE8W7-cdEeet0YmmfbMwkw,CF1,3.1521
2368,_SE8W7-cdEeet0YmmfbMwkw,CF1,3.1521
2369,_SFFhqOcdEeet0YmmfbMwkw,CF1,3.9871
2370,_SFFhqOcdEeet0YmmfbMwkw,CF1,3.9871
2371,_SFFhqOcdEeet0YmmfbMwkw,CF1,3.9871
2372,_SEwwpOcdEeet0YmmfbMwkw,CF1,5.7474
2373,_SEwwpOcdEeet0YmmfbMwkw,CF1,5.7474
2374,_SEwwpOcdEeet0YmmfbMwkw,CF1,5.7474
2375,_SE57PecdEeet0YmmfbMwkw,CF1,3.8731
2376,_SE57PecdEeet0YmmfbMwkw,CF1,3.8731
2377,_SE57PecdEeet0YmmfbMwkw,CF1,3.8731
2378,_SFKZOecdEeet0YmmfbMwkw,CF1,6.8589
2379,_SFKZOecdEeet0YmmfbMwkw,CF1,6.8589
2380,_SFKZOecdEeet0YmmfbMwkw,CF1,6.8589
2381,_SFMQGecdEeet0YmmfbMwkw,CF3,5.2992
2382,_SFMQGecdEeet0YmmfbMwkw,CF3,5.2992
2383,_SFMQGecdEeet0YmmfbMwkw,CF3,5.2992
2384,_SFJyq-cdEeet0YmmfbMwkw,CF1,4.0101
2385,_SFJyq-cdEeet0YmmfbMwkw,CF1,4.0101
2386,_SFJyq-cdEeet0YmmfbMwkw,CF1,4.0101
2387,_SFKZN-cdEeet0YmmfbMwkw,CF1,4.1975
2388,_SFKZN-cdEeet0YmmfbMwkw,CF1,4.1975
2389,_SFKZN-cdEeet0YmmfbMwkw,CF1,4.1975
2390,_SFOsCecdEeet0YmmfbMwkw,CF1,4.0721
2391,_SFOsCecdEeet0YmmfbMwkw,CF1,4.0721
2392,_SFOsCecdEeet0YmmfbMwkw,CF1,4.0721
2393,_SE-zxOcdEeet0YmmfbMwkw,CF3,5.2352
2394,_SE-zxOcdEeet0YmmfbMwkw,CF3,5.2352
2395,_SE-zxOcdEeet0YmmfbMwkw,CF3,5.2352
2396,_SE-z0OcdEeet0YmmfbMwkw,CF2,3.8551
2397,_SE-z0OcdEeet0YmmfbMwkw,CF2,3.8551
2398,_SE-z0OcdEeet0YmmfbMwkw,CF2,3.8551
2399,_SFS9nucdEeet0YmmfbMwkw,CF1,4.0791
2400,_SFS9nucdEeet0YmmfbMwkw,CF1,4.0791
2401,_SFS9nucdEeet0YmmfbMwkw,CF1,4.0791
2402,_SE57J-cdEeet0YmmfbMwkw,CF1,3.8721
2403,_SE57J-cdEeet0YmmfbMwkw,CF1,3.8721
2404,_SE57J-cdEeet0YmmfbMwkw,CF1,3.8721
2405,_SFS8lecdEeet0YmmfbMwkw,CF2,2.3531
2406,_SFS8lecdEeet0YmmfbMwkw,CF2,2.3531
2407,_SFS8lecdEeet0YmmfbMwkw,CF2,2.3531
2408,_SEvixOcdEeet0YmmfbMwkw,CF1,2.201
2409,_SEvixOcdEeet0YmmfbMwkw,CF1,2.201
2410,_SEvixOcdEeet0YmmfbMwkw,CF1,2.201
2411,_SFMQS-cdEeet0YmmfbMwkw,CF1,2.6630000000000003
2412,_SFMQS-cdEeet0YmmfbMwkw,CF1,2.6630000000000003
2413,_SFMQS-cdEeet0YmmfbMwkw,CF1,2.6630000000000003
2414,_SEu7tecdEeet0YmmfbMwkw,CF2,2.6060000000000003
2415,_SEu7tecdEeet0YmmfbMwkw,CF2,2.6060000000000003
2416,_SEu7tecdEeet0YmmfbMwkw,CF2,2.6060000000000003
2417,_SEu7tecdEeet0YmmfbMwkw,CF2,2.6060000000000003
2418,_SEu7tecdEeet0YmmfbMwkw,CF2,2.6060000000000003
2419,_SEu7tecdEeet0YmmfbMwkw,CF2,2.6060000000000003
2420,_SFGvfecdEeet0YmmfbMwkw,CF1,2.8944
2421,_SFGvfecdEeet0YmmfbMwkw,CF1,2.8944
2422,_SFGvfecdEeet0YmmfbMwkw,CF1,2.8944
2423,_SE23iecdEeet0YmmfbMwkw,CF1,46.7092
2424,_SE23iecdEeet0YmmfbMwkw,CF1,46.7092
2425,_SE23iecdEeet0YmmfbMwkw,CF1,46.7092
2426,_SFGwm-cdEeet0YmmfbMwkw,CF1,4.0041
2427,_SFGwm-cdEeet0YmmfbMwkw,CF1,4.0041
2428,_SFGwm-cdEeet0YmmfbMwkw,CF1,4.0041
2429,_SFGwm-cdEeet0YmmfbMwkw,CF1,4.0041
2430,_SFGwm-cdEeet0YmmfbMwkw,CF1,4.0041
2431,_SFGwm-cdEeet0YmmfbMwkw,CF1,4.0041
2432,_SFGwm-cdEeet0YmmfbMwkw,CF1,4.0041
2433,_SFGv8ecdEeet0YmmfbMwkw,CF1,3.9991
2434,_SFGv8ecdEeet0YmmfbMwkw,CF1,3.9991
2435,_SFGv8ecdEeet0YmmfbMwkw,CF1,3.9991
2436,_SFGv8ecdEeet0YmmfbMwkw,CF1,3.9991
2437,_SFFhROcdEeet0YmmfbMwkw,CF2,2.64
2438,_SFFhROcdEeet0YmmfbMwkw,CF2,2.64
2439,_SFFhROcdEeet0YmmfbMwkw,CF2,2.64
2440,_SFFhROcdEeet0YmmfbMwkw,CF2,2.64
2441,_SFFhROcdEeet0YmmfbMwkw,CF2,2.64
2442,_SFFhROcdEeet0YmmfbMwkw,CF2,2.64
2443,_SE7wGecdEeet0YmmfbMwkw,CF1,3.8811
2444,_SE7wGecdEeet0YmmfbMwkw,CF1,3.8811
2445,_SE4GA-cdEeet0YmmfbMwkw,CF1,2.193
2446,_SE4GA-cdEeet0YmmfbMwkw,CF1,2.193
2447,_SE4GA-cdEeet0YmmfbMwkw,CF1,2.193
2448,_SFJyvecdEeet0YmmfbMwkw,CF3,4.2410000000000005
2449,_SFJyvecdEeet0YmmfbMwkw,CF3,4.2410000000000005
2450,_SFJyvecdEeet0YmmfbMwkw,CF3,4.2410000000000005
2451,_SE9lYOcdEeet0YmmfbMwkw,CF1,3.8931
2452,_SE9lYOcdEeet0YmmfbMwkw,CF1,3.8931
2453,_SE9lYOcdEeet0YmmfbMwkw,CF1,3.8931
2454,_SE9lYOcdEeet0YmmfbMwkw,CF1,3.8931
2455,_SE9lYOcdEeet0YmmfbMwkw,CF1,3.8931
2456,_SE9lYOcdEeet0YmmfbMwkw,CF1,3.8931
2457,_SE9lYOcdEeet0YmmfbMwkw,CF1,3.8931
2458,_SE9lYOcdEeet0YmmfbMwkw,CF1,3.8931
2459,_SE9lYOcdEeet0YmmfbMwkw,CF1,3.8931
2460,_SEz0XOcdEeet0YmmfbMwkw,CF3,31.8733
2461,_SEz0XOcdEeet0YmmfbMwkw,CF3,31.7106
2462,_SFESrecdEeet0YmmfbMwkw,CF2,2.7631
2463,_SFESrecdEeet0YmmfbMwkw,CF2,2.7631
2464,_SFESrecdEeet0YmmfbMwkw,CF2,2.7631
2465,_SFACPucdEeet0YmmfbMwkw,CF2,2.62
2466,_SFACPucdEeet0YmmfbMwkw,CF2,2.62
2467,_SFACPucdEeet0YmmfbMwkw,CF2,2.62
2468,_SE-MF-cdEeet0YmmfbMwkw,CF2,2.583
2469,_SE-MF-cdEeet0YmmfbMwkw,CF2,2.583
2470,_SE-MF-cdEeet0YmmfbMwkw,CF2,2.583
2471,_SFGItOcdEeet0YmmfbMwkw,CF1,2.8904
2472,_SFGItOcdEeet0YmmfbMwkw,CF1,2.8904
2473,_SFGItOcdEeet0YmmfbMwkw,CF1,2.8904
2474,_SFLB3ucdEeet0YmmfbMwkw,CF2,2.3471
2475,_SFLB3ucdEeet0YmmfbMwkw,CF2,2.3471
2476,_SFLB3ucdEeet0YmmfbMwkw,CF2,2.3471
2477,_SFDsX-cdEeet0YmmfbMwkw,CF1,3.9671
2478,_SFDsX-cdEeet0YmmfbMwkw,CF1,3.9671
2479,_SFDsX-cdEeet0YmmfbMwkw,CF1,3.9671
