,Optimal_Affected_Component_Uid,Optimal_Failure,sqt
0,_SFJzUucdEeet0YmmfbMwkw,CF3,12.6837
1,_SFJzUucdEeet0YmmfbMwkw,CF3,12.6837
2,_SFJzUucdEeet0YmmfbMwkw,CF3,12.6837
3,_SFKZG-cdEeet0YmmfbMwkw,CF1,6.1728
4,_SFKZG-cdEeet0YmmfbMwkw,CF1,6.1728
5,_SFKZG-cdEeet0YmmfbMwkw,CF1,6.1728
6,_SE4FQucdEeet0YmmfbMwkw,CF3,10.1562
7,_SE4FQucdEeet0YmmfbMwkw,CF3,10.1562
8,_SE4FQucdEeet0YmmfbMwkw,CF3,10.1562
9,_SFMPb-cdEeet0YmmfbMwkw,CF1,6.2078
10,_SFMPb-cdEeet0YmmfbMwkw,CF1,6.2078
11,_SFMPb-cdEeet0YmmfbMwkw,CF1,6.2078
12,_SEu7lecdEeet0YmmfbMwkw,CF3,6.5304
13,_SEu7lecdEeet0YmmfbMwkw,CF3,6.5304
14,_SEu7lecdEeet0YmmfbMwkw,CF3,6.5304
15,_SEuUd-cdEeet0YmmfbMwkw,CF1,3.4204
16,_SEuUd-cdEeet0YmmfbMwkw,CF1,3.4204
17,_SEuUd-cdEeet0YmmfbMwkw,CF1,3.4204
18,_SE5TmucdEeet0YmmfbMwkw,CF1,6.0318
19,_SE5TmucdEeet0YmmfbMwkw,CF1,6.0318
20,_SE5TmucdEeet0YmmfbMwkw,CF1,6.0318
21,_SE5TmucdEeet0YmmfbMwkw,CF1,6.0318
22,_SE5TmucdEeet0YmmfbMwkw,CF1,6.0318
23,_SE5TmucdEeet0YmmfbMwkw,CF1,6.0318
24,_SFKajecdEeet0YmmfbMwkw,CF3,3.4634
25,_SFKajecdEeet0YmmfbMwkw,CF3,3.4634
26,_SFKajecdEeet0YmmfbMwkw,CF3,3.4634
27,_SEu7uucdEeet0YmmfbMwkw,CF3,3.654
28,_SEu7uucdEeet0YmmfbMwkw,CF3,3.654
29,_SEu7uucdEeet0YmmfbMwkw,CF3,3.654
30,_SFOrh-cdEeet0YmmfbMwkw,CF3,109.8471
31,_SFOrh-cdEeet0YmmfbMwkw,CF3,109.5583
32,_SFLBJecdEeet0YmmfbMwkw,CF3,13.1095
33,_SFLBJecdEeet0YmmfbMwkw,CF3,13.1095
34,_SFLBJecdEeet0YmmfbMwkw,CF3,13.1095
35,_SExXzOcdEeet0YmmfbMwkw,CF1,3.1758
36,_SExXzOcdEeet0YmmfbMwkw,CF1,3.1758
37,_SExXzOcdEeet0YmmfbMwkw,CF1,3.1758
38,_SE_aWucdEeet0YmmfbMwkw,CF2,6.4421
39,_SE_aWucdEeet0YmmfbMwkw,CF2,6.4421
40,_SE_aWucdEeet0YmmfbMwkw,CF2,6.4421
41,_SE_aWucdEeet0YmmfbMwkw,CF2,6.4421
42,_SEx_IecdEeet0YmmfbMwkw,CF3,8.9883
43,_SEx_IecdEeet0YmmfbMwkw,CF3,8.9883
44,_SFLnWecdEeet0YmmfbMwkw,CF3,13.1105
45,_SFLnWecdEeet0YmmfbMwkw,CF3,13.1105
46,_SFLnWecdEeet0YmmfbMwkw,CF3,13.1105
47,_SFGIpOcdEeet0YmmfbMwkw,CF1,4.4212
48,_SFGIpOcdEeet0YmmfbMwkw,CF1,4.4212
49,_SFGIpOcdEeet0YmmfbMwkw,CF1,4.4212
50,_SFGIpOcdEeet0YmmfbMwkw,CF1,4.4212
51,_SFGIpOcdEeet0YmmfbMwkw,CF1,4.4212
52,_SFGIpOcdEeet0YmmfbMwkw,CF1,4.4212
53,_SFApHecdEeet0YmmfbMwkw,CF2,6.5344
54,_SFApHecdEeet0YmmfbMwkw,CF2,6.5344
55,_SFApHecdEeet0YmmfbMwkw,CF2,6.5344
56,_SFApHecdEeet0YmmfbMwkw,CF2,6.5344
57,_SFApHecdEeet0YmmfbMwkw,CF2,6.5344
58,_SEx-rucdEeet0YmmfbMwkw,CF2,2.9525
59,_SEx-rucdEeet0YmmfbMwkw,CF2,2.9525
60,_SEx-rucdEeet0YmmfbMwkw,CF2,2.9525
61,_SFNdmOcdEeet0YmmfbMwkw,CF3,4.4472
62,_SFNdmOcdEeet0YmmfbMwkw,CF3,4.4472
63,_SFNdmOcdEeet0YmmfbMwkw,CF3,4.4472
64,_SFODp-cdEeet0YmmfbMwkw,CF2,3.1938
65,_SFODp-cdEeet0YmmfbMwkw,CF2,3.1938
66,_SFODp-cdEeet0YmmfbMwkw,CF2,3.1938
67,_SFOri-cdEeet0YmmfbMwkw,CF3,4.669
68,_SFOri-cdEeet0YmmfbMwkw,CF3,4.669
69,_SFLBp-cdEeet0YmmfbMwkw,CF1,6.1928
70,_SFLBp-cdEeet0YmmfbMwkw,CF1,6.1928
71,_SFLBp-cdEeet0YmmfbMwkw,CF1,6.1928
72,_SFLBp-cdEeet0YmmfbMwkw,CF1,6.1928
73,_SFLBp-cdEeet0YmmfbMwkw,CF1,6.1928
74,_SFLBp-cdEeet0YmmfbMwkw,CF1,6.1928
75,_SFS9wOcdEeet0YmmfbMwkw,CF3,4.672
76,_SFS9wOcdEeet0YmmfbMwkw,CF3,4.672
77,_SFGwGecdEeet0YmmfbMwkw,CF1,13.0995
78,_SFGwGecdEeet0YmmfbMwkw,CF1,13.0995
79,_SFGwGecdEeet0YmmfbMwkw,CF1,13.0995
80,_SFGwGecdEeet0YmmfbMwkw,CF1,13.0995
81,_SFGwGecdEeet0YmmfbMwkw,CF1,13.0995
82,_SFGwGecdEeet0YmmfbMwkw,CF1,13.0995
83,_SEz0R-cdEeet0YmmfbMwkw,CF1,10.1672
84,_SEz0R-cdEeet0YmmfbMwkw,CF1,10.1672
85,_SEz0R-cdEeet0YmmfbMwkw,CF1,10.1672
86,_SFApLecdEeet0YmmfbMwkw,CF1,3.8633
87,_SFApLecdEeet0YmmfbMwkw,CF1,3.8633
88,_SFApLecdEeet0YmmfbMwkw,CF1,3.8633
89,_SE3ehOcdEeet0YmmfbMwkw,CF1,8.0197
90,_SE3ehOcdEeet0YmmfbMwkw,CF1,8.0197
91,_SE3ehOcdEeet0YmmfbMwkw,CF1,8.0197
92,_SE3ehOcdEeet0YmmfbMwkw,CF1,8.0197
93,_SE3ehOcdEeet0YmmfbMwkw,CF1,8.0197
94,_SE3ehOcdEeet0YmmfbMwkw,CF1,8.0197
95,_SE23oOcdEeet0YmmfbMwkw,CF1,128.7097
96,_SE23oOcdEeet0YmmfbMwkw,CF1,129.6114
97,_SE23oOcdEeet0YmmfbMwkw,CF1,128.7097
98,_SE23oOcdEeet0YmmfbMwkw,CF1,129.6114
99,_SE23oOcdEeet0YmmfbMwkw,CF1,128.7097
100,_SE23oOcdEeet0YmmfbMwkw,CF1,129.6114
101,_SFMOcecdEeet0YmmfbMwkw,CF3,3.1908
102,_SFMOcecdEeet0YmmfbMwkw,CF3,3.1908
103,_SFMOcecdEeet0YmmfbMwkw,CF3,3.1908
104,_SFBPaucdEeet0YmmfbMwkw,CF1,6.1038
105,_SFBPaucdEeet0YmmfbMwkw,CF1,6.1038
106,_SFBPaucdEeet0YmmfbMwkw,CF1,6.1038
107,_SE7Iq-cdEeet0YmmfbMwkw,CF3,6.5294
108,_SE7Iq-cdEeet0YmmfbMwkw,CF3,6.5294
109,_SE7Iq-cdEeet0YmmfbMwkw,CF3,6.5294
110,_SFDr0ecdEeet0YmmfbMwkw,CF3,190.6713
111,_SFDr0ecdEeet0YmmfbMwkw,CF3,190.1029
112,_SFOraecdEeet0YmmfbMwkw,CF1,6.2258
113,_SFOraecdEeet0YmmfbMwkw,CF1,6.2258
114,_SFOraecdEeet0YmmfbMwkw,CF1,6.2258
115,_SFGv--cdEeet0YmmfbMwkw,CF1,6.1548
116,_SFGv--cdEeet0YmmfbMwkw,CF1,6.1548
117,_SFGv--cdEeet0YmmfbMwkw,CF1,6.1548
118,_SE7wFecdEeet0YmmfbMwkw,CF1,4.4272
119,_SE7wFecdEeet0YmmfbMwkw,CF1,4.4272
120,_SFLokecdEeet0YmmfbMwkw,CF2,6.2018
121,_SFLokecdEeet0YmmfbMwkw,CF2,6.2018
122,_SFLokecdEeet0YmmfbMwkw,CF2,6.2018
123,_SFLokecdEeet0YmmfbMwkw,CF2,6.2018
124,_SFLokecdEeet0YmmfbMwkw,CF2,6.2018
125,_SFLokecdEeet0YmmfbMwkw,CF2,6.2018
126,_SEzz3OcdEeet0YmmfbMwkw,CF1,3.4274
127,_SEzz3OcdEeet0YmmfbMwkw,CF1,3.4274
128,_SEzz3OcdEeet0YmmfbMwkw,CF1,3.4274
129,_SFLnfecdEeet0YmmfbMwkw,CF3,3.1878
130,_SFLnfecdEeet0YmmfbMwkw,CF3,3.1878
131,_SFLnfecdEeet0YmmfbMwkw,CF3,3.1878
132,_SE8XmecdEeet0YmmfbMwkw,CF1,6.4401
133,_SE8XmecdEeet0YmmfbMwkw,CF1,6.4401
134,_SE8XmecdEeet0YmmfbMwkw,CF1,6.4401
135,_SE8XmecdEeet0YmmfbMwkw,CF1,6.4401
136,_SFJLBecdEeet0YmmfbMwkw,CF1,9.0123
137,_SFJLBecdEeet0YmmfbMwkw,CF1,9.0123
138,_SFJLBecdEeet0YmmfbMwkw,CF1,9.0123
139,_SFMPjecdEeet0YmmfbMwkw,CF2,13.1145
140,_SFMPjecdEeet0YmmfbMwkw,CF2,13.1145
141,_SFMPjecdEeet0YmmfbMwkw,CF2,13.1145
142,_SFM2T-cdEeet0YmmfbMwkw,CF2,9.0323
143,_SFM2T-cdEeet0YmmfbMwkw,CF2,9.0323
144,_SFM2T-cdEeet0YmmfbMwkw,CF2,9.0323
145,_SFM2T-cdEeet0YmmfbMwkw,CF2,9.0323
146,_SFM2T-cdEeet0YmmfbMwkw,CF2,9.0323
147,_SFM2T-cdEeet0YmmfbMwkw,CF2,9.0323
148,_SFB2iucdEeet0YmmfbMwkw,CF1,6.0978
149,_SFB2iucdEeet0YmmfbMwkw,CF1,6.0978
150,_SFB2iucdEeet0YmmfbMwkw,CF1,6.0978
151,_SFSVIucdEeet0YmmfbMwkw,CF2,2.9695
152,_SFSVIucdEeet0YmmfbMwkw,CF2,2.9695
153,_SFSVIucdEeet0YmmfbMwkw,CF2,2.9695
154,_SE-MvecdEeet0YmmfbMwkw,CF2,3.1668
155,_SE-MvecdEeet0YmmfbMwkw,CF2,3.1668
156,_SE-MvecdEeet0YmmfbMwkw,CF2,3.1668
157,_SE-zLOcdEeet0YmmfbMwkw,CF1,4.4252
158,_SE-zLOcdEeet0YmmfbMwkw,CF1,4.4252
159,_SE-zLOcdEeet0YmmfbMwkw,CF1,4.4252
160,_SE-zLOcdEeet0YmmfbMwkw,CF1,4.4252
161,_SFETIecdEeet0YmmfbMwkw,CF1,3.8763
162,_SFETIecdEeet0YmmfbMwkw,CF1,3.8763
163,_SFETIecdEeet0YmmfbMwkw,CF1,3.8763
164,_SE_bAOcdEeet0YmmfbMwkw,CF1,3.8573
165,_SE_bAOcdEeet0YmmfbMwkw,CF1,3.8573
166,_SE_bAOcdEeet0YmmfbMwkw,CF1,3.8573
167,_SE7wA-cdEeet0YmmfbMwkw,CF1,6.0358
168,_SE7wA-cdEeet0YmmfbMwkw,CF1,6.0358
169,_SE7wA-cdEeet0YmmfbMwkw,CF1,6.0358
170,_SFGvW-cdEeet0YmmfbMwkw,CF1,6.1568
171,_SFGvW-cdEeet0YmmfbMwkw,CF1,6.1568
172,_SFGvW-cdEeet0YmmfbMwkw,CF1,6.1568
173,_SE0bSucdEeet0YmmfbMwkw,CF1,6.4331
174,_SE0bSucdEeet0YmmfbMwkw,CF1,6.4331
175,_SE0bSucdEeet0YmmfbMwkw,CF1,6.4331
176,_SFKaeecdEeet0YmmfbMwkw,CF2,13.1065
177,_SFKaeecdEeet0YmmfbMwkw,CF2,13.1065
178,_SFKaeecdEeet0YmmfbMwkw,CF2,13.1065
179,_SFGuxecdEeet0YmmfbMwkw,CF3,9.0093
180,_SFGuxecdEeet0YmmfbMwkw,CF3,9.0093
181,_SFGuxecdEeet0YmmfbMwkw,CF3,9.0093
182,_SFGu0ecdEeet0YmmfbMwkw,CF3,6.1528
183,_SFGu0ecdEeet0YmmfbMwkw,CF3,6.1528
184,_SFGu0ecdEeet0YmmfbMwkw,CF3,6.1528
185,_SFLBEecdEeet0YmmfbMwkw,CF2,9.0243
186,_SFLBEecdEeet0YmmfbMwkw,CF2,9.0243
187,_SFLBEecdEeet0YmmfbMwkw,CF2,9.0243
188,_SEz0QOcdEeet0YmmfbMwkw,CF2,6.0818
189,_SEz0QOcdEeet0YmmfbMwkw,CF2,6.0818
190,_SEz0QOcdEeet0YmmfbMwkw,CF2,6.0818
191,_SFSWMucdEeet0YmmfbMwkw,CF3,173.1429
192,_SFSWMucdEeet0YmmfbMwkw,CF3,172.6503
193,_SFDEyecdEeet0YmmfbMwkw,CF3,6.5364
194,_SFDEyecdEeet0YmmfbMwkw,CF3,6.5364
195,_SFS9TOcdEeet0YmmfbMwkw,CF2,3.681
196,_SFS9TOcdEeet0YmmfbMwkw,CF2,3.681
197,_SFS9TOcdEeet0YmmfbMwkw,CF2,3.681
198,_SFGwKOcdEeet0YmmfbMwkw,CF1,3.4544
199,_SFGwKOcdEeet0YmmfbMwkw,CF1,3.4544
200,_SFGwKOcdEeet0YmmfbMwkw,CF1,3.4544
201,_SFS8_ucdEeet0YmmfbMwkw,CF1,6.2328
202,_SFS8_ucdEeet0YmmfbMwkw,CF1,6.2328
203,_SFS8_ucdEeet0YmmfbMwkw,CF1,6.2328
204,_SFGIkucdEeet0YmmfbMwkw,CF1,6.1488
205,_SFGIkucdEeet0YmmfbMwkw,CF1,6.1488
206,_SFGIkucdEeet0YmmfbMwkw,CF1,6.1488
207,_SFGIkucdEeet0YmmfbMwkw,CF1,6.1488
208,_SFGIkucdEeet0YmmfbMwkw,CF1,6.1488
209,_SFGIkucdEeet0YmmfbMwkw,CF1,6.1488
210,_SE6h9-cdEeet0YmmfbMwkw,CF3,8.0227
211,_SE6h9-cdEeet0YmmfbMwkw,CF3,8.0227
212,_SE6h9-cdEeet0YmmfbMwkw,CF3,8.0227
213,_SFLoe-cdEeet0YmmfbMwkw,CF1,6.2008
214,_SFLoe-cdEeet0YmmfbMwkw,CF1,6.2008
215,_SFLoe-cdEeet0YmmfbMwkw,CF1,6.2008
216,_SFKZQ-cdEeet0YmmfbMwkw,CF1,2.7201
217,_SFKZQ-cdEeet0YmmfbMwkw,CF1,2.7201
218,_SFKZQ-cdEeet0YmmfbMwkw,CF1,2.7201
219,_SE7wH-cdEeet0YmmfbMwkw,CF2,8.0247
220,_SE7wH-cdEeet0YmmfbMwkw,CF2,8.0247
221,_SE7wH-cdEeet0YmmfbMwkw,CF2,8.0247
222,_SFLpJecdEeet0YmmfbMwkw,CF3,9.0303
223,_SFLpJecdEeet0YmmfbMwkw,CF3,9.0303
224,_SFLpJecdEeet0YmmfbMwkw,CF3,9.0303
225,_SFGIFOcdEeet0YmmfbMwkw,CF1,3.8793
226,_SFGIFOcdEeet0YmmfbMwkw,CF1,3.8793
227,_SFGIFOcdEeet0YmmfbMwkw,CF1,3.8793
228,_SFOq3-cdEeet0YmmfbMwkw,CF3,6.2248
229,_SFOq3-cdEeet0YmmfbMwkw,CF3,6.2248
230,_SFB2rOcdEeet0YmmfbMwkw,CF1,3.8643
231,_SFB2rOcdEeet0YmmfbMwkw,CF1,3.8643
232,_SFB2rOcdEeet0YmmfbMwkw,CF1,3.8643
233,_SFOEBucdEeet0YmmfbMwkw,CF2,6.5424
234,_SFOEBucdEeet0YmmfbMwkw,CF2,6.5424
235,_SFOD9OcdEeet0YmmfbMwkw,CF3,6.2188
236,_SFOD9OcdEeet0YmmfbMwkw,CF3,6.2188
237,_SFDE2ecdEeet0YmmfbMwkw,CF1,3.8693
238,_SFDE2ecdEeet0YmmfbMwkw,CF1,3.8693
239,_SFDE2ecdEeet0YmmfbMwkw,CF1,3.8693
240,_SFKZ1-cdEeet0YmmfbMwkw,CF1,6.4591
241,_SFKZ1-cdEeet0YmmfbMwkw,CF1,6.4591
242,_SFKZ1-cdEeet0YmmfbMwkw,CF1,6.4591
243,_SFKZ1-cdEeet0YmmfbMwkw,CF1,6.4591
244,_SFNdBOcdEeet0YmmfbMwkw,CF2,13.1165
245,_SFNdBOcdEeet0YmmfbMwkw,CF2,13.1165
246,_SFNdBOcdEeet0YmmfbMwkw,CF2,13.1165
247,_SFSW3ecdEeet0YmmfbMwkw,CF3,6.5474
248,_SFSW3ecdEeet0YmmfbMwkw,CF3,6.5474
249,_SE1B6-cdEeet0YmmfbMwkw,CF1,6.0188
250,_SE1B6-cdEeet0YmmfbMwkw,CF1,6.0188
251,_SE1B6-cdEeet0YmmfbMwkw,CF1,6.0188
252,_SE1B6-cdEeet0YmmfbMwkw,CF1,6.0188
253,_SE1B6-cdEeet0YmmfbMwkw,CF1,6.0188
254,_SE1B6-cdEeet0YmmfbMwkw,CF1,6.0188
255,_SFKZMecdEeet0YmmfbMwkw,CF1,6.1748
256,_SFKZMecdEeet0YmmfbMwkw,CF1,6.1748
257,_SFKZMecdEeet0YmmfbMwkw,CF1,6.1748
258,_SFKZMecdEeet0YmmfbMwkw,CF1,6.1748
259,_SFKZMecdEeet0YmmfbMwkw,CF1,6.1748
260,_SFB3KucdEeet0YmmfbMwkw,CF1,6.1018
261,_SFB3KucdEeet0YmmfbMwkw,CF1,6.1018
262,_SFB3KucdEeet0YmmfbMwkw,CF1,6.1018
263,_SFB3KucdEeet0YmmfbMwkw,CF1,6.1018
264,_SFB3KucdEeet0YmmfbMwkw,CF1,6.1018
265,_SFB3KucdEeet0YmmfbMwkw,CF1,6.1018
266,_SEwJwecdEeet0YmmfbMwkw,CF2,6.4471
267,_SEwJwecdEeet0YmmfbMwkw,CF2,6.4471
268,_SEwJwecdEeet0YmmfbMwkw,CF2,6.4471
269,_SFCd1OcdEeet0YmmfbMwkw,CF2,3.4374
270,_SFCd1OcdEeet0YmmfbMwkw,CF2,3.4374
271,_SFCd1OcdEeet0YmmfbMwkw,CF2,3.4374
272,_SFMPeecdEeet0YmmfbMwkw,CF3,9.0333
273,_SFMPeecdEeet0YmmfbMwkw,CF3,9.0333
274,_SFMPeecdEeet0YmmfbMwkw,CF3,9.0333
275,_SFJyFecdEeet0YmmfbMwkw,CF1,9.0143
276,_SFJyFecdEeet0YmmfbMwkw,CF1,9.0143
277,_SFJyFecdEeet0YmmfbMwkw,CF1,9.0143
278,_SFJyFecdEeet0YmmfbMwkw,CF1,9.0143
279,_SFJyFecdEeet0YmmfbMwkw,CF1,9.0143
280,_SFJyFecdEeet0YmmfbMwkw,CF1,9.0143
281,_SFJyFecdEeet0YmmfbMwkw,CF1,9.0143
282,_SFJyFecdEeet0YmmfbMwkw,CF1,9.0143
283,_SFJyFecdEeet0YmmfbMwkw,CF1,9.0143
284,_SFOFUOcdEeet0YmmfbMwkw,CF3,9.8292
285,_SFOFUOcdEeet0YmmfbMwkw,CF3,9.8292
286,_SFFhGucdEeet0YmmfbMwkw,CF3,6.5384
287,_SFFhGucdEeet0YmmfbMwkw,CF3,6.5384
288,_SFFhGucdEeet0YmmfbMwkw,CF3,6.5384
289,_SFB2pucdEeet0YmmfbMwkw,CF3,137.1534
290,_SFB2pucdEeet0YmmfbMwkw,CF3,136.7541
291,_SE0bW-cdEeet0YmmfbMwkw,CF1,3.3964
292,_SE0bW-cdEeet0YmmfbMwkw,CF1,3.3964
293,_SE0bW-cdEeet0YmmfbMwkw,CF1,3.3964
294,_SFKag-cdEeet0YmmfbMwkw,CF1,2.7211
295,_SFKag-cdEeet0YmmfbMwkw,CF1,2.7211
296,_SFKag-cdEeet0YmmfbMwkw,CF1,2.7211
297,_SFGu9-cdEeet0YmmfbMwkw,CF2,3.4524
298,_SFGu9-cdEeet0YmmfbMwkw,CF2,3.4524
299,_SFGu9-cdEeet0YmmfbMwkw,CF2,3.4524
300,_SFGu9-cdEeet0YmmfbMwkw,CF2,3.4524
301,_SFGu9-cdEeet0YmmfbMwkw,CF2,3.4524
302,_SFGu9-cdEeet0YmmfbMwkw,CF2,3.4524
303,_SEwwnecdEeet0YmmfbMwkw,CF1,6.0698
304,_SEwwnecdEeet0YmmfbMwkw,CF1,6.0698
305,_SEwwnecdEeet0YmmfbMwkw,CF1,6.0698
306,_SFJzc-cdEeet0YmmfbMwkw,CF1,2.7161
307,_SFJzc-cdEeet0YmmfbMwkw,CF1,2.7161
308,_SFJzc-cdEeet0YmmfbMwkw,CF1,2.7161
309,_SFKZzecdEeet0YmmfbMwkw,CF3,4.4432
310,_SFKZzecdEeet0YmmfbMwkw,CF3,4.4432
311,_SFKZzecdEeet0YmmfbMwkw,CF3,4.4432
312,_SFLnUecdEeet0YmmfbMwkw,CF3,6.1998
313,_SFLnUecdEeet0YmmfbMwkw,CF3,6.1998
314,_SFLnUecdEeet0YmmfbMwkw,CF3,6.1998
315,_SFLBNOcdEeet0YmmfbMwkw,CF3,3.4674
316,_SFLBNOcdEeet0YmmfbMwkw,CF3,3.4674
317,_SFLBNOcdEeet0YmmfbMwkw,CF3,3.4674
318,_SFDsDecdEeet0YmmfbMwkw,CF2,3.661
319,_SFDsDecdEeet0YmmfbMwkw,CF2,3.661
320,_SFDsDecdEeet0YmmfbMwkw,CF2,3.661
321,_SFETNucdEeet0YmmfbMwkw,CF1,2.9555
322,_SFETNucdEeet0YmmfbMwkw,CF1,2.9555
323,_SFETNucdEeet0YmmfbMwkw,CF1,2.9555
324,_SFNds-cdEeet0YmmfbMwkw,CF1,3.4734
325,_SFNds-cdEeet0YmmfbMwkw,CF1,3.4734
326,_SFNds-cdEeet0YmmfbMwkw,CF1,3.4734
327,_SFFgtucdEeet0YmmfbMwkw,CF2,3.6660000000000004
328,_SFFgtucdEeet0YmmfbMwkw,CF2,3.6660000000000004
329,_SFFgtucdEeet0YmmfbMwkw,CF2,3.6660000000000004
330,_SE23lOcdEeet0YmmfbMwkw,CF1,4.4382
331,_SE23lOcdEeet0YmmfbMwkw,CF1,4.4382
332,_SE23lOcdEeet0YmmfbMwkw,CF1,4.4382
333,_SE-MhecdEeet0YmmfbMwkw,CF3,8.9703
334,_SE-MhecdEeet0YmmfbMwkw,CF3,8.9703
335,_SE-MhecdEeet0YmmfbMwkw,CF3,8.9703
336,_SFKal-cdEeet0YmmfbMwkw,CF3,3.4644
337,_SFKal-cdEeet0YmmfbMwkw,CF3,3.4644
338,_SFKal-cdEeet0YmmfbMwkw,CF3,3.4644
339,_SFE58ucdEeet0YmmfbMwkw,CF1,3.8733
340,_SFE58ucdEeet0YmmfbMwkw,CF1,3.8733
341,_SFE58ucdEeet0YmmfbMwkw,CF1,3.8733
342,_SE9k1ucdEeet0YmmfbMwkw,CF3,6.0478
343,_SE9k1ucdEeet0YmmfbMwkw,CF3,6.0478
344,_SE9k1ucdEeet0YmmfbMwkw,CF3,6.0478
345,_SFLBB-cdEeet0YmmfbMwkw,CF2,6.1888
346,_SFLBB-cdEeet0YmmfbMwkw,CF2,6.1888
347,_SFLBB-cdEeet0YmmfbMwkw,CF2,6.1888
348,_SFLBB-cdEeet0YmmfbMwkw,CF2,6.1888
349,_SFLBB-cdEeet0YmmfbMwkw,CF2,6.1888
350,_SFLnO-cdEeet0YmmfbMwkw,CF1,6.1978
351,_SFLnO-cdEeet0YmmfbMwkw,CF1,6.1978
352,_SFLnO-cdEeet0YmmfbMwkw,CF1,6.1978
353,_SFLnO-cdEeet0YmmfbMwkw,CF1,6.1978
354,_SFLnO-cdEeet0YmmfbMwkw,CF1,6.1978
355,_SFLnO-cdEeet0YmmfbMwkw,CF1,6.1978
356,_SFLnO-cdEeet0YmmfbMwkw,CF1,6.1978
357,_SFLnO-cdEeet0YmmfbMwkw,CF1,6.1978
358,_SFLnO-cdEeet0YmmfbMwkw,CF1,6.1978
359,_SFBPhucdEeet0YmmfbMwkw,CF2,8.916
360,_SFBPhucdEeet0YmmfbMwkw,CF2,8.916
361,_SFBPhucdEeet0YmmfbMwkw,CF2,8.916
362,_SFBPhucdEeet0YmmfbMwkw,CF2,8.916
363,_SFGwHecdEeet0YmmfbMwkw,CF1,3.8853
364,_SFGwHecdEeet0YmmfbMwkw,CF1,3.8853
365,_SFGwHecdEeet0YmmfbMwkw,CF1,3.8853
366,_SFNd2ecdEeet0YmmfbMwkw,CF2,3.1928
367,_SFNd2ecdEeet0YmmfbMwkw,CF2,3.1928
368,_SFNd2ecdEeet0YmmfbMwkw,CF2,3.1928
369,_SEyloOcdEeet0YmmfbMwkw,CF2,3.4254
370,_SEyloOcdEeet0YmmfbMwkw,CF2,3.4254
371,_SEyloOcdEeet0YmmfbMwkw,CF2,3.4254
372,_SFS9NecdEeet0YmmfbMwkw,CF2,2.9685
373,_SFS9NecdEeet0YmmfbMwkw,CF2,2.9685
374,_SFS9NecdEeet0YmmfbMwkw,CF2,2.9685
375,_SFMQD-cdEeet0YmmfbMwkw,CF1,6.2098
376,_SFMQD-cdEeet0YmmfbMwkw,CF1,6.2098
377,_SFMQD-cdEeet0YmmfbMwkw,CF1,6.2098
378,_SE_aXOcdEeet0YmmfbMwkw,CF2,13.0875
379,_SE_aXOcdEeet0YmmfbMwkw,CF2,13.0875
380,_SE_aXOcdEeet0YmmfbMwkw,CF2,13.0875
381,_SE_aXOcdEeet0YmmfbMwkw,CF2,13.0875
382,_SE8-WecdEeet0YmmfbMwkw,CF2,3.4074
383,_SE8-WecdEeet0YmmfbMwkw,CF2,3.4074
384,_SE8-WecdEeet0YmmfbMwkw,CF2,3.4074
385,_SE8XfecdEeet0YmmfbMwkw,CF1,6.0458
386,_SE8XfecdEeet0YmmfbMwkw,CF1,6.0458
387,_SE8XfecdEeet0YmmfbMwkw,CF1,6.0458
388,_SFDr3ecdEeet0YmmfbMwkw,CF3,105.9994
389,_SFDr3ecdEeet0YmmfbMwkw,CF3,105.4514
390,_SFFgpOcdEeet0YmmfbMwkw,CF2,3.4474
391,_SFFgpOcdEeet0YmmfbMwkw,CF2,3.4474
392,_SFFgpOcdEeet0YmmfbMwkw,CF2,3.4474
393,_SFFgpOcdEeet0YmmfbMwkw,CF2,3.4474
394,_SFFgpOcdEeet0YmmfbMwkw,CF2,3.4474
395,_SFFgpOcdEeet0YmmfbMwkw,CF2,3.4474
396,_SFJyWecdEeet0YmmfbMwkw,CF2,3.675
397,_SFJyWecdEeet0YmmfbMwkw,CF2,3.675
398,_SFJyWecdEeet0YmmfbMwkw,CF2,3.675
399,_SE8-HecdEeet0YmmfbMwkw,CF1,6.0408
400,_SE8-HecdEeet0YmmfbMwkw,CF1,6.0408
401,_SE8-HecdEeet0YmmfbMwkw,CF1,6.0408
402,_SFApIecdEeet0YmmfbMwkw,CF1,6.0958
403,_SFApIecdEeet0YmmfbMwkw,CF1,6.0958
404,_SFApIecdEeet0YmmfbMwkw,CF1,6.0958
405,_SFCd5ucdEeet0YmmfbMwkw,CF2,3.656
406,_SFCd5ucdEeet0YmmfbMwkw,CF2,3.656
407,_SFCd5ucdEeet0YmmfbMwkw,CF2,3.656
408,_SFETFecdEeet0YmmfbMwkw,CF3,6.1408
409,_SFETFecdEeet0YmmfbMwkw,CF3,6.1408
410,_SFETFecdEeet0YmmfbMwkw,CF3,6.1408
411,_SFLBPucdEeet0YmmfbMwkw,CF2,2.9615
412,_SFLBPucdEeet0YmmfbMwkw,CF2,2.9615
413,_SFLBPucdEeet0YmmfbMwkw,CF2,2.9615
414,_SEz0d-cdEeet0YmmfbMwkw,CF2,2.9545
415,_SEz0d-cdEeet0YmmfbMwkw,CF2,2.9545
416,_SEz0d-cdEeet0YmmfbMwkw,CF2,2.9545
417,_SE6hd-cdEeet0YmmfbMwkw,CF2,3.4034
418,_SE6hd-cdEeet0YmmfbMwkw,CF2,3.4034
419,_SE6hd-cdEeet0YmmfbMwkw,CF2,3.4034
420,_SEvipucdEeet0YmmfbMwkw,CF3,8.9803
421,_SEvipucdEeet0YmmfbMwkw,CF3,8.9803
422,_SEvipucdEeet0YmmfbMwkw,CF3,8.9803
423,_SEvipucdEeet0YmmfbMwkw,CF3,8.9803
424,_SFLBvecdEeet0YmmfbMwkw,CF3,6.1938
425,_SFLBvecdEeet0YmmfbMwkw,CF3,6.1938
426,_SFLBvecdEeet0YmmfbMwkw,CF3,6.1938
427,_SFCeOOcdEeet0YmmfbMwkw,CF3,6.1128
428,_SFCeOOcdEeet0YmmfbMwkw,CF3,6.1128
429,_SFCeOOcdEeet0YmmfbMwkw,CF3,6.1128
430,_SFCeOOcdEeet0YmmfbMwkw,CF3,6.1128
431,_SFCeOOcdEeet0YmmfbMwkw,CF3,6.1128
432,_SFB2oOcdEeet0YmmfbMwkw,CF1,6.0998
433,_SFB2oOcdEeet0YmmfbMwkw,CF1,6.0998
434,_SFB2oOcdEeet0YmmfbMwkw,CF1,6.0998
435,_SFAojecdEeet0YmmfbMwkw,CF1,3.8623
436,_SFAojecdEeet0YmmfbMwkw,CF1,3.8623
437,_SFAojecdEeet0YmmfbMwkw,CF1,3.8623
438,_SFAojecdEeet0YmmfbMwkw,CF1,3.8623
439,_SFAojecdEeet0YmmfbMwkw,CF1,3.8623
440,_SFAojecdEeet0YmmfbMwkw,CF1,3.8623
441,_SFDFc-cdEeet0YmmfbMwkw,CF3,9.8262
442,_SFDFc-cdEeet0YmmfbMwkw,CF3,9.8262
443,_SFLnRecdEeet0YmmfbMwkw,CF2,9.0273
444,_SFLnRecdEeet0YmmfbMwkw,CF2,9.0273
445,_SFLnRecdEeet0YmmfbMwkw,CF2,9.0273
446,_SFLnRecdEeet0YmmfbMwkw,CF2,9.0273
447,_SFLnRecdEeet0YmmfbMwkw,CF2,9.0273
448,_SFLnRecdEeet0YmmfbMwkw,CF2,9.0273
449,_SFDr1ecdEeet0YmmfbMwkw,CF3,6.1208
450,_SFDr1ecdEeet0YmmfbMwkw,CF3,6.1208
451,_SFDr1ecdEeet0YmmfbMwkw,CF3,6.1208
452,_SFDr1ecdEeet0YmmfbMwkw,CF3,6.1208
453,_SFDr1ecdEeet0YmmfbMwkw,CF3,6.1208
454,_SE-zMOcdEeet0YmmfbMwkw,CF1,6.0148
455,_SE-zMOcdEeet0YmmfbMwkw,CF1,6.0148
456,_SFE55ucdEeet0YmmfbMwkw,CF3,6.1298
457,_SFE55ucdEeet0YmmfbMwkw,CF3,6.1298
458,_SFE55ucdEeet0YmmfbMwkw,CF3,6.1298
459,_SEzNFecdEeet0YmmfbMwkw,CF1,197.3868
460,_SEzNFecdEeet0YmmfbMwkw,CF1,196.798
461,_SEzNFecdEeet0YmmfbMwkw,CF1,196.798
462,_SEzNFecdEeet0YmmfbMwkw,CF1,196.798
463,_SEuUcucdEeet0YmmfbMwkw,CF2,2.9505
464,_SEuUcucdEeet0YmmfbMwkw,CF2,2.9505
465,_SEuUcucdEeet0YmmfbMwkw,CF2,2.9505
466,_SFESjOcdEeet0YmmfbMwkw,CF1,3.4444
467,_SFESjOcdEeet0YmmfbMwkw,CF1,3.4444
468,_SFESjOcdEeet0YmmfbMwkw,CF1,3.4444
469,_SE4FWecdEeet0YmmfbMwkw,CF2,115.0481
470,_SE4FWecdEeet0YmmfbMwkw,CF2,115.0481
471,_SE4FWecdEeet0YmmfbMwkw,CF2,115.0481
472,_SFOE5-cdEeet0YmmfbMwkw,CF2,3.1948
473,_SFOE5-cdEeet0YmmfbMwkw,CF2,3.1948
474,_SFOE5-cdEeet0YmmfbMwkw,CF2,3.1948
475,_SFDEt-cdEeet0YmmfbMwkw,CF3,6.1158
476,_SFDEt-cdEeet0YmmfbMwkw,CF3,6.1158
477,_SFDEt-cdEeet0YmmfbMwkw,CF3,6.1158
478,_SFDEt-cdEeet0YmmfbMwkw,CF3,6.1158
479,_SFKZIucdEeet0YmmfbMwkw,CF3,12.6847
480,_SFKZIucdEeet0YmmfbMwkw,CF3,12.6847
481,_SFKZIucdEeet0YmmfbMwkw,CF3,12.6847
482,_SEwwuecdEeet0YmmfbMwkw,CF2,6.4481
483,_SEwwuecdEeet0YmmfbMwkw,CF2,6.4481
484,_SEwwuecdEeet0YmmfbMwkw,CF2,6.4481
485,_SFAop-cdEeet0YmmfbMwkw,CF2,3.4314
486,_SFAop-cdEeet0YmmfbMwkw,CF2,3.4314
487,_SFAop-cdEeet0YmmfbMwkw,CF2,3.4314
488,_SFOFPucdEeet0YmmfbMwkw,CF3,9.0393
489,_SFOFPucdEeet0YmmfbMwkw,CF3,9.0393
490,_SFGInOcdEeet0YmmfbMwkw,CF3,9.0083
491,_SFGInOcdEeet0YmmfbMwkw,CF3,9.0083
492,_SFGInOcdEeet0YmmfbMwkw,CF3,9.0083
493,_SFKaqecdEeet0YmmfbMwkw,CF2,3.678
494,_SFKaqecdEeet0YmmfbMwkw,CF2,3.678
495,_SFKaqecdEeet0YmmfbMwkw,CF2,3.678
496,_SFDsm-cdEeet0YmmfbMwkw,CF2,3.4424
497,_SFDsm-cdEeet0YmmfbMwkw,CF2,3.4424
498,_SFDsm-cdEeet0YmmfbMwkw,CF2,3.4424
499,_SFDsm-cdEeet0YmmfbMwkw,CF2,3.4424
500,_SFDsm-cdEeet0YmmfbMwkw,CF2,3.4424
501,_SFDsm-cdEeet0YmmfbMwkw,CF2,3.4424
502,_SFOER-cdEeet0YmmfbMwkw,CF2,3.1958
503,_SFOER-cdEeet0YmmfbMwkw,CF2,3.1958
504,_SFOER-cdEeet0YmmfbMwkw,CF2,3.1958
505,_SFS8XucdEeet0YmmfbMwkw,CF1,6.2318
506,_SFS8XucdEeet0YmmfbMwkw,CF1,6.2318
507,_SFS8XucdEeet0YmmfbMwkw,CF1,6.2318
508,_SFLosucdEeet0YmmfbMwkw,CF2,2.9625
509,_SFLosucdEeet0YmmfbMwkw,CF2,2.9625
510,_SFLosucdEeet0YmmfbMwkw,CF2,2.9625
511,_SE23vucdEeet0YmmfbMwkw,CF3,3.3994
512,_SE23vucdEeet0YmmfbMwkw,CF3,3.3994
513,_SE23vucdEeet0YmmfbMwkw,CF3,3.3994
514,_SFDs_-cdEeet0YmmfbMwkw,CF1,6.1258
515,_SFDs_-cdEeet0YmmfbMwkw,CF1,6.1258
516,_SFDs_-cdEeet0YmmfbMwkw,CF1,6.1258
517,_SFGvd-cdEeet0YmmfbMwkw,CF1,6.4581
518,_SFGvd-cdEeet0YmmfbMwkw,CF1,6.4581
519,_SFGvd-cdEeet0YmmfbMwkw,CF1,6.4581
520,_SFGvd-cdEeet0YmmfbMwkw,CF1,6.4581
521,_SFGvd-cdEeet0YmmfbMwkw,CF1,6.4581
522,_SFGvd-cdEeet0YmmfbMwkw,CF1,6.4581
523,_SE-z0OcdEeet0YmmfbMwkw,CF3,6.0128
524,_SE-z0OcdEeet0YmmfbMwkw,CF3,6.0128
525,_SE-z0OcdEeet0YmmfbMwkw,CF3,6.0128
526,_SFODducdEeet0YmmfbMwkw,CF1,3.8893
527,_SFODducdEeet0YmmfbMwkw,CF1,3.8893
528,_SFODducdEeet0YmmfbMwkw,CF1,3.8893
529,_SFODkOcdEeet0YmmfbMwkw,CF2,3.4764
530,_SFODkOcdEeet0YmmfbMwkw,CF2,3.4764
531,_SFODkOcdEeet0YmmfbMwkw,CF2,3.4764
532,_SEx_M-cdEeet0YmmfbMwkw,CF1,6.4501
533,_SEx_M-cdEeet0YmmfbMwkw,CF1,6.4501
534,_SEx_M-cdEeet0YmmfbMwkw,CF1,6.4501
535,_SEu7tecdEeet0YmmfbMwkw,CF3,3.4164
536,_SEu7tecdEeet0YmmfbMwkw,CF3,3.4164
537,_SEu7tecdEeet0YmmfbMwkw,CF3,3.4164
538,_SE-L8ecdEeet0YmmfbMwkw,CF3,6.0088
539,_SE-L8ecdEeet0YmmfbMwkw,CF3,6.0088
540,_SE-L8ecdEeet0YmmfbMwkw,CF3,6.0088
541,_SFLn7ecdEeet0YmmfbMwkw,CF3,6.5414
542,_SFLn7ecdEeet0YmmfbMwkw,CF3,6.5414
543,_SFLn7ecdEeet0YmmfbMwkw,CF3,6.5414
544,_SE56uecdEeet0YmmfbMwkw,CF2,3.4014
545,_SE56uecdEeet0YmmfbMwkw,CF2,3.4014
546,_SE56uecdEeet0YmmfbMwkw,CF2,3.4014
547,_SE56qecdEeet0YmmfbMwkw,CF1,3.8483
548,_SE56qecdEeet0YmmfbMwkw,CF1,3.8483
549,_SE56qecdEeet0YmmfbMwkw,CF1,3.8483
550,_SEwwr-cdEeet0YmmfbMwkw,CF3,4.4412
551,_SEwwr-cdEeet0YmmfbMwkw,CF3,4.4412
552,_SEwwr-cdEeet0YmmfbMwkw,CF3,4.4412
553,_SFOEpucdEeet0YmmfbMwkw,CF3,6.5444
554,_SFOEpucdEeet0YmmfbMwkw,CF3,6.5444
555,_SE_a1OcdEeet0YmmfbMwkw,CF2,6.0528
556,_SE_a1OcdEeet0YmmfbMwkw,CF2,6.0528
557,_SE_a1OcdEeet0YmmfbMwkw,CF2,6.0528
558,_SE_a1OcdEeet0YmmfbMwkw,CF2,6.0528
559,_SExYNOcdEeet0YmmfbMwkw,CF2,8.9863
560,_SExYNOcdEeet0YmmfbMwkw,CF2,8.9863
561,_SExYNOcdEeet0YmmfbMwkw,CF2,8.9863
562,_SExYNOcdEeet0YmmfbMwkw,CF2,8.9863
563,_SFB2xucdEeet0YmmfbMwkw,CF2,3.4344
564,_SFB2xucdEeet0YmmfbMwkw,CF2,3.4344
565,_SFB2xucdEeet0YmmfbMwkw,CF2,3.4344
566,_SFB2xucdEeet0YmmfbMwkw,CF2,3.4344
567,_SFB2xucdEeet0YmmfbMwkw,CF2,3.4344
568,_SFB2xucdEeet0YmmfbMwkw,CF2,3.4344
569,_SE_aPucdEeet0YmmfbMwkw,CF1,6.0558
570,_SE_aPucdEeet0YmmfbMwkw,CF1,6.0558
571,_SE_aPucdEeet0YmmfbMwkw,CF1,6.0558
572,_SFGIqOcdEeet0YmmfbMwkw,CF3,6.1508
573,_SFGIqOcdEeet0YmmfbMwkw,CF3,6.1508
574,_SFGIqOcdEeet0YmmfbMwkw,CF3,6.1508
575,_SEu7mecdEeet0YmmfbMwkw,CF3,6.0608
576,_SEu7mecdEeet0YmmfbMwkw,CF3,6.0608
577,_SEu7mecdEeet0YmmfbMwkw,CF3,6.0608
578,_SFHWA-cdEeet0YmmfbMwkw,CF2,3.674
579,_SFHWA-cdEeet0YmmfbMwkw,CF2,3.674
580,_SFHWA-cdEeet0YmmfbMwkw,CF2,3.674
581,_SE8W-ecdEeet0YmmfbMwkw,CF1,6.4391
582,_SE8W-ecdEeet0YmmfbMwkw,CF1,6.4391
583,_SE8W-ecdEeet0YmmfbMwkw,CF1,6.4391
584,_SE8W-ecdEeet0YmmfbMwkw,CF1,6.4391
585,_SE8W-ecdEeet0YmmfbMwkw,CF1,6.4391
586,_SE8W-ecdEeet0YmmfbMwkw,CF1,6.4391
587,_SEu7sOcdEeet0YmmfbMwkw,CF1,3.4144
588,_SEu7sOcdEeet0YmmfbMwkw,CF1,3.4144
589,_SEu7sOcdEeet0YmmfbMwkw,CF1,3.4144
590,_SFFhyucdEeet0YmmfbMwkw,CF1,3.8783
591,_SFFhyucdEeet0YmmfbMwkw,CF1,3.8783
592,_SFFhyucdEeet0YmmfbMwkw,CF1,3.8783
593,_SFMOz-cdEeet0YmmfbMwkw,CF1,6.2058
594,_SFMOz-cdEeet0YmmfbMwkw,CF1,6.2058
595,_SFMOz-cdEeet0YmmfbMwkw,CF1,6.2058
596,_SEvizucdEeet0YmmfbMwkw,CF2,3.4224
597,_SEvizucdEeet0YmmfbMwkw,CF2,3.4224
598,_SEvizucdEeet0YmmfbMwkw,CF2,3.4224
599,_SFOFcOcdEeet0YmmfbMwkw,CF2,3.4824
600,_SFOFcOcdEeet0YmmfbMwkw,CF2,3.4824
601,_SFOFcOcdEeet0YmmfbMwkw,CF2,3.4824
602,_SFOD_ucdEeet0YmmfbMwkw,CF3,9.0373
603,_SFOD_ucdEeet0YmmfbMwkw,CF3,9.0373
604,_SEwwu-cdEeet0YmmfbMwkw,CF1,135.9106
605,_SEwwu-cdEeet0YmmfbMwkw,CF1,136.5235
606,_SEwwu-cdEeet0YmmfbMwkw,CF1,136.5235
607,_SEwwu-cdEeet0YmmfbMwkw,CF1,136.5235
608,_SEwwu-cdEeet0YmmfbMwkw,CF1,136.5235
609,_SEwwu-cdEeet0YmmfbMwkw,CF1,136.5235
610,_SEwwu-cdEeet0YmmfbMwkw,CF1,136.5235
611,_SFMQLecdEeet0YmmfbMwkw,CF2,13.1155
612,_SFMQLecdEeet0YmmfbMwkw,CF2,13.1155
613,_SFMQLecdEeet0YmmfbMwkw,CF2,13.1155
614,_SE23gucdEeet0YmmfbMwkw,CF3,6.0218
615,_SE23gucdEeet0YmmfbMwkw,CF3,6.0218
616,_SE23gucdEeet0YmmfbMwkw,CF3,6.0218
617,_SFJyvecdEeet0YmmfbMwkw,CF1,4.4332
618,_SFJyvecdEeet0YmmfbMwkw,CF1,4.4332
619,_SFJyvecdEeet0YmmfbMwkw,CF1,4.4332
620,_SFJyvecdEeet0YmmfbMwkw,CF1,4.4332
621,_SE-zLOcdEeet0YmmfbMwkw,CF2,4.4262
622,_SE-zLOcdEeet0YmmfbMwkw,CF2,4.4262
623,_SFABhOcdEeet0YmmfbMwkw,CF1,3.8603
624,_SFABhOcdEeet0YmmfbMwkw,CF1,3.8603
625,_SFABhOcdEeet0YmmfbMwkw,CF1,3.8603
626,_SFS9FOcdEeet0YmmfbMwkw,CF3,6.2348
627,_SFS9FOcdEeet0YmmfbMwkw,CF3,6.2348
628,_SEz0XOcdEeet0YmmfbMwkw,CF1,6.4511
629,_SEz0XOcdEeet0YmmfbMwkw,CF1,6.4511
630,_SEz0XOcdEeet0YmmfbMwkw,CF1,6.4511
631,_SE8-O-cdEeet0YmmfbMwkw,CF1,13.0855
632,_SE8-O-cdEeet0YmmfbMwkw,CF1,13.0855
633,_SE8-O-cdEeet0YmmfbMwkw,CF1,13.0855
634,_SE8-O-cdEeet0YmmfbMwkw,CF1,13.0855
635,_SE8-O-cdEeet0YmmfbMwkw,CF1,13.0855
636,_SE8Xn-cdEeet0YmmfbMwkw,CF1,3.8533
637,_SE8Xn-cdEeet0YmmfbMwkw,CF1,3.8533
638,_SE8Xn-cdEeet0YmmfbMwkw,CF1,3.8533
639,_SFFhMOcdEeet0YmmfbMwkw,CF3,2.7141
640,_SFFhMOcdEeet0YmmfbMwkw,CF3,2.7141
641,_SFFhMOcdEeet0YmmfbMwkw,CF3,2.7141
642,_SEz0cucdEeet0YmmfbMwkw,CF1,3.4264
643,_SEz0cucdEeet0YmmfbMwkw,CF1,3.4264
644,_SEz0cucdEeet0YmmfbMwkw,CF1,3.4264
645,_SEymIOcdEeet0YmmfbMwkw,CF1,201.4841
646,_SEymIOcdEeet0YmmfbMwkw,CF1,200.3759
647,_SEymIOcdEeet0YmmfbMwkw,CF1,200.3759
648,_SEymIOcdEeet0YmmfbMwkw,CF1,200.3759
649,_SEu7xecdEeet0YmmfbMwkw,CF1,3.1738
650,_SEu7xecdEeet0YmmfbMwkw,CF1,3.1738
651,_SEu7xecdEeet0YmmfbMwkw,CF1,3.1738
652,_SFMOXOcdEeet0YmmfbMwkw,CF1,3.4704
653,_SFMOXOcdEeet0YmmfbMwkw,CF1,3.4704
654,_SFMOXOcdEeet0YmmfbMwkw,CF1,3.4704
655,_SExXkecdEeet0YmmfbMwkw,CF3,10.1622
656,_SExXkecdEeet0YmmfbMwkw,CF3,10.1622
657,_SExXkecdEeet0YmmfbMwkw,CF3,10.1622
658,_SFKZXecdEeet0YmmfbMwkw,CF2,3.1828
659,_SFKZXecdEeet0YmmfbMwkw,CF2,3.1828
660,_SFKZXecdEeet0YmmfbMwkw,CF2,3.1828
661,_SFOEIecdEeet0YmmfbMwkw,CF1,3.4784
662,_SFOEIecdEeet0YmmfbMwkw,CF1,3.4784
663,_SFOEIecdEeet0YmmfbMwkw,CF1,3.4784
664,_SFFhCOcdEeet0YmmfbMwkw,CF1,6.1418
665,_SFFhCOcdEeet0YmmfbMwkw,CF1,6.1418
666,_SFFhCOcdEeet0YmmfbMwkw,CF1,6.1418
667,_SFFhCOcdEeet0YmmfbMwkw,CF1,6.1418
668,_SFFhCOcdEeet0YmmfbMwkw,CF1,6.1418
669,_SFFhCOcdEeet0YmmfbMwkw,CF1,6.1418
670,_SFFhCOcdEeet0YmmfbMwkw,CF1,6.1418
671,_SFFhCOcdEeet0YmmfbMwkw,CF1,6.1418
672,_SFFhCOcdEeet0YmmfbMwkw,CF1,6.1418
673,_SFFhCOcdEeet0YmmfbMwkw,CF1,6.1418
674,_SFFhCOcdEeet0YmmfbMwkw,CF1,6.1418
675,_SFDrv-cdEeet0YmmfbMwkw,CF3,6.1228
676,_SFDrv-cdEeet0YmmfbMwkw,CF3,6.1228
677,_SFDrv-cdEeet0YmmfbMwkw,CF3,6.1228
678,_SFLBxecdEeet0YmmfbMwkw,CF3,15.47
679,_SFLBxecdEeet0YmmfbMwkw,CF3,15.47
680,_SFLBxecdEeet0YmmfbMwkw,CF3,15.47
681,_SFMOS-cdEeet0YmmfbMwkw,CF2,6.4651
682,_SFMOS-cdEeet0YmmfbMwkw,CF2,6.4651
683,_SFMOS-cdEeet0YmmfbMwkw,CF2,6.4651
684,_SFMOS-cdEeet0YmmfbMwkw,CF2,6.4651
685,_SFMOS-cdEeet0YmmfbMwkw,CF2,6.4651
686,_SFMOS-cdEeet0YmmfbMwkw,CF2,6.4651
687,_SFGIQOcdEeet0YmmfbMwkw,CF2,3.67
688,_SFGIQOcdEeet0YmmfbMwkw,CF2,3.67
689,_SFGIQOcdEeet0YmmfbMwkw,CF2,3.67
690,_SE8W5OcdEeet0YmmfbMwkw,CF3,10.1572
691,_SE8W5OcdEeet0YmmfbMwkw,CF3,10.1572
692,_SE8W5OcdEeet0YmmfbMwkw,CF3,10.1572
693,_SEu7uucdEeet0YmmfbMwkw,CF1,2.9485
694,_SEu7uucdEeet0YmmfbMwkw,CF1,2.9485
695,_SEu7uucdEeet0YmmfbMwkw,CF1,2.9485
696,_SE6h_ecdEeet0YmmfbMwkw,CF1,3.8503
697,_SE6h_ecdEeet0YmmfbMwkw,CF1,3.8503
698,_SE6h_ecdEeet0YmmfbMwkw,CF1,3.8503
699,_SEu7jecdEeet0YmmfbMwkw,CF3,8.9793
700,_SEu7jecdEeet0YmmfbMwkw,CF3,8.9793
701,_SEu7jecdEeet0YmmfbMwkw,CF3,8.9793
702,_SEu7jecdEeet0YmmfbMwkw,CF3,8.9793
703,_SE8W8-cdEeet0YmmfbMwkw,CF1,6.0448
704,_SE8W8-cdEeet0YmmfbMwkw,CF1,6.0448
705,_SE8W8-cdEeet0YmmfbMwkw,CF1,6.0448
706,_SFE6hucdEeet0YmmfbMwkw,CF3,6.1358
707,_SFE6hucdEeet0YmmfbMwkw,CF3,6.1358
708,_SFE6hucdEeet0YmmfbMwkw,CF3,6.1358
709,_SFLomecdEeet0YmmfbMwkw,CF2,13.1115
710,_SFLomecdEeet0YmmfbMwkw,CF2,13.1115
711,_SFLomecdEeet0YmmfbMwkw,CF2,13.1115
712,_SFOq5-cdEeet0YmmfbMwkw,CF3,195.6672
713,_SFOq5-cdEeet0YmmfbMwkw,CF3,195.1192
714,_SFLn8ecdEeet0YmmfbMwkw,CF2,6.1968
715,_SFLn8ecdEeet0YmmfbMwkw,CF2,6.1968
716,_SFLn8ecdEeet0YmmfbMwkw,CF2,6.1968
717,_SFLn8ecdEeet0YmmfbMwkw,CF2,6.1968
718,_SFGIBOcdEeet0YmmfbMwkw,CF1,4.4322
719,_SFGIBOcdEeet0YmmfbMwkw,CF1,4.4322
720,_SFGIBOcdEeet0YmmfbMwkw,CF1,4.4322
721,_SFGIBOcdEeet0YmmfbMwkw,CF1,4.4322
722,_SE2QdecdEeet0YmmfbMwkw,CF1,8.0187
723,_SE2QdecdEeet0YmmfbMwkw,CF1,8.0187
724,_SE2QdecdEeet0YmmfbMwkw,CF1,8.0187
725,_SFB2rOcdEeet0YmmfbMwkw,CF2,4.65
726,_SFB2rOcdEeet0YmmfbMwkw,CF2,4.65
727,_SFB2rOcdEeet0YmmfbMwkw,CF2,4.65
728,_SFS8dOcdEeet0YmmfbMwkw,CF3,6.2338
729,_SFS8dOcdEeet0YmmfbMwkw,CF3,6.2338
730,_SFGwN-cdEeet0YmmfbMwkw,CF2,3.4564
731,_SFGwN-cdEeet0YmmfbMwkw,CF2,3.4564
732,_SFGwN-cdEeet0YmmfbMwkw,CF2,3.4564
733,_SFGwN-cdEeet0YmmfbMwkw,CF2,3.4564
734,_SFGwN-cdEeet0YmmfbMwkw,CF2,3.4564
735,_SFGwN-cdEeet0YmmfbMwkw,CF2,3.4564
736,_SFHV8ecdEeet0YmmfbMwkw,CF2,3.4574
737,_SFHV8ecdEeet0YmmfbMwkw,CF2,3.4574
738,_SFHV8ecdEeet0YmmfbMwkw,CF2,3.4574
739,_SFACGOcdEeet0YmmfbMwkw,CF3,6.0918
740,_SFACGOcdEeet0YmmfbMwkw,CF3,6.0918
741,_SFACGOcdEeet0YmmfbMwkw,CF3,6.0918
742,_SFBPgOcdEeet0YmmfbMwkw,CF1,6.1048
743,_SFBPgOcdEeet0YmmfbMwkw,CF1,6.1048
744,_SFBPgOcdEeet0YmmfbMwkw,CF1,6.1048
745,_SFB3QOcdEeet0YmmfbMwkw,CF1,6.1028
746,_SFB3QOcdEeet0YmmfbMwkw,CF1,6.1028
747,_SFB3QOcdEeet0YmmfbMwkw,CF1,6.1028
748,_SFJytecdEeet0YmmfbMwkw,CF3,9.0173
749,_SFJytecdEeet0YmmfbMwkw,CF3,9.0173
750,_SFJytecdEeet0YmmfbMwkw,CF3,9.0173
751,_SFLAfecdEeet0YmmfbMwkw,CF2,6.1868
752,_SFLAfecdEeet0YmmfbMwkw,CF2,6.1868
753,_SFLAfecdEeet0YmmfbMwkw,CF2,6.1868
754,_SFES_-cdEeet0YmmfbMwkw,CF3,6.1378
755,_SFES_-cdEeet0YmmfbMwkw,CF3,6.1378
756,_SFES_-cdEeet0YmmfbMwkw,CF3,6.1378
757,_SFHVy-cdEeet0YmmfbMwkw,CF3,6.1628
758,_SFHVy-cdEeet0YmmfbMwkw,CF3,6.1628
759,_SFHVy-cdEeet0YmmfbMwkw,CF3,6.1628
760,_SE-z3OcdEeet0YmmfbMwkw,CF1,3.8453
761,_SE-z3OcdEeet0YmmfbMwkw,CF1,3.8453
762,_SE-z3OcdEeet0YmmfbMwkw,CF1,3.8453
763,_SFLn7ecdEeet0YmmfbMwkw,CF2,4.4232
764,_SFLn7ecdEeet0YmmfbMwkw,CF2,4.4232
765,_SFLn7ecdEeet0YmmfbMwkw,CF2,4.4232
766,_SFLn7ecdEeet0YmmfbMwkw,CF2,4.4232
767,_SFLn7ecdEeet0YmmfbMwkw,CF2,4.4232
768,_SFLn7ecdEeet0YmmfbMwkw,CF2,4.4232
769,_SEzNDecdEeet0YmmfbMwkw,CF3,6.0848
770,_SEzNDecdEeet0YmmfbMwkw,CF3,6.0848
771,_SEuUfecdEeet0YmmfbMwkw,CF1,3.1748
772,_SEuUfecdEeet0YmmfbMwkw,CF1,3.1748
773,_SEuUfecdEeet0YmmfbMwkw,CF1,3.1748
774,_SE5TwucdEeet0YmmfbMwkw,CF3,2.7001
775,_SE5TwucdEeet0YmmfbMwkw,CF3,2.7001
776,_SE5TwucdEeet0YmmfbMwkw,CF3,2.7001
777,_SEuUQucdEeet0YmmfbMwkw,CF1,10.1592
778,_SEuUQucdEeet0YmmfbMwkw,CF1,10.1592
779,_SEuUQucdEeet0YmmfbMwkw,CF1,10.1592
780,_SFKaCecdEeet0YmmfbMwkw,CF2,3.677
781,_SFKaCecdEeet0YmmfbMwkw,CF2,3.677
782,_SFKaCecdEeet0YmmfbMwkw,CF2,3.677
783,_SFKZ0ecdEeet0YmmfbMwkw,CF2,6.1718
784,_SFKZ0ecdEeet0YmmfbMwkw,CF2,6.1718
785,_SFKZ0ecdEeet0YmmfbMwkw,CF2,6.1718
786,_SE23HucdEeet0YmmfbMwkw,CF3,3.3974
787,_SE23HucdEeet0YmmfbMwkw,CF3,3.3974
788,_SE23HucdEeet0YmmfbMwkw,CF3,3.3974
789,_SEzM9-cdEeet0YmmfbMwkw,CF1,6.0838
790,_SEzM9-cdEeet0YmmfbMwkw,CF1,6.0838
791,_SEzM9-cdEeet0YmmfbMwkw,CF1,6.0838
792,_SEvinOcdEeet0YmmfbMwkw,CF3,6.0658
793,_SEvinOcdEeet0YmmfbMwkw,CF3,6.0658
794,_SEvinOcdEeet0YmmfbMwkw,CF3,6.0658
795,_SEvinOcdEeet0YmmfbMwkw,CF3,6.0658
796,_SFKZwucdEeet0YmmfbMwkw,CF3,11.4885
797,_SFKZwucdEeet0YmmfbMwkw,CF3,11.4885
798,_SFKZwucdEeet0YmmfbMwkw,CF3,11.4885
799,_SFKaeecdEeet0YmmfbMwkw,CF3,13.1075
800,_SFKaeecdEeet0YmmfbMwkw,CF3,13.1075
801,_SFKaeecdEeet0YmmfbMwkw,CF3,13.1075
802,_SEx-lecdEeet0YmmfbMwkw,CF1,16.1692
803,_SEx-lecdEeet0YmmfbMwkw,CF1,16.1692
804,_SEx-lecdEeet0YmmfbMwkw,CF1,16.1692
805,_SFKacecdEeet0YmmfbMwkw,CF2,6.1818
806,_SFKacecdEeet0YmmfbMwkw,CF2,6.1818
807,_SFKacecdEeet0YmmfbMwkw,CF2,6.1818
808,_SEu7g-cdEeet0YmmfbMwkw,CF3,6.0598
809,_SEu7g-cdEeet0YmmfbMwkw,CF3,6.0598
810,_SFS9xucdEeet0YmmfbMwkw,CF1,2.7331
811,_SFS9xucdEeet0YmmfbMwkw,CF1,2.7331
812,_SFS9xucdEeet0YmmfbMwkw,CF1,2.7331
813,_SFGILucdEeet0YmmfbMwkw,CF2,3.4504
814,_SFGILucdEeet0YmmfbMwkw,CF2,3.4504
815,_SFGILucdEeet0YmmfbMwkw,CF2,3.4504
816,_SFGwLecdEeet0YmmfbMwkw,CF1,3.4554
817,_SFGwLecdEeet0YmmfbMwkw,CF1,3.4554
818,_SFGwLecdEeet0YmmfbMwkw,CF1,3.4554
819,_SFAoa-cdEeet0YmmfbMwkw,CF1,6.0928
820,_SFAoa-cdEeet0YmmfbMwkw,CF1,6.0928
821,_SFAoa-cdEeet0YmmfbMwkw,CF1,6.0928
822,_SFAoa-cdEeet0YmmfbMwkw,CF1,6.0928
823,_SFAoa-cdEeet0YmmfbMwkw,CF1,6.0928
824,_SFAoa-cdEeet0YmmfbMwkw,CF1,6.0928
825,_SFMO7ecdEeet0YmmfbMwkw,CF2,13.1205
826,_SFMO7ecdEeet0YmmfbMwkw,CF2,13.1205
827,_SFMO7ecdEeet0YmmfbMwkw,CF2,13.1205
828,_SFMO7ecdEeet0YmmfbMwkw,CF2,13.1205
829,_SFMO7ecdEeet0YmmfbMwkw,CF2,13.1205
830,_SFMO7ecdEeet0YmmfbMwkw,CF2,13.1205
831,_SFMO7ecdEeet0YmmfbMwkw,CF2,13.1205
832,_SFMO7ecdEeet0YmmfbMwkw,CF2,13.1205
833,_SFMO7ecdEeet0YmmfbMwkw,CF2,13.1205
834,_SE9laucdEeet0YmmfbMwkw,CF1,8.9773
835,_SE9laucdEeet0YmmfbMwkw,CF1,8.9773
836,_SE9laucdEeet0YmmfbMwkw,CF1,8.9773
837,_SFOFYecdEeet0YmmfbMwkw,CF1,3.4814
838,_SFOFYecdEeet0YmmfbMwkw,CF1,3.4814
839,_SFOFYecdEeet0YmmfbMwkw,CF1,3.4814
840,_SFGu0ecdEeet0YmmfbMwkw,CF1,6.1518
841,_SFGu0ecdEeet0YmmfbMwkw,CF1,6.1518
842,_SFGu0ecdEeet0YmmfbMwkw,CF1,6.1518
843,_SFGu0ecdEeet0YmmfbMwkw,CF1,6.1518
844,_SFGu0ecdEeet0YmmfbMwkw,CF1,6.1518
845,_SFGu0ecdEeet0YmmfbMwkw,CF1,6.1518
846,_SEz0YucdEeet0YmmfbMwkw,CF3,3.8593
847,_SEz0YucdEeet0YmmfbMwkw,CF3,3.8593
848,_SEz0YucdEeet0YmmfbMwkw,CF3,3.8593
849,_SFM27OcdEeet0YmmfbMwkw,CF3,10.1812
850,_SFM27OcdEeet0YmmfbMwkw,CF3,10.1812
851,_SFM27OcdEeet0YmmfbMwkw,CF3,10.1812
852,_SEvio-cdEeet0YmmfbMwkw,CF3,153.1082
853,_SEvio-cdEeet0YmmfbMwkw,CF3,152.5725
854,_SFACAucdEeet0YmmfbMwkw,CF2,6.0908
855,_SFACAucdEeet0YmmfbMwkw,CF2,6.0908
856,_SFACAucdEeet0YmmfbMwkw,CF2,6.0908
857,_SFACAucdEeet0YmmfbMwkw,CF2,6.0908
858,_SFACAucdEeet0YmmfbMwkw,CF2,6.0908
859,_SFACAucdEeet0YmmfbMwkw,CF2,6.0908
860,_SFETHecdEeet0YmmfbMwkw,CF3,13.0975
861,_SFETHecdEeet0YmmfbMwkw,CF3,13.0975
862,_SFOD--cdEeet0YmmfbMwkw,CF1,10.1872
863,_SFOD--cdEeet0YmmfbMwkw,CF1,10.1872
864,_SFOD--cdEeet0YmmfbMwkw,CF1,10.1872
865,_SE-Mo-cdEeet0YmmfbMwkw,CF1,2.2361
866,_SE-Mo-cdEeet0YmmfbMwkw,CF1,2.2361
867,_SE-Mo-cdEeet0YmmfbMwkw,CF1,2.2361
868,_SFDFk-cdEeet0YmmfbMwkw,CF2,3.4404
869,_SFDFk-cdEeet0YmmfbMwkw,CF2,3.4404
870,_SFDFk-cdEeet0YmmfbMwkw,CF2,3.4404
871,_SFDFk-cdEeet0YmmfbMwkw,CF2,3.4404
872,_SFDFk-cdEeet0YmmfbMwkw,CF2,3.4404
873,_SFDFk-cdEeet0YmmfbMwkw,CF2,3.4404
874,_SFKaW-cdEeet0YmmfbMwkw,CF3,6.1798
875,_SFKaW-cdEeet0YmmfbMwkw,CF3,6.1798
876,_SFKaW-cdEeet0YmmfbMwkw,CF3,6.1798
877,_SFTjB-cdEeet0YmmfbMwkw,CF3,3.3026
878,_SFTjB-cdEeet0YmmfbMwkw,CF3,3.3026
879,_SFKZ7ecdEeet0YmmfbMwkw,CF1,3.4614
880,_SFKZ7ecdEeet0YmmfbMwkw,CF1,3.4614
881,_SFKZ7ecdEeet0YmmfbMwkw,CF1,3.4614
882,_SFDFaecdEeet0YmmfbMwkw,CF3,6.5374
883,_SFDFaecdEeet0YmmfbMwkw,CF3,6.5374
884,_SFMPBucdEeet0YmmfbMwkw,CF2,2.9635
885,_SFMPBucdEeet0YmmfbMwkw,CF2,2.9635
886,_SFMPBucdEeet0YmmfbMwkw,CF2,2.9635
887,_SFM1w-cdEeet0YmmfbMwkw,CF2,13.1125
888,_SFM1w-cdEeet0YmmfbMwkw,CF2,13.1125
889,_SFM1w-cdEeet0YmmfbMwkw,CF2,13.1125
890,_SE-zPOcdEeet0YmmfbMwkw,CF1,3.8463
891,_SE-zPOcdEeet0YmmfbMwkw,CF1,3.8463
892,_SE-zPOcdEeet0YmmfbMwkw,CF1,3.8463
893,_SE2QYOcdEeet0YmmfbMwkw,CF1,11.4855
894,_SE2QYOcdEeet0YmmfbMwkw,CF1,11.4855
895,_SE2QYOcdEeet0YmmfbMwkw,CF1,11.4855
896,_SFOD9OcdEeet0YmmfbMwkw,CF1,6.2178
897,_SFOD9OcdEeet0YmmfbMwkw,CF1,6.2178
898,_SFOD9OcdEeet0YmmfbMwkw,CF1,6.2178
899,_SFOq5ecdEeet0YmmfbMwkw,CF3,120.7819
900,_SFOq5ecdEeet0YmmfbMwkw,CF3,120.4401
901,_SE23mOcdEeet0YmmfbMwkw,CF1,6.0228
902,_SE23mOcdEeet0YmmfbMwkw,CF1,6.0228
903,_SE23mOcdEeet0YmmfbMwkw,CF1,6.0228
904,_SE23mOcdEeet0YmmfbMwkw,CF1,6.0228
905,_SE23mOcdEeet0YmmfbMwkw,CF1,6.0228
906,_SE23mOcdEeet0YmmfbMwkw,CF1,6.0228
907,_SE-zMOcdEeet0YmmfbMwkw,CF2,6.0158
908,_SE-zMOcdEeet0YmmfbMwkw,CF2,6.0158
909,_SExYMecdEeet0YmmfbMwkw,CF1,10.1632
910,_SExYMecdEeet0YmmfbMwkw,CF1,10.1632
911,_SExYMecdEeet0YmmfbMwkw,CF1,10.1632
912,_SFLAcecdEeet0YmmfbMwkw,CF1,9.0223
913,_SFLAcecdEeet0YmmfbMwkw,CF1,9.0223
914,_SFLAcecdEeet0YmmfbMwkw,CF1,9.0223
915,_SFJyC-cdEeet0YmmfbMwkw,CF3,6.1648
916,_SFJyC-cdEeet0YmmfbMwkw,CF3,6.1648
917,_SFJyC-cdEeet0YmmfbMwkw,CF3,6.1648
918,_SE_a3ucdEeet0YmmfbMwkw,CF1,6.0538
919,_SE_a3ucdEeet0YmmfbMwkw,CF1,6.0538
920,_SE_a3ucdEeet0YmmfbMwkw,CF1,6.0538
921,_SE-zTOcdEeet0YmmfbMwkw,CF2,3.3944
922,_SE-zTOcdEeet0YmmfbMwkw,CF2,3.3944
923,_SE-zTOcdEeet0YmmfbMwkw,CF2,3.3944
924,_SFGH8ucdEeet0YmmfbMwkw,CF1,6.1468
925,_SFGH8ucdEeet0YmmfbMwkw,CF1,6.1468
926,_SFGH8ucdEeet0YmmfbMwkw,CF1,6.1468
927,_SE-MjecdEeet0YmmfbMwkw,CF3,6.5284
928,_SE-MjecdEeet0YmmfbMwkw,CF3,6.5284
929,_SE-MjecdEeet0YmmfbMwkw,CF3,6.5284
930,_SFLBDucdEeet0YmmfbMwkw,CF3,11.4915
931,_SFLBDucdEeet0YmmfbMwkw,CF3,11.4915
932,_SFLBDucdEeet0YmmfbMwkw,CF3,11.4915
933,_SFHV1-cdEeet0YmmfbMwkw,CF1,3.8863
934,_SFHV1-cdEeet0YmmfbMwkw,CF1,3.8863
935,_SFHV1-cdEeet0YmmfbMwkw,CF1,3.8863
936,_SFDFBecdEeet0YmmfbMwkw,CF2,3.659
937,_SFDFBecdEeet0YmmfbMwkw,CF2,3.659
938,_SFDFBecdEeet0YmmfbMwkw,CF2,3.659
939,_SFCeQucdEeet0YmmfbMwkw,CF3,8.9953
940,_SFCeQucdEeet0YmmfbMwkw,CF3,8.9953
941,_SFCeQucdEeet0YmmfbMwkw,CF3,8.9953
942,_SFCeQucdEeet0YmmfbMwkw,CF3,8.9953
943,_SFCeQucdEeet0YmmfbMwkw,CF3,8.9953
944,_SE6h2-cdEeet0YmmfbMwkw,CF1,6.0328
945,_SE6h2-cdEeet0YmmfbMwkw,CF1,6.0328
946,_SE6h2-cdEeet0YmmfbMwkw,CF1,6.0328
947,_SFDEU-cdEeet0YmmfbMwkw,CF2,3.4394
948,_SFDEU-cdEeet0YmmfbMwkw,CF2,3.4394
949,_SFDEU-cdEeet0YmmfbMwkw,CF2,3.4394
950,_SFDEU-cdEeet0YmmfbMwkw,CF2,3.4394
951,_SFDEU-cdEeet0YmmfbMwkw,CF2,3.4394
952,_SFDEU-cdEeet0YmmfbMwkw,CF2,3.4394
953,_SFBPjOcdEeet0YmmfbMwkw,CF1,3.8663
954,_SFBPjOcdEeet0YmmfbMwkw,CF1,3.8663
955,_SFBPjOcdEeet0YmmfbMwkw,CF1,3.8663
956,_SFJyzecdEeet0YmmfbMwkw,CF1,3.8873
957,_SFJyzecdEeet0YmmfbMwkw,CF1,3.8873
958,_SFJyzecdEeet0YmmfbMwkw,CF1,3.8873
959,_SE9kwOcdEeet0YmmfbMwkw,CF1,6.0488
960,_SE9kwOcdEeet0YmmfbMwkw,CF1,6.0488
961,_SE9kwOcdEeet0YmmfbMwkw,CF1,6.0488
962,_SE9kwOcdEeet0YmmfbMwkw,CF1,6.0488
963,_SE9kwOcdEeet0YmmfbMwkw,CF1,6.0488
964,_SE9kwOcdEeet0YmmfbMwkw,CF1,6.0488
965,_SE9kwOcdEeet0YmmfbMwkw,CF1,6.0488
966,_SFCeTucdEeet0YmmfbMwkw,CF3,6.1138
967,_SFCeTucdEeet0YmmfbMwkw,CF3,6.1138
968,_SFCeTucdEeet0YmmfbMwkw,CF3,6.1138
969,_SFCeTucdEeet0YmmfbMwkw,CF3,6.1138
970,_SFKZ2ecdEeet0YmmfbMwkw,CF2,13.1025
971,_SFKZ2ecdEeet0YmmfbMwkw,CF2,13.1025
972,_SEymFucdEeet0YmmfbMwkw,CF3,97.65700000000001
973,_SEymFucdEeet0YmmfbMwkw,CF3,97.0886
974,_SFS-WucdEeet0YmmfbMwkw,CF3,138.0004
975,_SFS-WucdEeet0YmmfbMwkw,CF3,137.6011
976,_SFLBz-cdEeet0YmmfbMwkw,CF3,2.7271
977,_SFLBz-cdEeet0YmmfbMwkw,CF3,2.7271
978,_SFLBz-cdEeet0YmmfbMwkw,CF3,2.7271
979,_SFS97OcdEeet0YmmfbMwkw,CF2,3.68
980,_SFS97OcdEeet0YmmfbMwkw,CF2,3.68
981,_SFS97OcdEeet0YmmfbMwkw,CF2,3.68
982,_SFLAXecdEeet0YmmfbMwkw,CF2,6.1838
983,_SFLAXecdEeet0YmmfbMwkw,CF2,6.1838
984,_SFLAXecdEeet0YmmfbMwkw,CF2,6.1838
985,_SFLAXecdEeet0YmmfbMwkw,CF2,6.1838
986,_SFLBB-cdEeet0YmmfbMwkw,CF3,6.1898
987,_SFLBB-cdEeet0YmmfbMwkw,CF3,6.1898
988,_SFLBB-cdEeet0YmmfbMwkw,CF3,6.1898
989,_SFLn5ecdEeet0YmmfbMwkw,CF3,9.0263
990,_SFLn5ecdEeet0YmmfbMwkw,CF3,9.0263
991,_SFLn5ecdEeet0YmmfbMwkw,CF3,9.0263
992,_SFLnUecdEeet0YmmfbMwkw,CF1,6.1988
993,_SFLnUecdEeet0YmmfbMwkw,CF1,6.1988
994,_SFLnUecdEeet0YmmfbMwkw,CF1,6.1988
995,_SFS91ecdEeet0YmmfbMwkw,CF2,2.9675
996,_SFS91ecdEeet0YmmfbMwkw,CF2,2.9675
997,_SFS91ecdEeet0YmmfbMwkw,CF2,2.9675
998,_SFGvcecdEeet0YmmfbMwkw,CF3,6.1578
999,_SFGvcecdEeet0YmmfbMwkw,CF3,6.1578
1000,_SFGvcecdEeet0YmmfbMwkw,CF3,6.1578
1001,_SE5TtucdEeet0YmmfbMwkw,CF1,6.4381
1002,_SE5TtucdEeet0YmmfbMwkw,CF1,6.4381
1003,_SE5TtucdEeet0YmmfbMwkw,CF1,6.4381
1004,_SE2Qd-cdEeet0YmmfbMwkw,CF1,13.0835
1005,_SE2Qd-cdEeet0YmmfbMwkw,CF1,13.0835
1006,_SE2Qd-cdEeet0YmmfbMwkw,CF1,13.0835
1007,_SFOsK-cdEeet0YmmfbMwkw,CF3,4.67
1008,_SFOsK-cdEeet0YmmfbMwkw,CF3,4.67
1009,_SFCeSucdEeet0YmmfbMwkw,CF3,6.5354
1010,_SFCeSucdEeet0YmmfbMwkw,CF3,6.5354
1011,_SE3epOcdEeet0YmmfbMwkw,CF3,3.4004
1012,_SE3epOcdEeet0YmmfbMwkw,CF3,3.4004
1013,_SE3epOcdEeet0YmmfbMwkw,CF3,3.4004
1014,_SFMPZecdEeet0YmmfbMwkw,CF2,6.2068
1015,_SFMPZecdEeet0YmmfbMwkw,CF2,6.2068
1016,_SFMPZecdEeet0YmmfbMwkw,CF2,6.2068
1017,_SFMPZecdEeet0YmmfbMwkw,CF2,6.2068
1018,_SFMPZecdEeet0YmmfbMwkw,CF2,6.2068
1019,_SFMPZecdEeet0YmmfbMwkw,CF2,6.2068
1020,_SFOrc-cdEeet0YmmfbMwkw,CF1,9.0413
1021,_SFOrc-cdEeet0YmmfbMwkw,CF1,9.0413
1022,_SFOrc-cdEeet0YmmfbMwkw,CF1,9.0413
1023,_SE-MhecdEeet0YmmfbMwkw,CF1,8.9683
1024,_SE-MhecdEeet0YmmfbMwkw,CF1,8.9683
1025,_SE-MhecdEeet0YmmfbMwkw,CF1,8.9683
1026,_SE-MhecdEeet0YmmfbMwkw,CF1,8.9683
1027,_SE-MhecdEeet0YmmfbMwkw,CF1,8.9683
1028,_SE1B8ucdEeet0YmmfbMwkw,CF3,10.1532
1029,_SE1B8ucdEeet0YmmfbMwkw,CF3,10.1532
1030,_SE1B8ucdEeet0YmmfbMwkw,CF3,10.1532
1031,_SFE6ZucdEeet0YmmfbMwkw,CF1,6.1318
1032,_SFE6ZucdEeet0YmmfbMwkw,CF1,6.1318
1033,_SFE6ZucdEeet0YmmfbMwkw,CF1,6.1318
1034,_SFE6ZucdEeet0YmmfbMwkw,CF1,6.1318
1035,_SEvi5OcdEeet0YmmfbMwkw,CF2,2.7051
1036,_SEvi5OcdEeet0YmmfbMwkw,CF2,2.7051
1037,_SEvi5OcdEeet0YmmfbMwkw,CF2,2.7051
1038,_SFDFYecdEeet0YmmfbMwkw,CF3,8.9973
1039,_SFDFYecdEeet0YmmfbMwkw,CF3,8.9973
1040,_SFDFYecdEeet0YmmfbMwkw,CF3,8.9973
1041,_SFDFYecdEeet0YmmfbMwkw,CF3,8.9973
1042,_SFDFYecdEeet0YmmfbMwkw,CF3,8.9973
1043,_SFOEMOcdEeet0YmmfbMwkw,CF2,3.4794
1044,_SFOEMOcdEeet0YmmfbMwkw,CF2,3.4794
1045,_SFOEMOcdEeet0YmmfbMwkw,CF2,3.4794
1046,_SFJzYecdEeet0YmmfbMwkw,CF3,6.1708
1047,_SFJzYecdEeet0YmmfbMwkw,CF3,6.1708
1048,_SFJzYecdEeet0YmmfbMwkw,CF3,6.1708
1049,_SE9lYOcdEeet0YmmfbMwkw,CF3,6.0508
1050,_SE9lYOcdEeet0YmmfbMwkw,CF3,6.0508
1051,_SE9lYOcdEeet0YmmfbMwkw,CF3,6.0508
1052,_SFSWPecdEeet0YmmfbMwkw,CF3,6.5484
1053,_SFSWPecdEeet0YmmfbMwkw,CF3,6.5484
1054,_SFODgecdEeet0YmmfbMwkw,CF2,4.2051
1055,_SFODgecdEeet0YmmfbMwkw,CF2,4.2051
1056,_SFODgecdEeet0YmmfbMwkw,CF2,4.2051
1057,_SFM2V-cdEeet0YmmfbMwkw,CF2,4.4352
1058,_SFM2V-cdEeet0YmmfbMwkw,CF2,4.4352
1059,_SFM2V-cdEeet0YmmfbMwkw,CF2,4.4352
1060,_SFM2V-cdEeet0YmmfbMwkw,CF2,4.4352
1061,_SExXpucdEeet0YmmfbMwkw,CF1,6.4491
1062,_SExXpucdEeet0YmmfbMwkw,CF1,6.4491
1063,_SExXpucdEeet0YmmfbMwkw,CF1,6.4491
1064,_SExXpucdEeet0YmmfbMwkw,CF1,6.4491
1065,_SExXpucdEeet0YmmfbMwkw,CF1,6.4491
1066,_SExXpucdEeet0YmmfbMwkw,CF1,6.4491
1067,_SEz0SucdEeet0YmmfbMwkw,CF1,8.9903
1068,_SEz0SucdEeet0YmmfbMwkw,CF1,8.9903
1069,_SEz0SucdEeet0YmmfbMwkw,CF1,8.9903
1070,_SFLnRecdEeet0YmmfbMwkw,CF3,9.0283
1071,_SFLnRecdEeet0YmmfbMwkw,CF3,9.0283
1072,_SFLnRecdEeet0YmmfbMwkw,CF3,9.0283
1073,_SE56necdEeet0YmmfbMwkw,CF3,6.0278
1074,_SE56necdEeet0YmmfbMwkw,CF3,6.0278
1075,_SE56necdEeet0YmmfbMwkw,CF3,6.0278
1076,_SEymC-cdEeet0YmmfbMwkw,CF1,10.1662
1077,_SEymC-cdEeet0YmmfbMwkw,CF1,10.1662
1078,_SEymC-cdEeet0YmmfbMwkw,CF1,10.1662
1079,_SFOEFucdEeet0YmmfbMwkw,CF1,3.8903
1080,_SFOEFucdEeet0YmmfbMwkw,CF1,3.8903
1081,_SFOEFucdEeet0YmmfbMwkw,CF1,3.8903
1082,_SFABWOcdEeet0YmmfbMwkw,CF2,6.0858
1083,_SFABWOcdEeet0YmmfbMwkw,CF2,6.0858
1084,_SFABWOcdEeet0YmmfbMwkw,CF2,6.0858
1085,_SFABWOcdEeet0YmmfbMwkw,CF2,6.0858
1086,_SFABWOcdEeet0YmmfbMwkw,CF2,6.0858
1087,_SFABWOcdEeet0YmmfbMwkw,CF2,6.0858
1088,_SFS9HOcdEeet0YmmfbMwkw,CF3,196.0546
1089,_SFS9HOcdEeet0YmmfbMwkw,CF3,195.5066
1090,_SFDsX-cdEeet0YmmfbMwkw,CF3,6.1248
1091,_SFDsX-cdEeet0YmmfbMwkw,CF3,6.1248
1092,_SFDsX-cdEeet0YmmfbMwkw,CF3,6.1248
1093,_SFCeOOcdEeet0YmmfbMwkw,CF1,6.1118
1094,_SFCeOOcdEeet0YmmfbMwkw,CF1,6.1118
1095,_SFCeOOcdEeet0YmmfbMwkw,CF1,6.1118
1096,_SFS9EOcdEeet0YmmfbMwkw,CF3,191.4752
1097,_SFS9EOcdEeet0YmmfbMwkw,CF3,190.9068
1098,_SFGwEecdEeet0YmmfbMwkw,CF3,6.1588
1099,_SFGwEecdEeet0YmmfbMwkw,CF3,6.1588
1100,_SFGwEecdEeet0YmmfbMwkw,CF3,6.1588
1101,_SFLAZ-cdEeet0YmmfbMwkw,CF2,6.1848
1102,_SFLAZ-cdEeet0YmmfbMwkw,CF2,6.1848
1103,_SFLAZ-cdEeet0YmmfbMwkw,CF2,6.1848
1104,_SFLAZ-cdEeet0YmmfbMwkw,CF2,6.1848
1105,_SFOrhecdEeet0YmmfbMwkw,CF3,128.1189
1106,_SFOrhecdEeet0YmmfbMwkw,CF3,127.7518
1107,_SFGwPecdEeet0YmmfbMwkw,CF3,3.1798
1108,_SFGwPecdEeet0YmmfbMwkw,CF3,3.1798
1109,_SFGwPecdEeet0YmmfbMwkw,CF3,3.1798
1110,_SFABYucdEeet0YmmfbMwkw,CF2,6.0878
1111,_SFABYucdEeet0YmmfbMwkw,CF2,6.0878
1112,_SFABYucdEeet0YmmfbMwkw,CF2,6.0878
1113,_SFABYucdEeet0YmmfbMwkw,CF2,6.0878
1114,_SFLpG-cdEeet0YmmfbMwkw,CF1,6.2028
1115,_SFLpG-cdEeet0YmmfbMwkw,CF1,6.2028
1116,_SFLpG-cdEeet0YmmfbMwkw,CF1,6.2028
1117,_SFFhVucdEeet0YmmfbMwkw,CF2,3.667
1118,_SFFhVucdEeet0YmmfbMwkw,CF2,3.667
1119,_SFFhVucdEeet0YmmfbMwkw,CF2,3.667
1120,_SFOFSucdEeet0YmmfbMwkw,CF3,6.2238
1121,_SFOFSucdEeet0YmmfbMwkw,CF3,6.2238
1122,_SFS8hucdEeet0YmmfbMwkw,CF1,2.7311
1123,_SFS8hucdEeet0YmmfbMwkw,CF1,2.7311
1124,_SFS8hucdEeet0YmmfbMwkw,CF1,2.7311
1125,_SFBPiOcdEeet0YmmfbMwkw,CF2,15.468
1126,_SFBPiOcdEeet0YmmfbMwkw,CF2,15.468
1127,_SE1CB-cdEeet0YmmfbMwkw,CF1,6.4351
1128,_SE1CB-cdEeet0YmmfbMwkw,CF1,6.4351
1129,_SE1CB-cdEeet0YmmfbMwkw,CF1,6.4351
1130,_SFDFbecdEeet0YmmfbMwkw,CF3,6.1198
1131,_SFDFbecdEeet0YmmfbMwkw,CF3,6.1198
1132,_SFDFbecdEeet0YmmfbMwkw,CF3,6.1198
1133,_SFDFbecdEeet0YmmfbMwkw,CF3,6.1198
1134,_SFDFbecdEeet0YmmfbMwkw,CF3,6.1198
1135,_SExYKucdEeet0YmmfbMwkw,CF1,6.0758
1136,_SExYKucdEeet0YmmfbMwkw,CF1,6.0758
1137,_SExYKucdEeet0YmmfbMwkw,CF1,6.0758
1138,_SEuUY-cdEeet0YmmfbMwkw,CF1,2.7041
1139,_SEuUY-cdEeet0YmmfbMwkw,CF1,2.7041
1140,_SEuUY-cdEeet0YmmfbMwkw,CF1,2.7041
1141,_SFCeP-cdEeet0YmmfbMwkw,CF3,210.7528
1142,_SFCeP-cdEeet0YmmfbMwkw,CF3,210.2602
1143,_SFLozucdEeet0YmmfbMwkw,CF2,3.1888
1144,_SFLozucdEeet0YmmfbMwkw,CF2,3.1888
1145,_SFLozucdEeet0YmmfbMwkw,CF2,3.1888
1146,_SFGvl-cdEeet0YmmfbMwkw,CF2,3.4534
1147,_SFGvl-cdEeet0YmmfbMwkw,CF2,3.4534
1148,_SFGvl-cdEeet0YmmfbMwkw,CF2,3.4534
1149,_SFE50OcdEeet0YmmfbMwkw,CF1,6.1288
1150,_SFE50OcdEeet0YmmfbMwkw,CF1,6.1288
1151,_SFE50OcdEeet0YmmfbMwkw,CF1,6.1288
1152,_SFE50OcdEeet0YmmfbMwkw,CF1,6.1288
1153,_SFE50OcdEeet0YmmfbMwkw,CF1,6.1288
1154,_SFE50OcdEeet0YmmfbMwkw,CF1,6.1288
1155,_SE9k_OcdEeet0YmmfbMwkw,CF2,3.4104
1156,_SE9k_OcdEeet0YmmfbMwkw,CF2,3.4104
1157,_SE9k_OcdEeet0YmmfbMwkw,CF2,3.4104
1158,_SFMQV-cdEeet0YmmfbMwkw,CF3,2.7301
1159,_SFMQV-cdEeet0YmmfbMwkw,CF3,2.7301
1160,_SFMQV-cdEeet0YmmfbMwkw,CF3,2.7301
1161,_SEwJ8-cdEeet0YmmfbMwkw,CF2,3.655
1162,_SEwJ8-cdEeet0YmmfbMwkw,CF2,3.655
1163,_SEwJ8-cdEeet0YmmfbMwkw,CF2,3.655
1164,_SFKaUecdEeet0YmmfbMwkw,CF2,6.1788
1165,_SFKaUecdEeet0YmmfbMwkw,CF2,6.1788
1166,_SFKaUecdEeet0YmmfbMwkw,CF2,6.1788
1167,_SFLB1OcdEeet0YmmfbMwkw,CF3,4.2041
1168,_SFLB1OcdEeet0YmmfbMwkw,CF3,4.2041
1169,_SFLB1OcdEeet0YmmfbMwkw,CF3,4.2041
1170,_SE0bNecdEeet0YmmfbMwkw,CF1,10.1522
1171,_SE0bNecdEeet0YmmfbMwkw,CF1,10.1522
1172,_SE0bNecdEeet0YmmfbMwkw,CF1,10.1522
1173,_SExYNOcdEeet0YmmfbMwkw,CF3,8.9873
1174,_SExYNOcdEeet0YmmfbMwkw,CF3,8.9873
1175,_SExYNOcdEeet0YmmfbMwkw,CF3,8.9873
1176,_SEviuucdEeet0YmmfbMwkw,CF2,16.1682
1177,_SEviuucdEeet0YmmfbMwkw,CF2,16.1682
1178,_SEviuucdEeet0YmmfbMwkw,CF2,16.1682
1179,_SE57SecdEeet0YmmfbMwkw,CF1,3.8493
1180,_SE57SecdEeet0YmmfbMwkw,CF1,3.8493
1181,_SE57SecdEeet0YmmfbMwkw,CF1,3.8493
1182,_SEx_TucdEeet0YmmfbMwkw,CF1,2.9535
1183,_SEx_TucdEeet0YmmfbMwkw,CF1,2.9535
1184,_SEx_TucdEeet0YmmfbMwkw,CF1,2.9535
1185,_SFOFRucdEeet0YmmfbMwkw,CF1,4.4512
1186,_SFOFRucdEeet0YmmfbMwkw,CF1,4.4512
1187,_SFOFRucdEeet0YmmfbMwkw,CF1,4.4512
1188,_SFApM-cdEeet0YmmfbMwkw,CF1,2.7091
1189,_SFApM-cdEeet0YmmfbMwkw,CF1,2.7091
1190,_SFApM-cdEeet0YmmfbMwkw,CF1,2.7091
1191,_SFFh5OcdEeet0YmmfbMwkw,CF2,3.4484
1192,_SFFh5OcdEeet0YmmfbMwkw,CF2,3.4484
1193,_SFFh5OcdEeet0YmmfbMwkw,CF2,3.4484
1194,_SE1B9ecdEeet0YmmfbMwkw,CF2,8.9723
1195,_SE1B9ecdEeet0YmmfbMwkw,CF2,8.9723
1196,_SE1B9ecdEeet0YmmfbMwkw,CF2,8.9723
1197,_SFGu3ecdEeet0YmmfbMwkw,CF3,3.8833
1198,_SFGu3ecdEeet0YmmfbMwkw,CF3,3.8833
1199,_SFGu3ecdEeet0YmmfbMwkw,CF3,3.8833
1200,_SEvixOcdEeet0YmmfbMwkw,CF2,2.7081
1201,_SEvixOcdEeet0YmmfbMwkw,CF2,2.7081
1202,_SEvixOcdEeet0YmmfbMwkw,CF2,2.7081
1203,_SE9lducdEeet0YmmfbMwkw,CF3,6.0518
1204,_SE9lducdEeet0YmmfbMwkw,CF3,6.0518
1205,_SE9lducdEeet0YmmfbMwkw,CF3,6.0518
1206,_SFLol-cdEeet0YmmfbMwkw,CF2,6.4631
1207,_SFLol-cdEeet0YmmfbMwkw,CF2,6.4631
1208,_SFLol-cdEeet0YmmfbMwkw,CF2,6.4631
1209,_SFLol-cdEeet0YmmfbMwkw,CF2,6.4631
1210,_SFJysucdEeet0YmmfbMwkw,CF1,12.6827
1211,_SFJysucdEeet0YmmfbMwkw,CF1,12.6827
1212,_SFJysucdEeet0YmmfbMwkw,CF1,12.6827
1213,_SFESgecdEeet0YmmfbMwkw,CF1,3.8753
1214,_SFESgecdEeet0YmmfbMwkw,CF1,3.8753
1215,_SFESgecdEeet0YmmfbMwkw,CF1,3.8753
1216,_SFSWQecdEeet0YmmfbMwkw,CF1,6.2448
1217,_SFSWQecdEeet0YmmfbMwkw,CF1,6.2448
1218,_SFSWQecdEeet0YmmfbMwkw,CF1,6.2448
1219,_SFKabecdEeet0YmmfbMwkw,CF3,4.4442
1220,_SFKabecdEeet0YmmfbMwkw,CF3,4.4442
1221,_SFKabecdEeet0YmmfbMwkw,CF3,4.4442
1222,_SFOEpucdEeet0YmmfbMwkw,CF1,4.4502
1223,_SFOEpucdEeet0YmmfbMwkw,CF1,4.4502
1224,_SFOEpucdEeet0YmmfbMwkw,CF1,4.4502
1225,_SFE6cOcdEeet0YmmfbMwkw,CF3,6.1348
1226,_SFE6cOcdEeet0YmmfbMwkw,CF3,6.1348
1227,_SFE6cOcdEeet0YmmfbMwkw,CF3,6.1348
1228,_SFFhEucdEeet0YmmfbMwkw,CF3,9.0053
1229,_SFFhEucdEeet0YmmfbMwkw,CF3,9.0053
1230,_SFFhEucdEeet0YmmfbMwkw,CF3,9.0053
1231,_SE6h8ecdEeet0YmmfbMwkw,CF3,6.0338
1232,_SE6h8ecdEeet0YmmfbMwkw,CF3,6.0338
1233,_SE6h8ecdEeet0YmmfbMwkw,CF3,6.0338
1234,_SFFhr-cdEeet0YmmfbMwkw,CF3,12.6817
1235,_SFFhr-cdEeet0YmmfbMwkw,CF3,12.6817
1236,_SFFhr-cdEeet0YmmfbMwkw,CF3,12.6817
1237,_SFCeWucdEeet0YmmfbMwkw,CF1,3.8683
1238,_SFCeWucdEeet0YmmfbMwkw,CF1,3.8683
1239,_SFCeWucdEeet0YmmfbMwkw,CF1,3.8683
1240,_SFBPpucdEeet0YmmfbMwkw,CF2,3.4364
1241,_SFBPpucdEeet0YmmfbMwkw,CF2,3.4364
1242,_SFBPpucdEeet0YmmfbMwkw,CF2,3.4364
1243,_SFKao-cdEeet0YmmfbMwkw,CF2,2.7231
1244,_SFKao-cdEeet0YmmfbMwkw,CF2,2.7231
1245,_SFKao-cdEeet0YmmfbMwkw,CF2,2.7231
1246,_SFS9COcdEeet0YmmfbMwkw,CF3,9.0443
1247,_SFS9COcdEeet0YmmfbMwkw,CF3,9.0443
1248,_SFS9COcdEeet0YmmfbMwkw,CF3,9.0443
1249,_SFS9COcdEeet0YmmfbMwkw,CF3,9.0443
1250,_SEvisucdEeet0YmmfbMwkw,CF3,6.0668
1251,_SEvisucdEeet0YmmfbMwkw,CF3,6.0668
1252,_SEvisucdEeet0YmmfbMwkw,CF3,6.0668
1253,_SE57RecdEeet0YmmfbMwkw,CF3,15.469000000000001
1254,_SE57RecdEeet0YmmfbMwkw,CF3,15.469000000000001
1255,_SE57RecdEeet0YmmfbMwkw,CF3,15.469000000000001
1256,_SFSVCecdEeet0YmmfbMwkw,CF3,13.1195
1257,_SFSVCecdEeet0YmmfbMwkw,CF3,13.1195
1258,_SEu7v-cdEeet0YmmfbMwkw,CF2,3.4174
1259,_SEu7v-cdEeet0YmmfbMwkw,CF2,3.4174
1260,_SEu7v-cdEeet0YmmfbMwkw,CF2,3.4174
1261,_SFMPb-cdEeet0YmmfbMwkw,CF2,6.2088
1262,_SFMPb-cdEeet0YmmfbMwkw,CF2,6.2088
1263,_SFMPb-cdEeet0YmmfbMwkw,CF2,6.2088
1264,_SFMPb-cdEeet0YmmfbMwkw,CF2,6.2088
1265,_SE23gucdEeet0YmmfbMwkw,CF1,6.0208
1266,_SE23gucdEeet0YmmfbMwkw,CF1,6.0208
1267,_SE23gucdEeet0YmmfbMwkw,CF1,6.0208
1268,_SE23gucdEeet0YmmfbMwkw,CF1,6.0208
1269,_SE23gucdEeet0YmmfbMwkw,CF1,6.0208
1270,_SE23gucdEeet0YmmfbMwkw,CF1,6.0208
1271,_SE23gucdEeet0YmmfbMwkw,CF1,6.0208
1272,_SE23gucdEeet0YmmfbMwkw,CF1,6.0208
1273,_SE23gucdEeet0YmmfbMwkw,CF1,6.0208
1274,_SFLoA-cdEeet0YmmfbMwkw,CF2,2.7291
1275,_SFLoA-cdEeet0YmmfbMwkw,CF2,2.7291
1276,_SFLoA-cdEeet0YmmfbMwkw,CF2,2.7291
1277,_SFFhHucdEeet0YmmfbMwkw,CF3,6.1428
1278,_SFFhHucdEeet0YmmfbMwkw,CF3,6.1428
1279,_SFFhHucdEeet0YmmfbMwkw,CF3,6.1428
1280,_SFTjAecdEeet0YmmfbMwkw,CF3,4.675
1281,_SFTjAecdEeet0YmmfbMwkw,CF3,4.675
1282,_SE_aeucdEeet0YmmfbMwkw,CF2,3.4124
1283,_SE_aeucdEeet0YmmfbMwkw,CF2,3.4124
1284,_SE_aeucdEeet0YmmfbMwkw,CF2,3.4124
1285,_SFGvqecdEeet0YmmfbMwkw,CF2,3.6719999999999997
1286,_SFGvqecdEeet0YmmfbMwkw,CF2,3.6719999999999997
1287,_SFGvqecdEeet0YmmfbMwkw,CF2,3.6719999999999997
1288,_SE3eiucdEeet0YmmfbMwkw,CF1,3.8473
1289,_SE3eiucdEeet0YmmfbMwkw,CF1,3.8473
1290,_SE3eiucdEeet0YmmfbMwkw,CF1,3.8473
1291,_SEx-s-cdEeet0YmmfbMwkw,CF2,3.4244
1292,_SEx-s-cdEeet0YmmfbMwkw,CF2,3.4244
1293,_SEx-s-cdEeet0YmmfbMwkw,CF2,3.4244
1294,_SFDsrecdEeet0YmmfbMwkw,CF2,3.662
1295,_SFDsrecdEeet0YmmfbMwkw,CF2,3.662
1296,_SFDsrecdEeet0YmmfbMwkw,CF2,3.662
1297,_SE_aWucdEeet0YmmfbMwkw,CF1,6.4411
1298,_SE_aWucdEeet0YmmfbMwkw,CF1,6.4411
1299,_SFLohecdEeet0YmmfbMwkw,CF1,9.0293
1300,_SFLohecdEeet0YmmfbMwkw,CF1,9.0293
1301,_SFLohecdEeet0YmmfbMwkw,CF1,9.0293
1302,_SFOFh-cdEeet0YmmfbMwkw,CF2,3.1968
1303,_SFOFh-cdEeet0YmmfbMwkw,CF2,3.1968
1304,_SFOFh-cdEeet0YmmfbMwkw,CF2,3.1968
1305,_SE3efucdEeet0YmmfbMwkw,CF2,6.0258
1306,_SE3efucdEeet0YmmfbMwkw,CF2,6.0258
1307,_SE3efucdEeet0YmmfbMwkw,CF2,6.0258
1308,_SFLAj-cdEeet0YmmfbMwkw,CF1,2.7241
1309,_SFLAj-cdEeet0YmmfbMwkw,CF1,2.7241
1310,_SFLAj-cdEeet0YmmfbMwkw,CF1,2.7241
1311,_SFKZJecdEeet0YmmfbMwkw,CF3,9.0193
1312,_SFKZJecdEeet0YmmfbMwkw,CF3,9.0193
1313,_SFKZJecdEeet0YmmfbMwkw,CF3,9.0193
1314,_SEx-rucdEeet0YmmfbMwkw,CF1,2.9515
1315,_SEx-rucdEeet0YmmfbMwkw,CF1,2.9515
1316,_SEx-rucdEeet0YmmfbMwkw,CF1,2.9515
1317,_SFDrv-cdEeet0YmmfbMwkw,CF1,6.1218
1318,_SFDrv-cdEeet0YmmfbMwkw,CF1,6.1218
1319,_SFDrv-cdEeet0YmmfbMwkw,CF1,6.1218
1320,_SFETJ-cdEeet0YmmfbMwkw,CF1,2.7121
1321,_SFETJ-cdEeet0YmmfbMwkw,CF1,2.7121
1322,_SFETJ-cdEeet0YmmfbMwkw,CF1,2.7121
1323,_SE7vtucdEeet0YmmfbMwkw,CF1,3.1718
1324,_SE7vtucdEeet0YmmfbMwkw,CF1,3.1718
1325,_SE7vtucdEeet0YmmfbMwkw,CF1,3.1718
1326,_SFMQK-cdEeet0YmmfbMwkw,CF3,8.0277
1327,_SFMQK-cdEeet0YmmfbMwkw,CF3,8.0277
1328,_SFMQK-cdEeet0YmmfbMwkw,CF3,8.0277
1329,_SE3ehOcdEeet0YmmfbMwkw,CF2,8.0207
1330,_SE3ehOcdEeet0YmmfbMwkw,CF2,8.0207
1331,_SE3ehOcdEeet0YmmfbMwkw,CF2,8.0207
1332,_SFE5-OcdEeet0YmmfbMwkw,CF3,2.7111
1333,_SFE5-OcdEeet0YmmfbMwkw,CF3,2.7111
1334,_SFE5-OcdEeet0YmmfbMwkw,CF3,2.7111
1335,_SFS8AOcdEeet0YmmfbMwkw,CF1,3.1978
1336,_SFS8AOcdEeet0YmmfbMwkw,CF1,3.1978
1337,_SFS8AOcdEeet0YmmfbMwkw,CF1,3.1978
1338,_SE56vucdEeet0YmmfbMwkw,CF2,2.9475
1339,_SE56vucdEeet0YmmfbMwkw,CF2,2.9475
1340,_SE56vucdEeet0YmmfbMwkw,CF2,2.9475
1341,_SFESoecdEeet0YmmfbMwkw,CF3,3.1778
1342,_SFESoecdEeet0YmmfbMwkw,CF3,3.1778
1343,_SFESoecdEeet0YmmfbMwkw,CF3,3.1778
1344,_SFDrbecdEeet0YmmfbMwkw,CF2,3.66
1345,_SFDrbecdEeet0YmmfbMwkw,CF2,3.66
1346,_SFDrbecdEeet0YmmfbMwkw,CF2,3.66
1347,_SFSW0ucdEeet0YmmfbMwkw,CF3,186.0267
1348,_SFSW0ucdEeet0YmmfbMwkw,CF3,185.49099999999999
1349,_SFFgkOcdEeet0YmmfbMwkw,CF3,2.7131
1350,_SFFgkOcdEeet0YmmfbMwkw,CF3,2.7131
1351,_SFFgkOcdEeet0YmmfbMwkw,CF3,2.7131
1352,_SFSVwucdEeet0YmmfbMwkw,CF2,2.9705
1353,_SFSVwucdEeet0YmmfbMwkw,CF2,2.9705
1354,_SFSVwucdEeet0YmmfbMwkw,CF2,2.9705
1355,_SFJzXecdEeet0YmmfbMwkw,CF3,6.5404
1356,_SFJzXecdEeet0YmmfbMwkw,CF3,6.5404
1357,_SFJzXecdEeet0YmmfbMwkw,CF3,6.5404
1358,_SFACJOcdEeet0YmmfbMwkw,CF1,3.8613
1359,_SFACJOcdEeet0YmmfbMwkw,CF1,3.8613
1360,_SFACJOcdEeet0YmmfbMwkw,CF1,3.8613
1361,_SFGveecdEeet0YmmfbMwkw,CF1,13.0985
1362,_SFGveecdEeet0YmmfbMwkw,CF1,13.0985
1363,_SFGveecdEeet0YmmfbMwkw,CF1,13.0985
1364,_SFGveecdEeet0YmmfbMwkw,CF1,13.0985
1365,_SFB2iucdEeet0YmmfbMwkw,CF2,6.0988
1366,_SFB2iucdEeet0YmmfbMwkw,CF2,6.0988
1367,_SFB2iucdEeet0YmmfbMwkw,CF2,6.0988
1368,_SFOElOcdEeet0YmmfbMwkw,CF1,6.2198
1369,_SFOElOcdEeet0YmmfbMwkw,CF1,6.2198
1370,_SFOElOcdEeet0YmmfbMwkw,CF1,6.2198
1371,_SFGvCecdEeet0YmmfbMwkw,CF2,3.6710000000000003
1372,_SFGvCecdEeet0YmmfbMwkw,CF2,3.6710000000000003
1373,_SFGvCecdEeet0YmmfbMwkw,CF2,3.6710000000000003
1374,_SE9k4ucdEeet0YmmfbMwkw,CF1,3.8543
1375,_SE9k4ucdEeet0YmmfbMwkw,CF1,3.8543
1376,_SE9k4ucdEeet0YmmfbMwkw,CF1,3.8543
1377,_SFDtCecdEeet0YmmfbMwkw,CF3,9.0003
1378,_SFDtCecdEeet0YmmfbMwkw,CF3,9.0003
1379,_SFDtCecdEeet0YmmfbMwkw,CF3,9.0003
1380,_SE7wA-cdEeet0YmmfbMwkw,CF2,6.0368
1381,_SE7wA-cdEeet0YmmfbMwkw,CF2,6.0368
1382,_SE7wA-cdEeet0YmmfbMwkw,CF2,6.0368
1383,_SFLAhecdEeet0YmmfbMwkw,CF3,13.1085
1384,_SFLAhecdEeet0YmmfbMwkw,CF3,13.1085
1385,_SFLAhecdEeet0YmmfbMwkw,CF3,13.1085
1386,_SFFhSucdEeet0YmmfbMwkw,CF3,3.1788
1387,_SFFhSucdEeet0YmmfbMwkw,CF3,3.1788
1388,_SFFhSucdEeet0YmmfbMwkw,CF3,3.1788
1389,_SFKanecdEeet0YmmfbMwkw,CF2,3.1848
1390,_SFKanecdEeet0YmmfbMwkw,CF2,3.1848
1391,_SFKanecdEeet0YmmfbMwkw,CF2,3.1848
1392,_SEvinOcdEeet0YmmfbMwkw,CF1,6.0648
1393,_SEvinOcdEeet0YmmfbMwkw,CF1,6.0648
1394,_SEvinOcdEeet0YmmfbMwkw,CF1,6.0648
1395,_SFKaeecdEeet0YmmfbMwkw,CF1,13.1055
1396,_SFKaeecdEeet0YmmfbMwkw,CF1,13.1055
1397,_SFKaeecdEeet0YmmfbMwkw,CF1,13.1055
1398,_SE-L2-cdEeet0YmmfbMwkw,CF1,98.6202
1399,_SE-L2-cdEeet0YmmfbMwkw,CF1,98.6202
1400,_SE-L2-cdEeet0YmmfbMwkw,CF1,98.6202
1401,_SE4F4ucdEeet0YmmfbMwkw,CF3,10.1552
1402,_SE4F4ucdEeet0YmmfbMwkw,CF3,10.1552
1403,_SE4F4ucdEeet0YmmfbMwkw,CF3,10.1552
1404,_SFLBEecdEeet0YmmfbMwkw,CF1,9.0233
1405,_SFLBEecdEeet0YmmfbMwkw,CF1,9.0233
1406,_SFLBEecdEeet0YmmfbMwkw,CF1,9.0233
1407,_SFOrf-cdEeet0YmmfbMwkw,CF3,6.2278
1408,_SFOrf-cdEeet0YmmfbMwkw,CF3,6.2278
1409,_SEz0QOcdEeet0YmmfbMwkw,CF1,6.0808
1410,_SEz0QOcdEeet0YmmfbMwkw,CF1,6.0808
1411,_SEz0QOcdEeet0YmmfbMwkw,CF1,6.0808
1412,_SEz0QOcdEeet0YmmfbMwkw,CF1,6.0808
1413,_SEz0QOcdEeet0YmmfbMwkw,CF1,6.0808
1414,_SEz0QOcdEeet0YmmfbMwkw,CF1,6.0808
1415,_SEz0QOcdEeet0YmmfbMwkw,CF1,6.0808
1416,_SEz0QOcdEeet0YmmfbMwkw,CF1,6.0808
1417,_SEz0QOcdEeet0YmmfbMwkw,CF1,6.0808
1418,_SFDEvucdEeet0YmmfbMwkw,CF3,185.6479
1419,_SFDEvucdEeet0YmmfbMwkw,CF3,185.1122
1420,_SE3ehucdEeet0YmmfbMwkw,CF1,13.0845
1421,_SE3ehucdEeet0YmmfbMwkw,CF1,13.0845
1422,_SE3ehucdEeet0YmmfbMwkw,CF1,13.0845
1423,_SFSU6-cdEeet0YmmfbMwkw,CF1,6.2378
1424,_SFSU6-cdEeet0YmmfbMwkw,CF1,6.2378
1425,_SFSU6-cdEeet0YmmfbMwkw,CF1,6.2378
1426,_SE8-M-cdEeet0YmmfbMwkw,CF1,6.0418
1427,_SE8-M-cdEeet0YmmfbMwkw,CF1,6.0418
1428,_SE8-M-cdEeet0YmmfbMwkw,CF1,6.0418
1429,_SE56w-cdEeet0YmmfbMwkw,CF2,3.4024
1430,_SE56w-cdEeet0YmmfbMwkw,CF2,3.4024
1431,_SE56w-cdEeet0YmmfbMwkw,CF2,3.4024
1432,_SFDEzecdEeet0YmmfbMwkw,CF3,6.1168
1433,_SFDEzecdEeet0YmmfbMwkw,CF3,6.1168
1434,_SFDEzecdEeet0YmmfbMwkw,CF3,6.1168
1435,_SFDEzecdEeet0YmmfbMwkw,CF3,6.1168
1436,_SFDEzecdEeet0YmmfbMwkw,CF3,6.1168
1437,_SFKajecdEeet0YmmfbMwkw,CF1,3.4624
1438,_SFKajecdEeet0YmmfbMwkw,CF1,3.4624
1439,_SFKajecdEeet0YmmfbMwkw,CF1,3.4624
1440,_SE7IwecdEeet0YmmfbMwkw,CF1,2.7011
1441,_SE7IwecdEeet0YmmfbMwkw,CF1,2.7011
1442,_SE7IwecdEeet0YmmfbMwkw,CF1,2.7011
1443,_SEu7g-cdEeet0YmmfbMwkw,CF1,6.0588
1444,_SEu7g-cdEeet0YmmfbMwkw,CF1,6.0588
1445,_SEu7g-cdEeet0YmmfbMwkw,CF1,6.0588
1446,_SEu7g-cdEeet0YmmfbMwkw,CF1,6.0588
1447,_SEu7g-cdEeet0YmmfbMwkw,CF1,6.0588
1448,_SEu7g-cdEeet0YmmfbMwkw,CF1,6.0588
1449,_SEuUbecdEeet0YmmfbMwkw,CF2,3.4194
1450,_SEuUbecdEeet0YmmfbMwkw,CF2,3.4194
1451,_SEuUbecdEeet0YmmfbMwkw,CF2,3.4194
1452,_SEuUbecdEeet0YmmfbMwkw,CF2,3.4194
1453,_SEuUbecdEeet0YmmfbMwkw,CF2,3.4194
1454,_SEuUbecdEeet0YmmfbMwkw,CF2,3.4194
1455,_SFKZ4-cdEeet0YmmfbMwkw,CF3,2.7191
1456,_SFKZ4-cdEeet0YmmfbMwkw,CF3,2.7191
1457,_SFKZ4-cdEeet0YmmfbMwkw,CF3,2.7191
1458,_SFJyIecdEeet0YmmfbMwkw,CF3,6.1658
1459,_SFJyIecdEeet0YmmfbMwkw,CF3,6.1658
1460,_SFJyIecdEeet0YmmfbMwkw,CF3,6.1658
1461,_SFJzVecdEeet0YmmfbMwkw,CF3,9.0183
1462,_SFJzVecdEeet0YmmfbMwkw,CF3,9.0183
1463,_SFJzVecdEeet0YmmfbMwkw,CF3,9.0183
1464,_SFAomOcdEeet0YmmfbMwkw,CF1,3.4304
1465,_SFAomOcdEeet0YmmfbMwkw,CF1,3.4304
1466,_SFAomOcdEeet0YmmfbMwkw,CF1,3.4304
1467,_SFESdecdEeet0YmmfbMwkw,CF3,6.1398
1468,_SFESdecdEeet0YmmfbMwkw,CF3,6.1398
1469,_SFESdecdEeet0YmmfbMwkw,CF3,6.1398
1470,_SFESdecdEeet0YmmfbMwkw,CF3,6.1398
1471,_SE_aYOcdEeet0YmmfbMwkw,CF1,3.8563
1472,_SE_aYOcdEeet0YmmfbMwkw,CF1,3.8563
1473,_SE_aYOcdEeet0YmmfbMwkw,CF1,3.8563
1474,_SFJyx-cdEeet0YmmfbMwkw,CF3,9.8282
1475,_SFJyx-cdEeet0YmmfbMwkw,CF3,9.8282
1476,_SFJyx-cdEeet0YmmfbMwkw,CF3,9.8282
1477,_SFNeLecdEeet0YmmfbMwkw,CF1,10.1862
1478,_SFNeLecdEeet0YmmfbMwkw,CF1,10.1862
1479,_SFNeLecdEeet0YmmfbMwkw,CF1,10.1862
1480,_SFE6HucdEeet0YmmfbMwkw,CF2,3.6630000000000003
1481,_SFE6HucdEeet0YmmfbMwkw,CF2,3.6630000000000003
1482,_SFE6HucdEeet0YmmfbMwkw,CF2,3.6630000000000003
1483,_SFOEBucdEeet0YmmfbMwkw,CF1,4.4492
1484,_SFOEBucdEeet0YmmfbMwkw,CF1,4.4492
1485,_SFOEBucdEeet0YmmfbMwkw,CF1,4.4492
1486,_SEvio-cdEeet0YmmfbMwkw,CF1,11.4865
1487,_SEvio-cdEeet0YmmfbMwkw,CF1,11.4865
1488,_SEvio-cdEeet0YmmfbMwkw,CF1,11.4865
1489,_SFApR-cdEeet0YmmfbMwkw,CF2,3.4324
1490,_SFApR-cdEeet0YmmfbMwkw,CF2,3.4324
1491,_SFApR-cdEeet0YmmfbMwkw,CF2,3.4324
1492,_SFE6jOcdEeet0YmmfbMwkw,CF1,9.8272
1493,_SFE6jOcdEeet0YmmfbMwkw,CF1,9.8272
1494,_SFE6jOcdEeet0YmmfbMwkw,CF1,9.8272
1495,_SFNcYucdEeet0YmmfbMwkw,CF3,6.4661
1496,_SFNcYucdEeet0YmmfbMwkw,CF3,6.4661
1497,_SFNcYucdEeet0YmmfbMwkw,CF3,6.4661
1498,_SFKZ1-cdEeet0YmmfbMwkw,CF2,6.4601
1499,_SFKZ1-cdEeet0YmmfbMwkw,CF2,6.4601
1500,_SFETHecdEeet0YmmfbMwkw,CF1,13.0965
1501,_SFETHecdEeet0YmmfbMwkw,CF1,13.0965
1502,_SE-zMOcdEeet0YmmfbMwkw,CF3,6.0168
1503,_SE-zMOcdEeet0YmmfbMwkw,CF3,6.0168
1504,_SE-zMOcdEeet0YmmfbMwkw,CF3,6.0168
1505,_SFNdwucdEeet0YmmfbMwkw,CF2,3.4744
1506,_SFNdwucdEeet0YmmfbMwkw,CF2,3.4744
1507,_SFNdwucdEeet0YmmfbMwkw,CF2,3.4744
1508,_SFOFNOcdEeet0YmmfbMwkw,CF1,6.2228
1509,_SFOFNOcdEeet0YmmfbMwkw,CF1,6.2228
1510,_SFOFNOcdEeet0YmmfbMwkw,CF1,6.2228
1511,_SE9lgucdEeet0YmmfbMwkw,CF1,3.8553
1512,_SE9lgucdEeet0YmmfbMwkw,CF1,3.8553
1513,_SE9lgucdEeet0YmmfbMwkw,CF1,3.8553
1514,_SFLBsecdEeet0YmmfbMwkw,CF2,9.0253
1515,_SFLBsecdEeet0YmmfbMwkw,CF2,9.0253
1516,_SFLBsecdEeet0YmmfbMwkw,CF2,9.0253
1517,_SFLBsecdEeet0YmmfbMwkw,CF2,9.0253
1518,_SFLBsecdEeet0YmmfbMwkw,CF2,9.0253
1519,_SFLBsecdEeet0YmmfbMwkw,CF2,9.0253
1520,_SFLBsecdEeet0YmmfbMwkw,CF2,9.0253
1521,_SFLBsecdEeet0YmmfbMwkw,CF2,9.0253
1522,_SFLBsecdEeet0YmmfbMwkw,CF2,9.0253
1523,_SE-zUecdEeet0YmmfbMwkw,CF2,2.9465
1524,_SE-zUecdEeet0YmmfbMwkw,CF2,2.9465
1525,_SE-zUecdEeet0YmmfbMwkw,CF2,2.9465
1526,_SFLAg-cdEeet0YmmfbMwkw,CF3,8.917
1527,_SFLAg-cdEeet0YmmfbMwkw,CF3,8.917
1528,_SFLAg-cdEeet0YmmfbMwkw,CF3,8.917
1529,_SFDEZecdEeet0YmmfbMwkw,CF2,3.658
1530,_SFDEZecdEeet0YmmfbMwkw,CF2,3.658
1531,_SFDEZecdEeet0YmmfbMwkw,CF2,3.658
1532,_SEwJwecdEeet0YmmfbMwkw,CF1,6.4461
1533,_SEwJwecdEeet0YmmfbMwkw,CF1,6.4461
1534,_SEwJwecdEeet0YmmfbMwkw,CF1,6.4461
1535,_SEtGKOcdEeet0YmmfbMwkw,CF3,4.1951
1536,_SEtGKOcdEeet0YmmfbMwkw,CF3,4.1951
1537,_SE7wNecdEeet0YmmfbMwkw,CF2,3.4054
1538,_SE7wNecdEeet0YmmfbMwkw,CF2,3.4054
1539,_SE7wNecdEeet0YmmfbMwkw,CF2,3.4054
1540,_SE7wP-cdEeet0YmmfbMwkw,CF2,3.4064
1541,_SE7wP-cdEeet0YmmfbMwkw,CF2,3.4064
1542,_SE7wP-cdEeet0YmmfbMwkw,CF2,3.4064
1543,_SEwwz-cdEeet0YmmfbMwkw,CF2,3.4234
1544,_SEwwz-cdEeet0YmmfbMwkw,CF2,3.4234
1545,_SEwwz-cdEeet0YmmfbMwkw,CF2,3.4234
1546,_SFE5xucdEeet0YmmfbMwkw,CF1,6.1308
1547,_SFE5xucdEeet0YmmfbMwkw,CF1,6.1308
1548,_SFE5xucdEeet0YmmfbMwkw,CF1,6.1308
1549,_SE9lnOcdEeet0YmmfbMwkw,CF2,3.4114
1550,_SE9lnOcdEeet0YmmfbMwkw,CF2,3.4114
1551,_SE9lnOcdEeet0YmmfbMwkw,CF2,3.4114
1552,_SE7ImecdEeet0YmmfbMwkw,CF1,6.0348
1553,_SE7ImecdEeet0YmmfbMwkw,CF1,6.0348
1554,_SE7ImecdEeet0YmmfbMwkw,CF1,6.0348
1555,_SE7ImecdEeet0YmmfbMwkw,CF1,6.0348
1556,_SE7ImecdEeet0YmmfbMwkw,CF1,6.0348
1557,_SE7ImecdEeet0YmmfbMwkw,CF1,6.0348
1558,_SFKZ2ecdEeet0YmmfbMwkw,CF3,13.1035
1559,_SFKZ2ecdEeet0YmmfbMwkw,CF3,13.1035
1560,_SFKZ2ecdEeet0YmmfbMwkw,CF3,13.1035
1561,_SFLnY-cdEeet0YmmfbMwkw,CF2,2.7281
1562,_SFLnY-cdEeet0YmmfbMwkw,CF2,2.7281
1563,_SFLnY-cdEeet0YmmfbMwkw,CF2,2.7281
1564,_SFLnY-cdEeet0YmmfbMwkw,CF2,2.7281
1565,_SFLnY-cdEeet0YmmfbMwkw,CF2,2.7281
1566,_SFLnY-cdEeet0YmmfbMwkw,CF2,2.7281
1567,_SFS8cOcdEeet0YmmfbMwkw,CF3,6.5464
1568,_SFS8cOcdEeet0YmmfbMwkw,CF3,6.5464
1569,_SFDsgecdEeet0YmmfbMwkw,CF1,3.8723
1570,_SFDsgecdEeet0YmmfbMwkw,CF1,3.8723
1571,_SFDsgecdEeet0YmmfbMwkw,CF1,3.8723
1572,_SFSWK-cdEeet0YmmfbMwkw,CF3,6.2438
1573,_SFSWK-cdEeet0YmmfbMwkw,CF3,6.2438
1574,_SFSWK-cdEeet0YmmfbMwkw,CF3,6.2438
1575,_SFSWK-cdEeet0YmmfbMwkw,CF3,6.2438
1576,_SFSWK-cdEeet0YmmfbMwkw,CF3,6.2438
1577,_SEuUV-cdEeet0YmmfbMwkw,CF1,6.4451
1578,_SEuUV-cdEeet0YmmfbMwkw,CF1,6.4451
1579,_SEuUV-cdEeet0YmmfbMwkw,CF1,6.4451
1580,_SFLAeecdEeet0YmmfbMwkw,CF3,4.4452
1581,_SFLAeecdEeet0YmmfbMwkw,CF3,4.4452
1582,_SFLAeecdEeet0YmmfbMwkw,CF3,4.4452
1583,_SFDsaecdEeet0YmmfbMwkw,CF3,8.9993
1584,_SFDsaecdEeet0YmmfbMwkw,CF3,8.9993
1585,_SFDsaecdEeet0YmmfbMwkw,CF3,8.9993
1586,_SFGvbecdEeet0YmmfbMwkw,CF2,4.4422
1587,_SFGvbecdEeet0YmmfbMwkw,CF2,4.4422
1588,_SFGvbecdEeet0YmmfbMwkw,CF2,4.4422
1589,_SEwwnecdEeet0YmmfbMwkw,CF2,6.0708
1590,_SEwwnecdEeet0YmmfbMwkw,CF2,6.0708
1591,_SEwwnecdEeet0YmmfbMwkw,CF2,6.0708
1592,_SEx_HucdEeet0YmmfbMwkw,CF3,10.1652
1593,_SEx_HucdEeet0YmmfbMwkw,CF3,10.1652
1594,_SEx_HucdEeet0YmmfbMwkw,CF3,10.1652
1595,_SEx_HucdEeet0YmmfbMwkw,CF3,10.1652
1596,_SEu7n-cdEeet0YmmfbMwkw,CF1,6.4441
1597,_SEu7n-cdEeet0YmmfbMwkw,CF1,6.4441
1598,_SEu7n-cdEeet0YmmfbMwkw,CF1,6.4441
1599,_SE1Cp-cdEeet0YmmfbMwkw,CF1,6.4361
1600,_SE1Cp-cdEeet0YmmfbMwkw,CF1,6.4361
1601,_SE1Cp-cdEeet0YmmfbMwkw,CF1,6.4361
1602,_SFE6eucdEeet0YmmfbMwkw,CF3,9.0023
1603,_SFE6eucdEeet0YmmfbMwkw,CF3,9.0023
1604,_SFE6eucdEeet0YmmfbMwkw,CF3,9.0023
1605,_SFB3ZucdEeet0YmmfbMwkw,CF2,3.4354
1606,_SFB3ZucdEeet0YmmfbMwkw,CF2,3.4354
1607,_SFB3ZucdEeet0YmmfbMwkw,CF2,3.4354
1608,_SFE52ucdEeet0YmmfbMwkw,CF3,9.0013
1609,_SFE52ucdEeet0YmmfbMwkw,CF3,9.0013
1610,_SFE52ucdEeet0YmmfbMwkw,CF3,9.0013
1611,_SFSVlecdEeet0YmmfbMwkw,CF1,9.0473
1612,_SFSVlecdEeet0YmmfbMwkw,CF1,9.0473
1613,_SFSVlecdEeet0YmmfbMwkw,CF1,9.0473
1614,_SE_bGucdEeet0YmmfbMwkw,CF2,3.4134
1615,_SE_bGucdEeet0YmmfbMwkw,CF2,3.4134
1616,_SE_bGucdEeet0YmmfbMwkw,CF2,3.4134
1617,_SEvi5OcdEeet0YmmfbMwkw,CF3,2.7061
1618,_SEvi5OcdEeet0YmmfbMwkw,CF3,2.7061
1619,_SEvi5OcdEeet0YmmfbMwkw,CF3,2.7061
1620,_SE57Q-cdEeet0YmmfbMwkw,CF1,8.0217
1621,_SE57Q-cdEeet0YmmfbMwkw,CF1,8.0217
1622,_SE57Q-cdEeet0YmmfbMwkw,CF1,8.0217
1623,_SFFhsucdEeet0YmmfbMwkw,CF1,9.0063
1624,_SFFhsucdEeet0YmmfbMwkw,CF1,9.0063
1625,_SFFhsucdEeet0YmmfbMwkw,CF1,9.0063
1626,_SFFhsucdEeet0YmmfbMwkw,CF1,9.0063
1627,_SFFhsucdEeet0YmmfbMwkw,CF1,9.0063
1628,_SFFhsucdEeet0YmmfbMwkw,CF1,9.0063
1629,_SFFhsucdEeet0YmmfbMwkw,CF1,9.0063
1630,_SFFhsucdEeet0YmmfbMwkw,CF1,9.0063
1631,_SFFhsucdEeet0YmmfbMwkw,CF1,9.0063
1632,_SFE6kucdEeet0YmmfbMwkw,CF1,3.8743
1633,_SFE6kucdEeet0YmmfbMwkw,CF1,3.8743
1634,_SFE6kucdEeet0YmmfbMwkw,CF1,3.8743
1635,_SFMQD-cdEeet0YmmfbMwkw,CF2,6.2108
1636,_SFMQD-cdEeet0YmmfbMwkw,CF2,6.2108
1637,_SFMQD-cdEeet0YmmfbMwkw,CF2,6.2108
1638,_SFMQD-cdEeet0YmmfbMwkw,CF2,6.2108
1639,_SFMQD-cdEeet0YmmfbMwkw,CF2,6.2108
1640,_SFMQD-cdEeet0YmmfbMwkw,CF2,6.2108
1641,_SFKZUucdEeet0YmmfbMwkw,CF2,2.9595
1642,_SFKZUucdEeet0YmmfbMwkw,CF2,2.9595
1643,_SFKZUucdEeet0YmmfbMwkw,CF2,2.9595
1644,_SFLBHecdEeet0YmmfbMwkw,CF2,6.1908
1645,_SFLBHecdEeet0YmmfbMwkw,CF2,6.1908
1646,_SFLBHecdEeet0YmmfbMwkw,CF2,6.1908
1647,_SFS9tOcdEeet0YmmfbMwkw,CF3,6.2368
1648,_SFS9tOcdEeet0YmmfbMwkw,CF3,6.2368
1649,_SFNdjecdEeet0YmmfbMwkw,CF1,10.1852
1650,_SFNdjecdEeet0YmmfbMwkw,CF1,10.1852
1651,_SFNdjecdEeet0YmmfbMwkw,CF1,10.1852
1652,_SFS9uucdEeet0YmmfbMwkw,CF3,128.3785
1653,_SFS9uucdEeet0YmmfbMwkw,CF3,128.0114
1654,_SFApIecdEeet0YmmfbMwkw,CF2,6.0968
1655,_SFApIecdEeet0YmmfbMwkw,CF2,6.0968
1656,_SFApIecdEeet0YmmfbMwkw,CF2,6.0968
1657,_SFSW1ecdEeet0YmmfbMwkw,CF3,9.0493
1658,_SFSW1ecdEeet0YmmfbMwkw,CF3,9.0493
1659,_SFJyQucdEeet0YmmfbMwkw,CF2,2.9585
1660,_SFJyQucdEeet0YmmfbMwkw,CF2,2.9585
1661,_SFJyQucdEeet0YmmfbMwkw,CF2,2.9585
1662,_SFDr--cdEeet0YmmfbMwkw,CF2,3.4414
1663,_SFDr--cdEeet0YmmfbMwkw,CF2,3.4414
1664,_SFDr--cdEeet0YmmfbMwkw,CF2,3.4414
1665,_SFDr--cdEeet0YmmfbMwkw,CF2,3.4414
1666,_SFDr--cdEeet0YmmfbMwkw,CF2,3.4414
1667,_SFDr--cdEeet0YmmfbMwkw,CF2,3.4414
1668,_SFFhvucdEeet0YmmfbMwkw,CF3,6.1458
1669,_SFFhvucdEeet0YmmfbMwkw,CF3,6.1458
1670,_SFFhvucdEeet0YmmfbMwkw,CF3,6.1458
1671,_SFACDOcdEeet0YmmfbMwkw,CF2,8.9913
1672,_SFACDOcdEeet0YmmfbMwkw,CF2,8.9913
1673,_SFACDOcdEeet0YmmfbMwkw,CF2,8.9913
1674,_SFLAZ-cdEeet0YmmfbMwkw,CF3,6.1858
1675,_SFLAZ-cdEeet0YmmfbMwkw,CF3,6.1858
1676,_SFLAZ-cdEeet0YmmfbMwkw,CF3,6.1858
1677,_SFJzYecdEeet0YmmfbMwkw,CF1,6.1698
1678,_SFJzYecdEeet0YmmfbMwkw,CF1,6.1698
1679,_SFJzYecdEeet0YmmfbMwkw,CF1,6.1698
1680,_SFJzYecdEeet0YmmfbMwkw,CF1,6.1698
1681,_SFJy5-cdEeet0YmmfbMwkw,CF2,3.4584
1682,_SFJy5-cdEeet0YmmfbMwkw,CF2,3.4584
1683,_SFJy5-cdEeet0YmmfbMwkw,CF2,3.4584
1684,_SFDsdecdEeet0YmmfbMwkw,CF3,6.1278
1685,_SFDsdecdEeet0YmmfbMwkw,CF3,6.1278
1686,_SFDsdecdEeet0YmmfbMwkw,CF3,6.1278
1687,_SFDsdecdEeet0YmmfbMwkw,CF3,6.1278
1688,_SFDsdecdEeet0YmmfbMwkw,CF3,6.1278
1689,_SFS8aOcdEeet0YmmfbMwkw,CF3,9.0433
1690,_SFS8aOcdEeet0YmmfbMwkw,CF3,9.0433
1691,_SFS8aOcdEeet0YmmfbMwkw,CF3,9.0433
1692,_SFS8aOcdEeet0YmmfbMwkw,CF3,9.0433
1693,_SFS8aOcdEeet0YmmfbMwkw,CF3,9.0433
1694,_SFOsE-cdEeet0YmmfbMwkw,CF1,9.0423
1695,_SFOsE-cdEeet0YmmfbMwkw,CF1,9.0423
1696,_SFOsE-cdEeet0YmmfbMwkw,CF1,9.0423
1697,_SE_a9OcdEeet0YmmfbMwkw,CF3,6.0548
1698,_SE_a9OcdEeet0YmmfbMwkw,CF3,6.0548
1699,_SE_a9OcdEeet0YmmfbMwkw,CF3,6.0548
1700,_SFApC-cdEeet0YmmfbMwkw,CF1,6.0948
1701,_SFApC-cdEeet0YmmfbMwkw,CF1,6.0948
1702,_SFApC-cdEeet0YmmfbMwkw,CF1,6.0948
1703,_SFApC-cdEeet0YmmfbMwkw,CF1,6.0948
1704,_SFApC-cdEeet0YmmfbMwkw,CF1,6.0948
1705,_SFApC-cdEeet0YmmfbMwkw,CF1,6.0948
1706,_SFGwBecdEeet0YmmfbMwkw,CF3,9.0103
1707,_SFGwBecdEeet0YmmfbMwkw,CF3,9.0103
1708,_SFGwBecdEeet0YmmfbMwkw,CF3,9.0103
1709,_SEuUcucdEeet0YmmfbMwkw,CF1,2.9495
1710,_SEuUcucdEeet0YmmfbMwkw,CF1,2.9495
1711,_SEuUcucdEeet0YmmfbMwkw,CF1,2.9495
1712,_SEwJt-cdEeet0YmmfbMwkw,CF1,4.4402
1713,_SEwJt-cdEeet0YmmfbMwkw,CF1,4.4402
1714,_SEwJt-cdEeet0YmmfbMwkw,CF1,4.4402
1715,_SFDFV-cdEeet0YmmfbMwkw,CF3,6.1188
1716,_SFDFV-cdEeet0YmmfbMwkw,CF3,6.1188
1717,_SFDFV-cdEeet0YmmfbMwkw,CF3,6.1188
1718,_SE2QWecdEeet0YmmfbMwkw,CF3,6.0238
1719,_SE2QWecdEeet0YmmfbMwkw,CF3,6.0238
1720,_SE2QWecdEeet0YmmfbMwkw,CF3,6.0238
1721,_SFJyOOcdEeet0YmmfbMwkw,CF2,3.4594
1722,_SFJyOOcdEeet0YmmfbMwkw,CF2,3.4594
1723,_SFJyOOcdEeet0YmmfbMwkw,CF2,3.4594
1724,_SE4s9ecdEeet0YmmfbMwkw,CF2,3.1678
1725,_SE4s9ecdEeet0YmmfbMwkw,CF2,3.1678
1726,_SE4s9ecdEeet0YmmfbMwkw,CF2,3.1678
1727,_SFFhqOcdEeet0YmmfbMwkw,CF3,6.1448
1728,_SFFhqOcdEeet0YmmfbMwkw,CF3,6.1448
1729,_SFFhqOcdEeet0YmmfbMwkw,CF3,6.1448
1730,_SE8Xk-cdEeet0YmmfbMwkw,CF1,6.0468
1731,_SE8Xk-cdEeet0YmmfbMwkw,CF1,6.0468
1732,_SE8Xk-cdEeet0YmmfbMwkw,CF1,6.0468
1733,_SFNeOOcdEeet0YmmfbMwkw,CF3,4.4482
1734,_SFNeOOcdEeet0YmmfbMwkw,CF3,4.4482
1735,_SFNeOOcdEeet0YmmfbMwkw,CF3,4.4482
1736,_SE57PecdEeet0YmmfbMwkw,CF3,6.0308
1737,_SE57PecdEeet0YmmfbMwkw,CF3,6.0308
1738,_SE57PecdEeet0YmmfbMwkw,CF3,6.0308
1739,_SFDFeecdEeet0YmmfbMwkw,CF1,3.8703
1740,_SFDFeecdEeet0YmmfbMwkw,CF1,3.8703
1741,_SFDFeecdEeet0YmmfbMwkw,CF1,3.8703
1742,_SFS9JucdEeet0YmmfbMwkw,CF1,2.7321
1743,_SFS9JucdEeet0YmmfbMwkw,CF1,2.7321
1744,_SFS9JucdEeet0YmmfbMwkw,CF1,2.7321
1745,_SFOEtucdEeet0YmmfbMwkw,CF1,3.8913
1746,_SFOEtucdEeet0YmmfbMwkw,CF1,3.8913
1747,_SFOEtucdEeet0YmmfbMwkw,CF1,3.8913
1748,_SE8XCucdEeet0YmmfbMwkw,CF1,3.4094
1749,_SE8XCucdEeet0YmmfbMwkw,CF1,3.4094
1750,_SE8XCucdEeet0YmmfbMwkw,CF1,3.4094
1751,_SFJyq-cdEeet0YmmfbMwkw,CF3,6.1678
1752,_SFJyq-cdEeet0YmmfbMwkw,CF3,6.1678
1753,_SFJyq-cdEeet0YmmfbMwkw,CF3,6.1678
1754,_SFESm-cdEeet0YmmfbMwkw,CF2,3.4454
1755,_SFESm-cdEeet0YmmfbMwkw,CF2,3.4454
1756,_SFESm-cdEeet0YmmfbMwkw,CF2,3.4454
1757,_SFESm-cdEeet0YmmfbMwkw,CF2,3.4454
1758,_SFESm-cdEeet0YmmfbMwkw,CF2,3.4454
1759,_SFESm-cdEeet0YmmfbMwkw,CF2,3.4454
1760,_SFJzfecdEeet0YmmfbMwkw,CF1,3.4604
1761,_SFJzfecdEeet0YmmfbMwkw,CF1,3.4604
1762,_SFJzfecdEeet0YmmfbMwkw,CF1,3.4604
1763,_SE8W3ecdEeet0YmmfbMwkw,CF1,6.0438
1764,_SE8W3ecdEeet0YmmfbMwkw,CF1,6.0438
1765,_SE8W3ecdEeet0YmmfbMwkw,CF1,6.0438
1766,_SFJyKecdEeet0YmmfbMwkw,CF1,13.1005
1767,_SFJyKecdEeet0YmmfbMwkw,CF1,13.1005
1768,_SFJyKecdEeet0YmmfbMwkw,CF1,13.1005
1769,_SFBPgOcdEeet0YmmfbMwkw,CF3,6.1058
1770,_SFBPgOcdEeet0YmmfbMwkw,CF3,6.1058
1771,_SFLAqecdEeet0YmmfbMwkw,CF2,3.1858
1772,_SFLAqecdEeet0YmmfbMwkw,CF2,3.1858
1773,_SFLAqecdEeet0YmmfbMwkw,CF2,3.1858
1774,_SFMQGecdEeet0YmmfbMwkw,CF2,9.0343
1775,_SFMQGecdEeet0YmmfbMwkw,CF2,9.0343
1776,_SFMQGecdEeet0YmmfbMwkw,CF2,9.0343
1777,_SFGuu-cdEeet0YmmfbMwkw,CF1,6.1538
1778,_SFGuu-cdEeet0YmmfbMwkw,CF1,6.1538
1779,_SFGuu-cdEeet0YmmfbMwkw,CF1,6.1538
1780,_SFGuu-cdEeet0YmmfbMwkw,CF1,6.1538
1781,_SFGuu-cdEeet0YmmfbMwkw,CF1,6.1538
1782,_SFGuu-cdEeet0YmmfbMwkw,CF1,6.1538
1783,_SFFh3-cdEeet0YmmfbMwkw,CF1,2.9565
1784,_SFFh3-cdEeet0YmmfbMwkw,CF1,2.9565
1785,_SFFh3-cdEeet0YmmfbMwkw,CF1,2.9565
1786,_SFJy8-cdEeet0YmmfbMwkw,CF2,2.7151
1787,_SFJy8-cdEeet0YmmfbMwkw,CF2,2.7151
1788,_SFJy8-cdEeet0YmmfbMwkw,CF2,2.7151
1789,_SFMPsecdEeet0YmmfbMwkw,CF3,3.1918
1790,_SFMPsecdEeet0YmmfbMwkw,CF3,3.1918
1791,_SFMPsecdEeet0YmmfbMwkw,CF3,3.1918
1792,_SFGwm-cdEeet0YmmfbMwkw,CF3,6.1618
1793,_SFGwm-cdEeet0YmmfbMwkw,CF3,6.1618
1794,_SFGwm-cdEeet0YmmfbMwkw,CF3,6.1618
1795,_SFDE8-cdEeet0YmmfbMwkw,CF2,3.4384
1796,_SFDE8-cdEeet0YmmfbMwkw,CF2,3.4384
1797,_SFDE8-cdEeet0YmmfbMwkw,CF2,3.4384
1798,_SFDE8-cdEeet0YmmfbMwkw,CF2,3.4384
1799,_SFDE8-cdEeet0YmmfbMwkw,CF2,3.4384
1800,_SFDE8-cdEeet0YmmfbMwkw,CF2,3.4384
1801,_SFAogecdEeet0YmmfbMwkw,CF1,6.0938
1802,_SFAogecdEeet0YmmfbMwkw,CF1,6.0938
1803,_SFAogecdEeet0YmmfbMwkw,CF1,6.0938
1804,_SExYNOcdEeet0YmmfbMwkw,CF1,8.9853
1805,_SExYNOcdEeet0YmmfbMwkw,CF1,8.9853
1806,_SE7wGecdEeet0YmmfbMwkw,CF3,6.0388
1807,_SE7wGecdEeet0YmmfbMwkw,CF3,6.0388
1808,_SE7wGecdEeet0YmmfbMwkw,CF3,6.0388
1809,_SEvi2OcdEeet0YmmfbMwkw,CF2,3.4214
1810,_SEvi2OcdEeet0YmmfbMwkw,CF2,3.4214
1811,_SEvi2OcdEeet0YmmfbMwkw,CF2,3.4214
1812,_SE7wJecdEeet0YmmfbMwkw,CF1,3.8513
1813,_SE7wJecdEeet0YmmfbMwkw,CF1,3.8513
1814,_SE7wJecdEeet0YmmfbMwkw,CF1,3.8513
1815,_SEz0XucdEeet0YmmfbMwkw,CF3,113.6145
1816,_SEz0XucdEeet0YmmfbMwkw,CF3,113.0016
1817,_SFCdQOcdEeet0YmmfbMwkw,CF3,2.7101
1818,_SFCdQOcdEeet0YmmfbMwkw,CF3,2.7101
1819,_SFCdQOcdEeet0YmmfbMwkw,CF3,2.7101
1820,_SEzNE-cdEeet0YmmfbMwkw,CF1,6.4521
1821,_SEzNE-cdEeet0YmmfbMwkw,CF1,6.4521
1822,_SEzNE-cdEeet0YmmfbMwkw,CF1,6.4521
1823,_SFOEnucdEeet0YmmfbMwkw,CF3,9.0383
1824,_SFOEnucdEeet0YmmfbMwkw,CF3,9.0383
1825,_SFKZ_ecdEeet0YmmfbMwkw,CF2,3.1838
1826,_SFKZ_ecdEeet0YmmfbMwkw,CF2,3.1838
1827,_SFKZ_ecdEeet0YmmfbMwkw,CF2,3.1838
1828,_SFKZxecdEeet0YmmfbMwkw,CF3,9.0203
1829,_SFKZxecdEeet0YmmfbMwkw,CF3,9.0203
1830,_SFKZxecdEeet0YmmfbMwkw,CF3,9.0203
1831,_SFGItOcdEeet0YmmfbMwkw,CF3,3.8813
1832,_SFGItOcdEeet0YmmfbMwkw,CF3,3.8813
1833,_SFGItOcdEeet0YmmfbMwkw,CF3,3.8813
1834,_SE89uecdEeet0YmmfbMwkw,CF2,3.4084
1835,_SE89uecdEeet0YmmfbMwkw,CF2,3.4084
1836,_SE89uecdEeet0YmmfbMwkw,CF2,3.4084
1837,_SE8-s-cdEeet0YmmfbMwkw,CF1,6.0428
1838,_SE8-s-cdEeet0YmmfbMwkw,CF1,6.0428
1839,_SE8-s-cdEeet0YmmfbMwkw,CF1,6.0428
1840,_SE8-s-cdEeet0YmmfbMwkw,CF1,6.0428
1841,_SE8-s-cdEeet0YmmfbMwkw,CF1,6.0428
1842,_SE8-s-cdEeet0YmmfbMwkw,CF1,6.0428
1843,_SFGu3ecdEeet0YmmfbMwkw,CF1,3.8823
1844,_SFGu3ecdEeet0YmmfbMwkw,CF1,3.8823
1845,_SFGu3ecdEeet0YmmfbMwkw,CF1,3.8823
1846,_SE-Ml-cdEeet0YmmfbMwkw,CF3,135.7838
1847,_SE-Ml-cdEeet0YmmfbMwkw,CF3,135.7838
1848,_SE-Ml-cdEeet0YmmfbMwkw,CF3,135.7838
1849,_SE7vpecdEeet0YmmfbMwkw,CF2,3.1708
1850,_SE7vpecdEeet0YmmfbMwkw,CF2,3.1708
1851,_SE7vpecdEeet0YmmfbMwkw,CF2,3.1708
1852,_SFSWNecdEeet0YmmfbMwkw,CF3,9.0503
1853,_SFSWNecdEeet0YmmfbMwkw,CF3,9.0503
1854,_SFKZG-cdEeet0YmmfbMwkw,CF3,6.1738
1855,_SFKZG-cdEeet0YmmfbMwkw,CF3,6.1738
1856,_SFKZG-cdEeet0YmmfbMwkw,CF3,6.1738
1857,_SE8Xm-cdEeet0YmmfbMwkw,CF1,13.0865
1858,_SE8Xm-cdEeet0YmmfbMwkw,CF1,13.0865
1859,_SE8Xm-cdEeet0YmmfbMwkw,CF1,13.0865
1860,_SE8Xm-cdEeet0YmmfbMwkw,CF1,13.0865
1861,_SEtGI-cdEeet0YmmfbMwkw,CF3,3.2906
1862,_SEtGI-cdEeet0YmmfbMwkw,CF3,3.2906
1863,_SFE6cOcdEeet0YmmfbMwkw,CF1,6.1338
1864,_SFE6cOcdEeet0YmmfbMwkw,CF1,6.1338
1865,_SFE6cOcdEeet0YmmfbMwkw,CF1,6.1338
1866,_SFE6cOcdEeet0YmmfbMwkw,CF1,6.1338
1867,_SFE6cOcdEeet0YmmfbMwkw,CF1,6.1338
1868,_SFE6cOcdEeet0YmmfbMwkw,CF1,6.1338
1869,_SFE6cOcdEeet0YmmfbMwkw,CF1,6.1338
1870,_SFE6cOcdEeet0YmmfbMwkw,CF1,6.1338
1871,_SFE6cOcdEeet0YmmfbMwkw,CF1,6.1338
1872,_SFE6cOcdEeet0YmmfbMwkw,CF1,6.1338
1873,_SFSW7ecdEeet0YmmfbMwkw,CF2,3.8933
1874,_SFSW7ecdEeet0YmmfbMwkw,CF2,3.8933
1875,_SFSW7ecdEeet0YmmfbMwkw,CF2,3.8933
1876,_SFFhEucdEeet0YmmfbMwkw,CF1,9.0043
1877,_SFFhEucdEeet0YmmfbMwkw,CF1,9.0043
1878,_SFFhEucdEeet0YmmfbMwkw,CF1,9.0043
1879,_SFM2h-cdEeet0YmmfbMwkw,CF3,3.1898
1880,_SFM2h-cdEeet0YmmfbMwkw,CF3,3.1898
1881,_SFM2h-cdEeet0YmmfbMwkw,CF3,3.1898
1882,_SEwJpecdEeet0YmmfbMwkw,CF2,6.0678
1883,_SEwJpecdEeet0YmmfbMwkw,CF2,6.0678
1884,_SEwJpecdEeet0YmmfbMwkw,CF2,6.0678
1885,_SFLAo-cdEeet0YmmfbMwkw,CF2,3.4664
1886,_SFLAo-cdEeet0YmmfbMwkw,CF2,3.4664
1887,_SFLAo-cdEeet0YmmfbMwkw,CF2,3.4664
1888,_SE4F5ecdEeet0YmmfbMwkw,CF2,8.9743
1889,_SE4F5ecdEeet0YmmfbMwkw,CF2,8.9743
1890,_SE4F5ecdEeet0YmmfbMwkw,CF2,8.9743
1891,_SFJzS-cdEeet0YmmfbMwkw,CF3,6.1688
1892,_SFJzS-cdEeet0YmmfbMwkw,CF3,6.1688
1893,_SFJzS-cdEeet0YmmfbMwkw,CF3,6.1688
1894,_SFOE0OcdEeet0YmmfbMwkw,CF2,3.4774
1895,_SFOE0OcdEeet0YmmfbMwkw,CF2,3.4774
1896,_SFOE0OcdEeet0YmmfbMwkw,CF2,3.4774
1897,_SE7ItecdEeet0YmmfbMwkw,CF3,8.0237
1898,_SE7ItecdEeet0YmmfbMwkw,CF3,8.0237
1899,_SE7ItecdEeet0YmmfbMwkw,CF3,8.0237
1900,_SFLoF-cdEeet0YmmfbMwkw,CF1,3.4684
1901,_SFLoF-cdEeet0YmmfbMwkw,CF1,3.4684
1902,_SFLoF-cdEeet0YmmfbMwkw,CF1,3.4684
1903,_SEu7oecdEeet0YmmfbMwkw,CF1,63.1093
1904,_SEu7oecdEeet0YmmfbMwkw,CF1,63.1093
1905,_SEu7oecdEeet0YmmfbMwkw,CF1,63.1093
1906,_SFJy7ecdEeet0YmmfbMwkw,CF2,3.1808
1907,_SFJy7ecdEeet0YmmfbMwkw,CF2,3.1808
1908,_SFJy7ecdEeet0YmmfbMwkw,CF2,3.1808
1909,_SFOEm-cdEeet0YmmfbMwkw,CF3,65.8371
1910,_SFOEm-cdEeet0YmmfbMwkw,CF3,65.3014
1911,_SFOEm-cdEeet0YmmfbMwkw,CF3,65.3014
1912,_SFOEm-cdEeet0YmmfbMwkw,CF3,65.3014
1913,_SFOEm-cdEeet0YmmfbMwkw,CF3,65.3014
1914,_SFAodecdEeet0YmmfbMwkw,CF2,8.9923
1915,_SFAodecdEeet0YmmfbMwkw,CF2,8.9923
1916,_SFAodecdEeet0YmmfbMwkw,CF2,8.9923
1917,_SFAodecdEeet0YmmfbMwkw,CF2,8.9923
1918,_SFAodecdEeet0YmmfbMwkw,CF2,8.9923
1919,_SFAodecdEeet0YmmfbMwkw,CF2,8.9923
1920,_SFAodecdEeet0YmmfbMwkw,CF2,8.9923
1921,_SFAodecdEeet0YmmfbMwkw,CF2,8.9923
1922,_SFAodecdEeet0YmmfbMwkw,CF2,8.9923
1923,_SFGIzucdEeet0YmmfbMwkw,CF2,3.4514
1924,_SFGIzucdEeet0YmmfbMwkw,CF2,3.4514
1925,_SFGIzucdEeet0YmmfbMwkw,CF2,3.4514
1926,_SFGIzucdEeet0YmmfbMwkw,CF2,3.4514
1927,_SFGIzucdEeet0YmmfbMwkw,CF2,3.4514
1928,_SFGIzucdEeet0YmmfbMwkw,CF2,3.4514
1929,_SFB3TOcdEeet0YmmfbMwkw,CF1,3.8653
1930,_SFB3TOcdEeet0YmmfbMwkw,CF1,3.8653
1931,_SFB3TOcdEeet0YmmfbMwkw,CF1,3.8653
1932,_SFGI4OcdEeet0YmmfbMwkw,CF2,3.6689999999999996
1933,_SFGI4OcdEeet0YmmfbMwkw,CF2,3.6689999999999996
1934,_SFGI4OcdEeet0YmmfbMwkw,CF2,3.6689999999999996
1935,_SE-Me-cdEeet0YmmfbMwkw,CF1,6.0098
1936,_SE-Me-cdEeet0YmmfbMwkw,CF1,6.0098
1937,_SE-Me-cdEeet0YmmfbMwkw,CF1,6.0098
1938,_SE_a_OcdEeet0YmmfbMwkw,CF2,13.0895
1939,_SE_a_OcdEeet0YmmfbMwkw,CF2,13.0895
1940,_SE_a_OcdEeet0YmmfbMwkw,CF2,13.0895
1941,_SE_a_OcdEeet0YmmfbMwkw,CF2,13.0895
1942,_SE_a_OcdEeet0YmmfbMwkw,CF2,13.0895
1943,_SFS9qOcdEeet0YmmfbMwkw,CF3,9.0453
1944,_SFS9qOcdEeet0YmmfbMwkw,CF3,9.0453
1945,_SFS9qOcdEeet0YmmfbMwkw,CF3,9.0453
1946,_SFDEt-cdEeet0YmmfbMwkw,CF1,6.1148
1947,_SFDEt-cdEeet0YmmfbMwkw,CF1,6.1148
1948,_SFDEt-cdEeet0YmmfbMwkw,CF1,6.1148
1949,_SE5T3OcdEeet0YmmfbMwkw,CF2,3.1698
1950,_SE5T3OcdEeet0YmmfbMwkw,CF2,3.1698
1951,_SE5T3OcdEeet0YmmfbMwkw,CF2,3.1698
1952,_SFM2TOcdEeet0YmmfbMwkw,CF1,10.1822
1953,_SFM2TOcdEeet0YmmfbMwkw,CF1,10.1822
1954,_SFM2TOcdEeet0YmmfbMwkw,CF1,10.1822
1955,_SFOD--cdEeet0YmmfbMwkw,CF3,172.7946
1956,_SFOD--cdEeet0YmmfbMwkw,CF3,172.30200000000002
1957,_SE-zGucdEeet0YmmfbMwkw,CF1,6.0138
1958,_SE-zGucdEeet0YmmfbMwkw,CF1,6.0138
1959,_SE-zGucdEeet0YmmfbMwkw,CF1,6.0138
1960,_SFMOTecdEeet0YmmfbMwkw,CF2,13.1135
1961,_SFMOTecdEeet0YmmfbMwkw,CF2,13.1135
1962,_SFMOTecdEeet0YmmfbMwkw,CF2,13.1135
1963,_SFMOTecdEeet0YmmfbMwkw,CF2,13.1135
1964,_SFGwpecdEeet0YmmfbMwkw,CF3,9.0113
1965,_SFGwpecdEeet0YmmfbMwkw,CF3,9.0113
1966,_SFGwpecdEeet0YmmfbMwkw,CF3,9.0113
1967,_SFOEwecdEeet0YmmfbMwkw,CF1,3.4804
1968,_SFOEwecdEeet0YmmfbMwkw,CF1,3.4804
1969,_SFOEwecdEeet0YmmfbMwkw,CF1,3.4804
1970,_SEzM_ucdEeet0YmmfbMwkw,CF3,10.1682
1971,_SEzM_ucdEeet0YmmfbMwkw,CF3,10.1682
1972,_SEzM_ucdEeet0YmmfbMwkw,CF3,10.1682
1973,_SFLn8ecdEeet0YmmfbMwkw,CF1,6.1958
1974,_SFLn8ecdEeet0YmmfbMwkw,CF1,6.1958
1975,_SFLn8ecdEeet0YmmfbMwkw,CF1,6.1958
1976,_SE23vucdEeet0YmmfbMwkw,CF1,3.3984
1977,_SE23vucdEeet0YmmfbMwkw,CF1,3.3984
1978,_SE23vucdEeet0YmmfbMwkw,CF1,3.3984
1979,_SE23vucdEeet0YmmfbMwkw,CF1,3.3984
1980,_SE23vucdEeet0YmmfbMwkw,CF1,3.3984
1981,_SE23vucdEeet0YmmfbMwkw,CF1,3.3984
1982,_SFE6DOcdEeet0YmmfbMwkw,CF2,3.4434
1983,_SFE6DOcdEeet0YmmfbMwkw,CF2,3.4434
1984,_SFE6DOcdEeet0YmmfbMwkw,CF2,3.4434
1985,_SFE6DOcdEeet0YmmfbMwkw,CF2,3.4434
1986,_SFE6DOcdEeet0YmmfbMwkw,CF2,3.4434
1987,_SFE6DOcdEeet0YmmfbMwkw,CF2,3.4434
1988,_SFLBuecdEeet0YmmfbMwkw,CF3,4.4462
1989,_SFLBuecdEeet0YmmfbMwkw,CF3,4.4462
1990,_SFLBuecdEeet0YmmfbMwkw,CF3,4.4462
1991,_SFMOxecdEeet0YmmfbMwkw,CF2,6.2048
1992,_SFMOxecdEeet0YmmfbMwkw,CF2,6.2048
1993,_SFMOxecdEeet0YmmfbMwkw,CF2,6.2048
1994,_SFMOxecdEeet0YmmfbMwkw,CF2,6.2048
1995,_SFOEqucdEeet0YmmfbMwkw,CF3,6.2218
1996,_SFOEqucdEeet0YmmfbMwkw,CF3,6.2218
1997,_SEuUaOcdEeet0YmmfbMwkw,CF1,3.4184
1998,_SEuUaOcdEeet0YmmfbMwkw,CF1,3.4184
1999,_SEuUaOcdEeet0YmmfbMwkw,CF1,3.4184
2000,_SFETTecdEeet0YmmfbMwkw,CF2,3.665
2001,_SFETTecdEeet0YmmfbMwkw,CF2,3.665
2002,_SFETTecdEeet0YmmfbMwkw,CF2,3.665
2003,_SE-z0OcdEeet0YmmfbMwkw,CF1,6.0108
2004,_SE-z0OcdEeet0YmmfbMwkw,CF1,6.0108
2005,_SE-z0OcdEeet0YmmfbMwkw,CF1,6.0108
2006,_SFM2YecdEeet0YmmfbMwkw,CF2,6.4641
2007,_SFM2YecdEeet0YmmfbMwkw,CF2,6.4641
2008,_SFM2YecdEeet0YmmfbMwkw,CF2,6.4641
2009,_SFM2YecdEeet0YmmfbMwkw,CF2,6.4641
2010,_SFM2YecdEeet0YmmfbMwkw,CF2,6.4641
2011,_SFM2YecdEeet0YmmfbMwkw,CF2,6.4641
2012,_SFJLBecdEeet0YmmfbMwkw,CF3,9.0133
2013,_SFJLBecdEeet0YmmfbMwkw,CF3,9.0133
2014,_SFJLBecdEeet0YmmfbMwkw,CF3,9.0133
2015,_SFABnucdEeet0YmmfbMwkw,CF2,3.4284
2016,_SFABnucdEeet0YmmfbMwkw,CF2,3.4284
2017,_SFABnucdEeet0YmmfbMwkw,CF2,3.4284
2018,_SFFhKucdEeet0YmmfbMwkw,CF1,3.8773
2019,_SFFhKucdEeet0YmmfbMwkw,CF1,3.8773
2020,_SFFhKucdEeet0YmmfbMwkw,CF1,3.8773
2021,_SFKaZecdEeet0YmmfbMwkw,CF3,9.0213
2022,_SFKaZecdEeet0YmmfbMwkw,CF3,9.0213
2023,_SFKaZecdEeet0YmmfbMwkw,CF3,9.0213
2024,_SE_aVOcdEeet0YmmfbMwkw,CF3,6.0568
2025,_SE_aVOcdEeet0YmmfbMwkw,CF3,6.0568
2026,_SE_aVOcdEeet0YmmfbMwkw,CF3,6.0568
2027,_SFGHoOcdEeet0YmmfbMwkw,CF2,3.668
2028,_SFGHoOcdEeet0YmmfbMwkw,CF2,3.668
2029,_SFGHoOcdEeet0YmmfbMwkw,CF2,3.668
2030,_SE3equcdEeet0YmmfbMwkw,CF2,3.9714
2031,_SE3equcdEeet0YmmfbMwkw,CF2,3.9714
2032,_SE3equcdEeet0YmmfbMwkw,CF2,3.9714
2033,_SE4sVecdEeet0YmmfbMwkw,CF2,3.1688
2034,_SE4sVecdEeet0YmmfbMwkw,CF2,3.1688
2035,_SE4sVecdEeet0YmmfbMwkw,CF2,3.1688
2036,_SFB2qOcdEeet0YmmfbMwkw,CF3,213.929
2037,_SFB2qOcdEeet0YmmfbMwkw,CF3,213.3161
2038,_SFGIqOcdEeet0YmmfbMwkw,CF1,6.1498
2039,_SFGIqOcdEeet0YmmfbMwkw,CF1,6.1498
2040,_SFGIqOcdEeet0YmmfbMwkw,CF1,6.1498
2041,_SFGIqOcdEeet0YmmfbMwkw,CF1,6.1498
2042,_SFETO-cdEeet0YmmfbMwkw,CF2,3.4464
2043,_SFETO-cdEeet0YmmfbMwkw,CF2,3.4464
2044,_SFETO-cdEeet0YmmfbMwkw,CF2,3.4464
2045,_SFETO-cdEeet0YmmfbMwkw,CF2,3.4464
2046,_SFETO-cdEeet0YmmfbMwkw,CF2,3.4464
2047,_SFETO-cdEeet0YmmfbMwkw,CF2,3.4464
2048,_SFJzXecdEeet0YmmfbMwkw,CF1,4.4222
2049,_SFJzXecdEeet0YmmfbMwkw,CF1,4.4222
2050,_SFJzXecdEeet0YmmfbMwkw,CF1,4.4222
2051,_SFJzXecdEeet0YmmfbMwkw,CF1,4.4222
2052,_SFJzXecdEeet0YmmfbMwkw,CF1,4.4222
2053,_SFJzXecdEeet0YmmfbMwkw,CF1,4.4222
2054,_SE4FUecdEeet0YmmfbMwkw,CF2,6.0268
2055,_SE4FUecdEeet0YmmfbMwkw,CF2,6.0268
2056,_SE4FUecdEeet0YmmfbMwkw,CF2,6.0268
2057,_SFLn2-cdEeet0YmmfbMwkw,CF1,6.1948
2058,_SFLn2-cdEeet0YmmfbMwkw,CF1,6.1948
2059,_SFLn2-cdEeet0YmmfbMwkw,CF1,6.1948
2060,_SFLnTecdEeet0YmmfbMwkw,CF2,4.4342
2061,_SFLnTecdEeet0YmmfbMwkw,CF2,4.4342
2062,_SFLnTecdEeet0YmmfbMwkw,CF2,4.4342
2063,_SFLnTecdEeet0YmmfbMwkw,CF2,4.4342
2064,_SEu7n-cdEeet0YmmfbMwkw,CF2,8.0257
2065,_SEu7n-cdEeet0YmmfbMwkw,CF2,8.0257
2066,_SEu7n-cdEeet0YmmfbMwkw,CF2,8.0257
2067,_SFACROcdEeet0YmmfbMwkw,CF3,3.1768
2068,_SFACROcdEeet0YmmfbMwkw,CF3,3.1768
2069,_SFACROcdEeet0YmmfbMwkw,CF3,3.1768
2070,_SFS9GucdEeet0YmmfbMwkw,CF3,121.0235
2071,_SFS9GucdEeet0YmmfbMwkw,CF3,120.6817
2072,_SEymGucdEeet0YmmfbMwkw,CF3,6.0798
2073,_SEymGucdEeet0YmmfbMwkw,CF3,6.0798
2074,_SFKacecdEeet0YmmfbMwkw,CF1,6.1808
2075,_SFKacecdEeet0YmmfbMwkw,CF1,6.1808
2076,_SFKacecdEeet0YmmfbMwkw,CF1,6.1808
2077,_SFLB6ecdEeet0YmmfbMwkw,CF1,3.1868
2078,_SFLB6ecdEeet0YmmfbMwkw,CF1,3.1868
2079,_SFLB6ecdEeet0YmmfbMwkw,CF1,3.1868
2080,_SFOFVucdEeet0YmmfbMwkw,CF1,3.8923
2081,_SFOFVucdEeet0YmmfbMwkw,CF1,3.8923
2082,_SFOFVucdEeet0YmmfbMwkw,CF1,3.8923
2083,_SFLAbucdEeet0YmmfbMwkw,CF3,11.4905
2084,_SFLAbucdEeet0YmmfbMwkw,CF3,11.4905
2085,_SFLAbucdEeet0YmmfbMwkw,CF3,11.4905
2086,_SFNdqOcdEeet0YmmfbMwkw,CF1,3.8883
2087,_SFNdqOcdEeet0YmmfbMwkw,CF1,3.8883
2088,_SFNdqOcdEeet0YmmfbMwkw,CF1,3.8883
2089,_SFOrf-cdEeet0YmmfbMwkw,CF1,6.2268
2090,_SFOrf-cdEeet0YmmfbMwkw,CF1,6.2268
2091,_SFOrf-cdEeet0YmmfbMwkw,CF1,6.2268
2092,_SFDEwecdEeet0YmmfbMwkw,CF3,8.9963
2093,_SFDEwecdEeet0YmmfbMwkw,CF3,8.9963
2094,_SFDEwecdEeet0YmmfbMwkw,CF3,8.9963
2095,_SFDEwecdEeet0YmmfbMwkw,CF3,8.9963
2096,_SFDEwecdEeet0YmmfbMwkw,CF3,8.9963
2097,_SE3eaOcdEeet0YmmfbMwkw,CF3,6.0248
2098,_SE3eaOcdEeet0YmmfbMwkw,CF3,6.0248
2099,_SE3eaOcdEeet0YmmfbMwkw,CF3,6.0248
2100,_SFNdpOcdEeet0YmmfbMwkw,CF3,13.1175
2101,_SFNdpOcdEeet0YmmfbMwkw,CF3,13.1175
2102,_SFMPnOcdEeet0YmmfbMwkw,CF1,3.4714
2103,_SFMPnOcdEeet0YmmfbMwkw,CF1,3.4714
2104,_SFMPnOcdEeet0YmmfbMwkw,CF1,3.4714
2105,_SFApR-cdEeet0YmmfbMwkw,CF3,3.4334
2106,_SFApR-cdEeet0YmmfbMwkw,CF3,3.4334
2107,_SFApR-cdEeet0YmmfbMwkw,CF3,3.4334
2108,_SFACAucdEeet0YmmfbMwkw,CF1,6.0898
2109,_SFACAucdEeet0YmmfbMwkw,CF1,6.0898
2110,_SFACAucdEeet0YmmfbMwkw,CF1,6.0898
2111,_SEu7iucdEeet0YmmfbMwkw,CF3,205.8254
2112,_SEu7iucdEeet0YmmfbMwkw,CF3,205.3328
2113,_SEu7iucdEeet0YmmfbMwkw,CF3,204.7971
2114,_SEu7iucdEeet0YmmfbMwkw,CF3,204.7971
2115,_SEu7iucdEeet0YmmfbMwkw,CF3,204.7971
2116,_SEu7jecdEeet0YmmfbMwkw,CF1,8.9783
2117,_SEu7jecdEeet0YmmfbMwkw,CF1,8.9783
2118,_SEu7jecdEeet0YmmfbMwkw,CF1,8.9783
2119,_SFGwkecdEeet0YmmfbMwkw,CF1,6.1598
2120,_SFGwkecdEeet0YmmfbMwkw,CF1,6.1598
2121,_SFGwkecdEeet0YmmfbMwkw,CF1,6.1598
2122,_SFGwkecdEeet0YmmfbMwkw,CF1,6.1598
2123,_SFGwkecdEeet0YmmfbMwkw,CF1,6.1598
2124,_SFGwkecdEeet0YmmfbMwkw,CF1,6.1598
2125,_SFKZ4-cdEeet0YmmfbMwkw,CF1,2.7181
2126,_SFKZ4-cdEeet0YmmfbMwkw,CF1,2.7181
2127,_SFKZ4-cdEeet0YmmfbMwkw,CF1,2.7181
2128,_SFLAmecdEeet0YmmfbMwkw,CF3,3.4654
2129,_SFLAmecdEeet0YmmfbMwkw,CF3,3.4654
2130,_SFLAmecdEeet0YmmfbMwkw,CF3,3.4654
2131,_SEtGGecdEeet0YmmfbMwkw,CF3,13.0905
2132,_SEtGGecdEeet0YmmfbMwkw,CF3,13.0905
2133,_SFDryecdEeet0YmmfbMwkw,CF3,8.9983
2134,_SFDryecdEeet0YmmfbMwkw,CF3,8.9983
2135,_SFDryecdEeet0YmmfbMwkw,CF3,8.9983
2136,_SFDryecdEeet0YmmfbMwkw,CF3,8.9983
2137,_SFS8eucdEeet0YmmfbMwkw,CF3,9.8302
2138,_SFS8eucdEeet0YmmfbMwkw,CF3,9.8302
2139,_SFLB7-cdEeet0YmmfbMwkw,CF3,2.7261
2140,_SFLB7-cdEeet0YmmfbMwkw,CF3,2.7261
2141,_SFLB7-cdEeet0YmmfbMwkw,CF3,2.7261
2142,_SE8-E-cdEeet0YmmfbMwkw,CF1,6.0398
2143,_SE8-E-cdEeet0YmmfbMwkw,CF1,6.0398
2144,_SE8-E-cdEeet0YmmfbMwkw,CF1,6.0398
2145,_SE8-E-cdEeet0YmmfbMwkw,CF1,6.0398
2146,_SE8XH-cdEeet0YmmfbMwkw,CF2,3.1728
2147,_SE8XH-cdEeet0YmmfbMwkw,CF2,3.1728
2148,_SE8XH-cdEeet0YmmfbMwkw,CF2,3.1728
2149,_SFJzmecdEeet0YmmfbMwkw,CF2,3.676
2150,_SFJzmecdEeet0YmmfbMwkw,CF2,3.676
2151,_SFJzmecdEeet0YmmfbMwkw,CF2,3.676
2152,_SFJyFecdEeet0YmmfbMwkw,CF3,9.0153
2153,_SFJyFecdEeet0YmmfbMwkw,CF3,9.0153
2154,_SFJyFecdEeet0YmmfbMwkw,CF3,9.0153
2155,_SFHV7OcdEeet0YmmfbMwkw,CF2,2.9575
2156,_SFHV7OcdEeet0YmmfbMwkw,CF2,2.9575
2157,_SFHV7OcdEeet0YmmfbMwkw,CF2,2.9575
2158,_SFKag-cdEeet0YmmfbMwkw,CF3,2.7221
2159,_SFKag-cdEeet0YmmfbMwkw,CF3,2.7221
2160,_SFKag-cdEeet0YmmfbMwkw,CF3,2.7221
2161,_SFJytecdEeet0YmmfbMwkw,CF1,9.0163
2162,_SFJytecdEeet0YmmfbMwkw,CF1,9.0163
2163,_SFJytecdEeet0YmmfbMwkw,CF1,9.0163
2164,_SFJytecdEeet0YmmfbMwkw,CF1,9.0163
2165,_SFJytecdEeet0YmmfbMwkw,CF1,9.0163
2166,_SFJytecdEeet0YmmfbMwkw,CF1,9.0163
2167,_SFM29-cdEeet0YmmfbMwkw,CF2,4.4242
2168,_SFM29-cdEeet0YmmfbMwkw,CF2,4.4242
2169,_SFM29-cdEeet0YmmfbMwkw,CF2,4.4242
2170,_SFM29-cdEeet0YmmfbMwkw,CF2,4.4242
2171,_SFM29-cdEeet0YmmfbMwkw,CF2,4.4242
2172,_SFM29-cdEeet0YmmfbMwkw,CF2,4.4242
2173,_SFGICOcdEeet0YmmfbMwkw,CF3,6.1478
2174,_SFGICOcdEeet0YmmfbMwkw,CF3,6.1478
2175,_SFGICOcdEeet0YmmfbMwkw,CF3,6.1478
2176,_SFKafecdEeet0YmmfbMwkw,CF3,4.651
2177,_SFKafecdEeet0YmmfbMwkw,CF3,4.651
2178,_SFKafecdEeet0YmmfbMwkw,CF3,4.651
2179,_SFJzc-cdEeet0YmmfbMwkw,CF3,2.7171
2180,_SFJzc-cdEeet0YmmfbMwkw,CF3,2.7171
2181,_SFJzc-cdEeet0YmmfbMwkw,CF3,2.7171
2182,_SFES_-cdEeet0YmmfbMwkw,CF1,6.1368
2183,_SFES_-cdEeet0YmmfbMwkw,CF1,6.1368
2184,_SFES_-cdEeet0YmmfbMwkw,CF1,6.1368
2185,_SFETCecdEeet0YmmfbMwkw,CF3,9.0033
2186,_SFETCecdEeet0YmmfbMwkw,CF3,9.0033
2187,_SFETCecdEeet0YmmfbMwkw,CF3,9.0033
2188,_SExYKucdEeet0YmmfbMwkw,CF3,6.0768
2189,_SExYKucdEeet0YmmfbMwkw,CF3,6.0768
2190,_SExYKucdEeet0YmmfbMwkw,CF3,6.0768
2191,_SExYKucdEeet0YmmfbMwkw,CF3,6.0768
2192,_SE8-P-cdEeet0YmmfbMwkw,CF1,3.8523
2193,_SE8-P-cdEeet0YmmfbMwkw,CF1,3.8523
2194,_SE8-P-cdEeet0YmmfbMwkw,CF1,3.8523
2195,_SFGH_OcdEeet0YmmfbMwkw,CF1,9.0073
2196,_SFGH_OcdEeet0YmmfbMwkw,CF1,9.0073
2197,_SFGH_OcdEeet0YmmfbMwkw,CF1,9.0073
2198,_SFGH_OcdEeet0YmmfbMwkw,CF1,9.0073
2199,_SFGH_OcdEeet0YmmfbMwkw,CF1,9.0073
2200,_SFGH_OcdEeet0YmmfbMwkw,CF1,9.0073
2201,_SFSU9ecdEeet0YmmfbMwkw,CF1,9.0463
2202,_SFSU9ecdEeet0YmmfbMwkw,CF1,9.0463
2203,_SFSU9ecdEeet0YmmfbMwkw,CF1,9.0463
2204,_SFCduucdEeet0YmmfbMwkw,CF1,3.8673
2205,_SFCduucdEeet0YmmfbMwkw,CF1,3.8673
2206,_SFCduucdEeet0YmmfbMwkw,CF1,3.8673
2207,_SFKZ2ecdEeet0YmmfbMwkw,CF1,13.1015
2208,_SFKZ2ecdEeet0YmmfbMwkw,CF1,13.1015
2209,_SE8XJecdEeet0YmmfbMwkw,CF1,2.7031
2210,_SE8XJecdEeet0YmmfbMwkw,CF1,2.7031
2211,_SE8XJecdEeet0YmmfbMwkw,CF1,2.7031
2212,_SE-L5ecdEeet0YmmfbMwkw,CF1,8.9673
2213,_SE-L5ecdEeet0YmmfbMwkw,CF1,8.9673
2214,_SE-L5ecdEeet0YmmfbMwkw,CF1,8.9673
2215,_SE-L5ecdEeet0YmmfbMwkw,CF1,8.9673
2216,_SE-L5ecdEeet0YmmfbMwkw,CF1,8.9673
2217,_SE-L5ecdEeet0YmmfbMwkw,CF1,8.9673
2218,_SE-L5ecdEeet0YmmfbMwkw,CF1,8.9673
2219,_SE-L5ecdEeet0YmmfbMwkw,CF1,8.9673
2220,_SE-L5ecdEeet0YmmfbMwkw,CF1,8.9673
2221,_SFLAXecdEeet0YmmfbMwkw,CF1,6.1828
2222,_SFLAXecdEeet0YmmfbMwkw,CF1,6.1828
2223,_SFNdAucdEeet0YmmfbMwkw,CF2,8.0287
2224,_SFNdAucdEeet0YmmfbMwkw,CF2,8.0287
2225,_SFNdAucdEeet0YmmfbMwkw,CF2,8.0287
2226,_SFNdAucdEeet0YmmfbMwkw,CF2,8.0287
2227,_SFNdAucdEeet0YmmfbMwkw,CF2,8.0287
2228,_SFOroOcdEeet0YmmfbMwkw,CF2,2.9645
2229,_SFOroOcdEeet0YmmfbMwkw,CF2,2.9645
2230,_SFOroOcdEeet0YmmfbMwkw,CF2,2.9645
2231,_SFJzjecdEeet0YmmfbMwkw,CF2,3.1818
2232,_SFJzjecdEeet0YmmfbMwkw,CF2,3.1818
2233,_SFJzjecdEeet0YmmfbMwkw,CF2,3.1818
2234,_SFLBHecdEeet0YmmfbMwkw,CF3,6.1918
2235,_SFLBHecdEeet0YmmfbMwkw,CF3,6.1918
2236,_SFLBHecdEeet0YmmfbMwkw,CF3,6.1918
2237,_SFGu1-cdEeet0YmmfbMwkw,CF1,6.4571
2238,_SFGu1-cdEeet0YmmfbMwkw,CF1,6.4571
2239,_SFGu1-cdEeet0YmmfbMwkw,CF1,6.4571
2240,_SFGu1-cdEeet0YmmfbMwkw,CF1,6.4571
2241,_SFOFRucdEeet0YmmfbMwkw,CF3,6.5454
2242,_SFOFRucdEeet0YmmfbMwkw,CF3,6.5454
2243,_SEwJrOcdEeet0YmmfbMwkw,CF3,10.1602
2244,_SEwJrOcdEeet0YmmfbMwkw,CF3,10.1602
2245,_SEwJrOcdEeet0YmmfbMwkw,CF3,10.1602
2246,_SEwJrOcdEeet0YmmfbMwkw,CF3,10.1602
2247,_SFGwSecdEeet0YmmfbMwkw,CF2,3.673
2248,_SFGwSecdEeet0YmmfbMwkw,CF2,3.673
2249,_SFGwSecdEeet0YmmfbMwkw,CF2,3.673
2250,_SE-zuucdEeet0YmmfbMwkw,CF1,6.0178
2251,_SE-zuucdEeet0YmmfbMwkw,CF1,6.0178
2252,_SE-zuucdEeet0YmmfbMwkw,CF1,6.0178
2253,_SFJK--cdEeet0YmmfbMwkw,CF1,6.1638
2254,_SFJK--cdEeet0YmmfbMwkw,CF1,6.1638
2255,_SFJK--cdEeet0YmmfbMwkw,CF1,6.1638
2256,_SFJK--cdEeet0YmmfbMwkw,CF1,6.1638
2257,_SFJK--cdEeet0YmmfbMwkw,CF1,6.1638
2258,_SFJK--cdEeet0YmmfbMwkw,CF1,6.1638
2259,_SE7Io-cdEeet0YmmfbMwkw,CF3,8.9763
2260,_SE7Io-cdEeet0YmmfbMwkw,CF3,8.9763
2261,_SE7Io-cdEeet0YmmfbMwkw,CF3,8.9763
2262,_SFODgecdEeet0YmmfbMwkw,CF1,3.4754
2263,_SFODgecdEeet0YmmfbMwkw,CF1,3.4754
2264,_SFODgecdEeet0YmmfbMwkw,CF1,3.4754
2265,_SFS8rOcdEeet0YmmfbMwkw,CF2,3.679
2266,_SFS8rOcdEeet0YmmfbMwkw,CF2,3.679
2267,_SFS8rOcdEeet0YmmfbMwkw,CF2,3.679
2268,_SFJyEucdEeet0YmmfbMwkw,CF1,186.1577
2269,_SFJyEucdEeet0YmmfbMwkw,CF1,187.18599999999998
2270,_SFJyEucdEeet0YmmfbMwkw,CF1,187.18599999999998
2271,_SFJyEucdEeet0YmmfbMwkw,CF1,187.18599999999998
2272,_SE23jOcdEeet0YmmfbMwkw,CF1,8.9733
2273,_SE23jOcdEeet0YmmfbMwkw,CF1,8.9733
2274,_SE23jOcdEeet0YmmfbMwkw,CF1,8.9733
2275,_SEu7pecdEeet0YmmfbMwkw,CF1,3.8583
2276,_SEu7pecdEeet0YmmfbMwkw,CF1,3.8583
2277,_SEu7pecdEeet0YmmfbMwkw,CF1,3.8583
2278,_SEu7pecdEeet0YmmfbMwkw,CF1,3.8583
2279,_SEu7pecdEeet0YmmfbMwkw,CF1,3.8583
2280,_SEu7pecdEeet0YmmfbMwkw,CF1,3.8583
2281,_SE9lfucdEeet0YmmfbMwkw,CF1,106.5049
2282,_SE9lfucdEeet0YmmfbMwkw,CF1,106.5049
2283,_SE9lfucdEeet0YmmfbMwkw,CF1,106.5049
2284,_SE-z9ucdEeet0YmmfbMwkw,CF2,3.3934
2285,_SE-z9ucdEeet0YmmfbMwkw,CF2,3.3934
2286,_SE-z9ucdEeet0YmmfbMwkw,CF2,3.3934
2287,_SFM1r-cdEeet0YmmfbMwkw,CF2,9.0313
2288,_SFM1r-cdEeet0YmmfbMwkw,CF2,9.0313
2289,_SFM1r-cdEeet0YmmfbMwkw,CF2,9.0313
2290,_SFM1r-cdEeet0YmmfbMwkw,CF2,9.0313
2291,_SFM1r-cdEeet0YmmfbMwkw,CF2,9.0313
2292,_SFM1r-cdEeet0YmmfbMwkw,CF2,9.0313
2293,_SFM1r-cdEeet0YmmfbMwkw,CF2,9.0313
2294,_SFM1r-cdEeet0YmmfbMwkw,CF2,9.0313
2295,_SFM1r-cdEeet0YmmfbMwkw,CF2,9.0313
2296,_SE1CkucdEeet0YmmfbMwkw,CF1,10.1542
2297,_SE1CkucdEeet0YmmfbMwkw,CF1,10.1542
2298,_SE1CkucdEeet0YmmfbMwkw,CF1,10.1542
2299,_SFSVDecdEeet0YmmfbMwkw,CF3,4.673
2300,_SFSVDecdEeet0YmmfbMwkw,CF3,4.673
2301,_SE8XBecdEeet0YmmfbMwkw,CF1,2.7021
2302,_SE8XBecdEeet0YmmfbMwkw,CF1,2.7021
2303,_SE8XBecdEeet0YmmfbMwkw,CF1,2.7021
2304,_SEwJr-cdEeet0YmmfbMwkw,CF2,8.9813
2305,_SEwJr-cdEeet0YmmfbMwkw,CF2,8.9813
2306,_SEwJr-cdEeet0YmmfbMwkw,CF2,8.9813
2307,_SFABYucdEeet0YmmfbMwkw,CF1,6.0868
2308,_SFABYucdEeet0YmmfbMwkw,CF1,6.0868
2309,_SFABYucdEeet0YmmfbMwkw,CF1,6.0868
2310,_SE6iF-cdEeet0YmmfbMwkw,CF2,3.4044
2311,_SE6iF-cdEeet0YmmfbMwkw,CF2,3.4044
2312,_SE6iF-cdEeet0YmmfbMwkw,CF2,3.4044
2313,_SFLoqOcdEeet0YmmfbMwkw,CF3,3.4694
2314,_SFLoqOcdEeet0YmmfbMwkw,CF3,3.4694
2315,_SFLoqOcdEeet0YmmfbMwkw,CF3,3.4694
2316,_SE-zVucdEeet0YmmfbMwkw,CF2,3.3954
2317,_SE-zVucdEeet0YmmfbMwkw,CF2,3.3954
2318,_SE-zVucdEeet0YmmfbMwkw,CF2,3.3954
2319,_SFLAj-cdEeet0YmmfbMwkw,CF3,2.7251
2320,_SFLAj-cdEeet0YmmfbMwkw,CF3,2.7251
2321,_SFLAj-cdEeet0YmmfbMwkw,CF3,2.7251
2322,_SFDFV-cdEeet0YmmfbMwkw,CF1,6.1178
2323,_SFDFV-cdEeet0YmmfbMwkw,CF1,6.1178
2324,_SFDFV-cdEeet0YmmfbMwkw,CF1,6.1178
2325,_SE-L_ecdEeet0YmmfbMwkw,CF1,3.8443
2326,_SE-L_ecdEeet0YmmfbMwkw,CF1,3.8443
2327,_SE-L_ecdEeet0YmmfbMwkw,CF1,3.8443
2328,_SFABeOcdEeet0YmmfbMwkw,CF3,6.0888
2329,_SFABeOcdEeet0YmmfbMwkw,CF3,6.0888
2330,_SFABeOcdEeet0YmmfbMwkw,CF3,6.0888
2331,_SFNc7ecdEeet0YmmfbMwkw,CF3,10.1842
2332,_SFNc7ecdEeet0YmmfbMwkw,CF3,10.1842
2333,_SFNc7ecdEeet0YmmfbMwkw,CF3,10.1842
2334,_SFM2--cdEeet0YmmfbMwkw,CF2,6.2038
2335,_SFM2--cdEeet0YmmfbMwkw,CF2,6.2038
2336,_SFM2--cdEeet0YmmfbMwkw,CF2,6.2038
2337,_SFM2--cdEeet0YmmfbMwkw,CF2,6.2038
2338,_SE-z1ucdEeet0YmmfbMwkw,CF2,6.4321
2339,_SE-z1ucdEeet0YmmfbMwkw,CF2,6.4321
2340,_SE-z1ucdEeet0YmmfbMwkw,CF2,6.4321
2341,_SFDs_-cdEeet0YmmfbMwkw,CF3,6.1268
2342,_SFDs_-cdEeet0YmmfbMwkw,CF3,6.1268
2343,_SFDs_-cdEeet0YmmfbMwkw,CF3,6.1268
2344,_SE4sz-cdEeet0YmmfbMwkw,CF1,6.4371
2345,_SE4sz-cdEeet0YmmfbMwkw,CF1,6.4371
2346,_SE4sz-cdEeet0YmmfbMwkw,CF1,6.4371
2347,_SFKaYucdEeet0YmmfbMwkw,CF3,11.4895
2348,_SFKaYucdEeet0YmmfbMwkw,CF3,11.4895
2349,_SFKaYucdEeet0YmmfbMwkw,CF3,11.4895
2350,_SFDr4ecdEeet0YmmfbMwkw,CF1,3.8713
2351,_SFDr4ecdEeet0YmmfbMwkw,CF1,3.8713
2352,_SFDr4ecdEeet0YmmfbMwkw,CF1,3.8713
2353,_SFS9vOcdEeet0YmmfbMwkw,CF3,110.0513
2354,_SFS9vOcdEeet0YmmfbMwkw,CF3,109.7625
2355,_SFOsQOcdEeet0YmmfbMwkw,CF2,2.9655
2356,_SFOsQOcdEeet0YmmfbMwkw,CF2,2.9655
2357,_SFOsQOcdEeet0YmmfbMwkw,CF2,2.9655
2358,_SE8W7-cdEeet0YmmfbMwkw,CF1,4.4392
2359,_SE8W7-cdEeet0YmmfbMwkw,CF1,4.4392
2360,_SE8W7-cdEeet0YmmfbMwkw,CF1,4.4392
2361,_SFFhqOcdEeet0YmmfbMwkw,CF1,6.1438
2362,_SFFhqOcdEeet0YmmfbMwkw,CF1,6.1438
2363,_SFFhqOcdEeet0YmmfbMwkw,CF1,6.1438
2364,_SEwwpOcdEeet0YmmfbMwkw,CF1,10.1612
2365,_SEwwpOcdEeet0YmmfbMwkw,CF1,10.1612
2366,_SEwwpOcdEeet0YmmfbMwkw,CF1,10.1612
2367,_SE57PecdEeet0YmmfbMwkw,CF1,6.0298
2368,_SE57PecdEeet0YmmfbMwkw,CF1,6.0298
2369,_SE57PecdEeet0YmmfbMwkw,CF1,6.0298
2370,_SFKZOecdEeet0YmmfbMwkw,CF1,13.1045
2371,_SFKZOecdEeet0YmmfbMwkw,CF1,13.1045
2372,_SFKZOecdEeet0YmmfbMwkw,CF1,13.1045
2373,_SFMQGecdEeet0YmmfbMwkw,CF3,9.0353
2374,_SFMQGecdEeet0YmmfbMwkw,CF3,9.0353
2375,_SFMQGecdEeet0YmmfbMwkw,CF3,9.0353
2376,_SFDsfecdEeet0YmmfbMwkw,CF3,62.7008
2377,_SFDsfecdEeet0YmmfbMwkw,CF3,62.412
2378,_SFJyq-cdEeet0YmmfbMwkw,CF1,6.1668
2379,_SFJyq-cdEeet0YmmfbMwkw,CF1,6.1668
2380,_SFJyq-cdEeet0YmmfbMwkw,CF1,6.1668
2381,_SFKZN-cdEeet0YmmfbMwkw,CF1,6.4611
2382,_SFKZN-cdEeet0YmmfbMwkw,CF1,6.4611
2383,_SFKZN-cdEeet0YmmfbMwkw,CF1,6.4611
2384,_SFOsCecdEeet0YmmfbMwkw,CF1,6.2288
2385,_SFOsCecdEeet0YmmfbMwkw,CF1,6.2288
2386,_SFOsCecdEeet0YmmfbMwkw,CF1,6.2288
2387,_SE-zxOcdEeet0YmmfbMwkw,CF3,8.9713
2388,_SE-zxOcdEeet0YmmfbMwkw,CF3,8.9713
2389,_SE-zxOcdEeet0YmmfbMwkw,CF3,8.9713
2390,_SE-z0OcdEeet0YmmfbMwkw,CF2,6.0118
2391,_SE-z0OcdEeet0YmmfbMwkw,CF2,6.0118
2392,_SE-z0OcdEeet0YmmfbMwkw,CF2,6.0118
2393,_SFS9nucdEeet0YmmfbMwkw,CF1,6.2358
2394,_SFS9nucdEeet0YmmfbMwkw,CF1,6.2358
2395,_SFS9nucdEeet0YmmfbMwkw,CF1,6.2358
2396,_SE57J-cdEeet0YmmfbMwkw,CF1,6.0288
2397,_SE57J-cdEeet0YmmfbMwkw,CF1,6.0288
2398,_SE57J-cdEeet0YmmfbMwkw,CF1,6.0288
2399,_SFS8lecdEeet0YmmfbMwkw,CF2,2.9665
2400,_SFS8lecdEeet0YmmfbMwkw,CF2,2.9665
2401,_SFS8lecdEeet0YmmfbMwkw,CF2,2.9665
2402,_SEvixOcdEeet0YmmfbMwkw,CF1,2.7071
2403,_SEvixOcdEeet0YmmfbMwkw,CF1,2.7071
2404,_SEvixOcdEeet0YmmfbMwkw,CF1,2.7071
2405,_SFMQS-cdEeet0YmmfbMwkw,CF1,3.4724
2406,_SFMQS-cdEeet0YmmfbMwkw,CF1,3.4724
2407,_SFMQS-cdEeet0YmmfbMwkw,CF1,3.4724
2408,_SEu7tecdEeet0YmmfbMwkw,CF2,3.4154
2409,_SEu7tecdEeet0YmmfbMwkw,CF2,3.4154
2410,_SEu7tecdEeet0YmmfbMwkw,CF2,3.4154
2411,_SEu7tecdEeet0YmmfbMwkw,CF2,3.4154
2412,_SEu7tecdEeet0YmmfbMwkw,CF2,3.4154
2413,_SEu7tecdEeet0YmmfbMwkw,CF2,3.4154
2414,_SFGvfecdEeet0YmmfbMwkw,CF1,3.8843
2415,_SFGvfecdEeet0YmmfbMwkw,CF1,3.8843
2416,_SFGvfecdEeet0YmmfbMwkw,CF1,3.8843
2417,_SE23iecdEeet0YmmfbMwkw,CF1,118.0617
2418,_SE23iecdEeet0YmmfbMwkw,CF1,118.0617
2419,_SE23iecdEeet0YmmfbMwkw,CF1,118.0617
2420,_SFGwm-cdEeet0YmmfbMwkw,CF1,6.1608
2421,_SFGwm-cdEeet0YmmfbMwkw,CF1,6.1608
2422,_SFGwm-cdEeet0YmmfbMwkw,CF1,6.1608
2423,_SFGwm-cdEeet0YmmfbMwkw,CF1,6.1608
2424,_SFGwm-cdEeet0YmmfbMwkw,CF1,6.1608
2425,_SFGwm-cdEeet0YmmfbMwkw,CF1,6.1608
2426,_SFGwm-cdEeet0YmmfbMwkw,CF1,6.1608
2427,_SFGv8ecdEeet0YmmfbMwkw,CF1,6.1558
2428,_SFGv8ecdEeet0YmmfbMwkw,CF1,6.1558
2429,_SFGv8ecdEeet0YmmfbMwkw,CF1,6.1558
2430,_SFGv8ecdEeet0YmmfbMwkw,CF1,6.1558
2431,_SFFhROcdEeet0YmmfbMwkw,CF2,3.4494
2432,_SFFhROcdEeet0YmmfbMwkw,CF2,3.4494
2433,_SFFhROcdEeet0YmmfbMwkw,CF2,3.4494
2434,_SFFhROcdEeet0YmmfbMwkw,CF2,3.4494
2435,_SFFhROcdEeet0YmmfbMwkw,CF2,3.4494
2436,_SFFhROcdEeet0YmmfbMwkw,CF2,3.4494
2437,_SE7wGecdEeet0YmmfbMwkw,CF1,6.0378
2438,_SE7wGecdEeet0YmmfbMwkw,CF1,6.0378
2439,_SE4GA-cdEeet0YmmfbMwkw,CF1,2.6991
2440,_SE4GA-cdEeet0YmmfbMwkw,CF1,2.6991
2441,_SE4GA-cdEeet0YmmfbMwkw,CF1,2.6991
2442,_SFJyvecdEeet0YmmfbMwkw,CF3,6.5394
2443,_SFJyvecdEeet0YmmfbMwkw,CF3,6.5394
2444,_SFJyvecdEeet0YmmfbMwkw,CF3,6.5394
2445,_SE9lYOcdEeet0YmmfbMwkw,CF1,6.0498
2446,_SE9lYOcdEeet0YmmfbMwkw,CF1,6.0498
2447,_SE9lYOcdEeet0YmmfbMwkw,CF1,6.0498
2448,_SE9lYOcdEeet0YmmfbMwkw,CF1,6.0498
2449,_SE9lYOcdEeet0YmmfbMwkw,CF1,6.0498
2450,_SE9lYOcdEeet0YmmfbMwkw,CF1,6.0498
2451,_SE9lYOcdEeet0YmmfbMwkw,CF1,6.0498
2452,_SE9lYOcdEeet0YmmfbMwkw,CF1,6.0498
2453,_SE9lYOcdEeet0YmmfbMwkw,CF1,6.0498
2454,_SFESrecdEeet0YmmfbMwkw,CF2,3.6639999999999997
2455,_SFESrecdEeet0YmmfbMwkw,CF2,3.6639999999999997
2456,_SFESrecdEeet0YmmfbMwkw,CF2,3.6639999999999997
2457,_SFACPucdEeet0YmmfbMwkw,CF2,3.4294
2458,_SFACPucdEeet0YmmfbMwkw,CF2,3.4294
2459,_SFACPucdEeet0YmmfbMwkw,CF2,3.4294
2460,_SE-MF-cdEeet0YmmfbMwkw,CF2,3.3924
2461,_SE-MF-cdEeet0YmmfbMwkw,CF2,3.3924
2462,_SE-MF-cdEeet0YmmfbMwkw,CF2,3.3924
2463,_SFGItOcdEeet0YmmfbMwkw,CF1,3.8803
2464,_SFGItOcdEeet0YmmfbMwkw,CF1,3.8803
2465,_SFGItOcdEeet0YmmfbMwkw,CF1,3.8803
2466,_SFLB3ucdEeet0YmmfbMwkw,CF2,2.9605
2467,_SFLB3ucdEeet0YmmfbMwkw,CF2,2.9605
2468,_SFLB3ucdEeet0YmmfbMwkw,CF2,2.9605
2469,_SFDsX-cdEeet0YmmfbMwkw,CF1,6.1238
2470,_SFDsX-cdEeet0YmmfbMwkw,CF1,6.1238
2471,_SFDsX-cdEeet0YmmfbMwkw,CF1,6.1238
