,Optimal_Affected_Component_Uid,Optimal_Failure,log10
0,_SFJzUucdEeet0YmmfbMwkw,CF3,3.764
1,_SFJzUucdEeet0YmmfbMwkw,CF3,3.764
2,_SFJzUucdEeet0YmmfbMwkw,CF3,3.764
3,_SFKZG-cdEeet0YmmfbMwkw,CF1,2.4123
4,_SFKZG-cdEeet0YmmfbMwkw,CF1,2.4123
5,_SFKZG-cdEeet0YmmfbMwkw,CF1,2.4123
6,_SE4FQucdEeet0YmmfbMwkw,CF3,3.3663
7,_SE4FQucdEeet0YmmfbMwkw,CF3,3.3663
8,_SE4FQucdEeet0YmmfbMwkw,CF3,3.3663
9,_SFMPb-cdEeet0YmmfbMwkw,CF1,2.4433
10,_SFMPb-cdEeet0YmmfbMwkw,CF1,2.4433
11,_SFMPb-cdEeet0YmmfbMwkw,CF1,2.4433
12,_SEu7lecdEeet0YmmfbMwkw,CF3,2.6015
13,_SEu7lecdEeet0YmmfbMwkw,CF3,2.6015
14,_SEu7lecdEeet0YmmfbMwkw,CF3,2.6015
15,_SEuUd-cdEeet0YmmfbMwkw,CF1,1.4911
16,_SEuUd-cdEeet0YmmfbMwkw,CF1,1.4911
17,_SEuUd-cdEeet0YmmfbMwkw,CF1,1.4911
18,_SE5TmucdEeet0YmmfbMwkw,CF1,2.4853
19,_SE5TmucdEeet0YmmfbMwkw,CF1,2.4853
20,_SE5TmucdEeet0YmmfbMwkw,CF1,2.4853
21,_SE5TmucdEeet0YmmfbMwkw,CF1,2.4853
22,_SE5TmucdEeet0YmmfbMwkw,CF1,2.4853
23,_SE5TmucdEeet0YmmfbMwkw,CF1,2.4853
24,_SFKajecdEeet0YmmfbMwkw,CF3,1.5201
25,_SFKajecdEeet0YmmfbMwkw,CF3,1.5201
26,_SFKajecdEeet0YmmfbMwkw,CF3,1.5201
27,_SEu7uucdEeet0YmmfbMwkw,CF3,1.6062
28,_SEu7uucdEeet0YmmfbMwkw,CF3,1.6062
29,_SEu7uucdEeet0YmmfbMwkw,CF3,1.6062
30,_SFLBJecdEeet0YmmfbMwkw,CF3,3.8452
31,_SFLBJecdEeet0YmmfbMwkw,CF3,3.8452
32,_SFLBJecdEeet0YmmfbMwkw,CF3,3.8452
33,_SExXzOcdEeet0YmmfbMwkw,CF1,1.3741
34,_SExXzOcdEeet0YmmfbMwkw,CF1,1.3741
35,_SExXzOcdEeet0YmmfbMwkw,CF1,1.3741
36,_SE_aWucdEeet0YmmfbMwkw,CF2,2.5602
37,_SE_aWucdEeet0YmmfbMwkw,CF2,2.5602
38,_SE_aWucdEeet0YmmfbMwkw,CF2,2.5602
39,_SE_aWucdEeet0YmmfbMwkw,CF2,2.5602
40,_SEx_IecdEeet0YmmfbMwkw,CF3,3.1138
41,_SEx_IecdEeet0YmmfbMwkw,CF3,3.1138
42,_SFLnWecdEeet0YmmfbMwkw,CF3,3.8462
43,_SFLnWecdEeet0YmmfbMwkw,CF3,3.8462
44,_SFLnWecdEeet0YmmfbMwkw,CF3,3.8462
45,_SFGIpOcdEeet0YmmfbMwkw,CF1,1.8893
46,_SFGIpOcdEeet0YmmfbMwkw,CF1,1.8893
47,_SFGIpOcdEeet0YmmfbMwkw,CF1,1.8893
48,_SFGIpOcdEeet0YmmfbMwkw,CF1,1.8893
49,_SFGIpOcdEeet0YmmfbMwkw,CF1,1.8893
50,_SFGIpOcdEeet0YmmfbMwkw,CF1,1.8893
51,_SFApHecdEeet0YmmfbMwkw,CF2,2.6055
52,_SFApHecdEeet0YmmfbMwkw,CF2,2.6055
53,_SFApHecdEeet0YmmfbMwkw,CF2,2.6055
54,_SFApHecdEeet0YmmfbMwkw,CF2,2.6055
55,_SFApHecdEeet0YmmfbMwkw,CF2,2.6055
56,_SEx-rucdEeet0YmmfbMwkw,CF2,1.2802
57,_SEx-rucdEeet0YmmfbMwkw,CF2,1.2802
58,_SEx-rucdEeet0YmmfbMwkw,CF2,1.2802
59,_SFNdmOcdEeet0YmmfbMwkw,CF3,1.9013
60,_SFNdmOcdEeet0YmmfbMwkw,CF3,1.9013
61,_SFNdmOcdEeet0YmmfbMwkw,CF3,1.9013
62,_SFODp-cdEeet0YmmfbMwkw,CF2,1.3921
63,_SFODp-cdEeet0YmmfbMwkw,CF2,1.3921
64,_SFODp-cdEeet0YmmfbMwkw,CF2,1.3921
65,_SFOri-cdEeet0YmmfbMwkw,CF3,1.9731
66,_SFOri-cdEeet0YmmfbMwkw,CF3,1.9731
67,_SFLBp-cdEeet0YmmfbMwkw,CF1,2.5073
68,_SFLBp-cdEeet0YmmfbMwkw,CF1,2.5073
69,_SFLBp-cdEeet0YmmfbMwkw,CF1,2.5073
70,_SFLBp-cdEeet0YmmfbMwkw,CF1,2.5073
71,_SFLBp-cdEeet0YmmfbMwkw,CF1,2.5073
72,_SFLBp-cdEeet0YmmfbMwkw,CF1,2.5073
73,_SFS9wOcdEeet0YmmfbMwkw,CF3,1.9761
74,_SFS9wOcdEeet0YmmfbMwkw,CF3,1.9761
75,_SFGwGecdEeet0YmmfbMwkw,CF1,3.8352
76,_SFGwGecdEeet0YmmfbMwkw,CF1,3.8352
77,_SFGwGecdEeet0YmmfbMwkw,CF1,3.8352
78,_SFGwGecdEeet0YmmfbMwkw,CF1,3.8352
79,_SFGwGecdEeet0YmmfbMwkw,CF1,3.8352
80,_SFGwGecdEeet0YmmfbMwkw,CF1,3.8352
81,_SEz0R-cdEeet0YmmfbMwkw,CF1,3.3733
82,_SEz0R-cdEeet0YmmfbMwkw,CF1,3.3733
83,_SEz0R-cdEeet0YmmfbMwkw,CF1,3.3733
84,_SFApLecdEeet0YmmfbMwkw,CF1,1.699
85,_SFApLecdEeet0YmmfbMwkw,CF1,1.699
86,_SFApLecdEeet0YmmfbMwkw,CF1,1.699
87,_SE3ehOcdEeet0YmmfbMwkw,CF1,2.9204
88,_SE3ehOcdEeet0YmmfbMwkw,CF1,2.9204
89,_SE3ehOcdEeet0YmmfbMwkw,CF1,2.9204
90,_SE3ehOcdEeet0YmmfbMwkw,CF1,2.9204
91,_SE3ehOcdEeet0YmmfbMwkw,CF1,2.9204
92,_SE3ehOcdEeet0YmmfbMwkw,CF1,2.9204
93,_SE23oOcdEeet0YmmfbMwkw,CF1,17.0776
94,_SE23oOcdEeet0YmmfbMwkw,CF1,17.1823
95,_SE23oOcdEeet0YmmfbMwkw,CF1,17.0776
96,_SE23oOcdEeet0YmmfbMwkw,CF1,17.1823
97,_SE23oOcdEeet0YmmfbMwkw,CF1,17.0776
98,_SE23oOcdEeet0YmmfbMwkw,CF1,17.1823
99,_SFMOcecdEeet0YmmfbMwkw,CF3,1.3891
100,_SFMOcecdEeet0YmmfbMwkw,CF3,1.3891
101,_SFMOcecdEeet0YmmfbMwkw,CF3,1.3891
102,_SFBPaucdEeet0YmmfbMwkw,CF1,2.3523
103,_SFBPaucdEeet0YmmfbMwkw,CF1,2.3523
104,_SFBPaucdEeet0YmmfbMwkw,CF1,2.3523
105,_SE7Iq-cdEeet0YmmfbMwkw,CF3,2.6005
106,_SE7Iq-cdEeet0YmmfbMwkw,CF3,2.6005
107,_SE7Iq-cdEeet0YmmfbMwkw,CF3,2.6005
108,_SFDr0ecdEeet0YmmfbMwkw,CF3,42.5201
109,_SFDr0ecdEeet0YmmfbMwkw,CF3,42.3951
110,_SFOraecdEeet0YmmfbMwkw,CF1,2.4603
111,_SFOraecdEeet0YmmfbMwkw,CF1,2.4603
112,_SFOraecdEeet0YmmfbMwkw,CF1,2.4603
113,_SE7wFecdEeet0YmmfbMwkw,CF1,1.8803
114,_SE7wFecdEeet0YmmfbMwkw,CF1,1.8803
115,_SFGv--cdEeet0YmmfbMwkw,CF1,2.3973
116,_SFGv--cdEeet0YmmfbMwkw,CF1,2.3973
117,_SFGv--cdEeet0YmmfbMwkw,CF1,2.3973
118,_SFLokecdEeet0YmmfbMwkw,CF2,2.5093
119,_SFLokecdEeet0YmmfbMwkw,CF2,2.5093
120,_SFLokecdEeet0YmmfbMwkw,CF2,2.5093
121,_SFLokecdEeet0YmmfbMwkw,CF2,2.5093
122,_SFLokecdEeet0YmmfbMwkw,CF2,2.5093
123,_SFLokecdEeet0YmmfbMwkw,CF2,2.5093
124,_SEzz3OcdEeet0YmmfbMwkw,CF1,1.4981
125,_SEzz3OcdEeet0YmmfbMwkw,CF1,1.4981
126,_SEzz3OcdEeet0YmmfbMwkw,CF1,1.4981
127,_SFLnfecdEeet0YmmfbMwkw,CF3,1.3861
128,_SFLnfecdEeet0YmmfbMwkw,CF3,1.3861
129,_SFLnfecdEeet0YmmfbMwkw,CF3,1.3861
130,_SE8XmecdEeet0YmmfbMwkw,CF1,2.5582
131,_SE8XmecdEeet0YmmfbMwkw,CF1,2.5582
132,_SE8XmecdEeet0YmmfbMwkw,CF1,2.5582
133,_SE8XmecdEeet0YmmfbMwkw,CF1,2.5582
134,_SFJLBecdEeet0YmmfbMwkw,CF1,3.1378
135,_SFJLBecdEeet0YmmfbMwkw,CF1,3.1378
136,_SFJLBecdEeet0YmmfbMwkw,CF1,3.1378
137,_SFMPjecdEeet0YmmfbMwkw,CF2,3.8502
138,_SFMPjecdEeet0YmmfbMwkw,CF2,3.8502
139,_SFMPjecdEeet0YmmfbMwkw,CF2,3.8502
140,_SFM2T-cdEeet0YmmfbMwkw,CF2,3.1578
141,_SFM2T-cdEeet0YmmfbMwkw,CF2,3.1578
142,_SFM2T-cdEeet0YmmfbMwkw,CF2,3.1578
143,_SFM2T-cdEeet0YmmfbMwkw,CF2,3.1578
144,_SFM2T-cdEeet0YmmfbMwkw,CF2,3.1578
145,_SFM2T-cdEeet0YmmfbMwkw,CF2,3.1578
146,_SFB2iucdEeet0YmmfbMwkw,CF1,2.3473
147,_SFB2iucdEeet0YmmfbMwkw,CF1,2.3473
148,_SFB2iucdEeet0YmmfbMwkw,CF1,2.3473
149,_SFSVIucdEeet0YmmfbMwkw,CF2,1.2972
150,_SFSVIucdEeet0YmmfbMwkw,CF2,1.2972
151,_SFSVIucdEeet0YmmfbMwkw,CF2,1.2972
152,_SE-MvecdEeet0YmmfbMwkw,CF2,1.3651
153,_SE-MvecdEeet0YmmfbMwkw,CF2,1.3651
154,_SE-MvecdEeet0YmmfbMwkw,CF2,1.3651
155,_SE-zLOcdEeet0YmmfbMwkw,CF1,1.8773
156,_SE-zLOcdEeet0YmmfbMwkw,CF1,1.8773
157,_SE-zLOcdEeet0YmmfbMwkw,CF1,1.8773
158,_SE-zLOcdEeet0YmmfbMwkw,CF1,1.8773
159,_SFETIecdEeet0YmmfbMwkw,CF1,1.712
160,_SFETIecdEeet0YmmfbMwkw,CF1,1.712
161,_SFETIecdEeet0YmmfbMwkw,CF1,1.712
162,_SE_bAOcdEeet0YmmfbMwkw,CF1,1.693
163,_SE_bAOcdEeet0YmmfbMwkw,CF1,1.693
164,_SE_bAOcdEeet0YmmfbMwkw,CF1,1.693
165,_SE7wA-cdEeet0YmmfbMwkw,CF1,2.2953
166,_SE7wA-cdEeet0YmmfbMwkw,CF1,2.2953
167,_SE7wA-cdEeet0YmmfbMwkw,CF1,2.2953
168,_SFGvW-cdEeet0YmmfbMwkw,CF1,2.3993
169,_SFGvW-cdEeet0YmmfbMwkw,CF1,2.3993
170,_SFGvW-cdEeet0YmmfbMwkw,CF1,2.3993
171,_SE0bSucdEeet0YmmfbMwkw,CF1,2.5522
172,_SE0bSucdEeet0YmmfbMwkw,CF1,2.5522
173,_SE0bSucdEeet0YmmfbMwkw,CF1,2.5522
174,_SFKaeecdEeet0YmmfbMwkw,CF2,3.8422
175,_SFKaeecdEeet0YmmfbMwkw,CF2,3.8422
176,_SFKaeecdEeet0YmmfbMwkw,CF2,3.8422
177,_SFGuxecdEeet0YmmfbMwkw,CF3,3.1348
178,_SFGuxecdEeet0YmmfbMwkw,CF3,3.1348
179,_SFGuxecdEeet0YmmfbMwkw,CF3,3.1348
180,_SFGu0ecdEeet0YmmfbMwkw,CF3,2.3963
181,_SFGu0ecdEeet0YmmfbMwkw,CF3,2.3963
182,_SFGu0ecdEeet0YmmfbMwkw,CF3,2.3963
183,_SFLBEecdEeet0YmmfbMwkw,CF2,3.1498
184,_SFLBEecdEeet0YmmfbMwkw,CF2,3.1498
185,_SFLBEecdEeet0YmmfbMwkw,CF2,3.1498
186,_SEz0QOcdEeet0YmmfbMwkw,CF2,2.3353
187,_SEz0QOcdEeet0YmmfbMwkw,CF2,2.3353
188,_SEz0QOcdEeet0YmmfbMwkw,CF2,2.3353
189,_SFSWMucdEeet0YmmfbMwkw,CF3,25.1541
190,_SFSWMucdEeet0YmmfbMwkw,CF3,25.0872
191,_SFDEyecdEeet0YmmfbMwkw,CF3,2.6075
192,_SFDEyecdEeet0YmmfbMwkw,CF3,2.6075
193,_SFS9TOcdEeet0YmmfbMwkw,CF2,1.6332
194,_SFS9TOcdEeet0YmmfbMwkw,CF2,1.6332
195,_SFS9TOcdEeet0YmmfbMwkw,CF2,1.6332
196,_SFGwKOcdEeet0YmmfbMwkw,CF1,1.5121
197,_SFGwKOcdEeet0YmmfbMwkw,CF1,1.5121
198,_SFGwKOcdEeet0YmmfbMwkw,CF1,1.5121
199,_SFS8_ucdEeet0YmmfbMwkw,CF1,2.4673
200,_SFS8_ucdEeet0YmmfbMwkw,CF1,2.4673
201,_SFS8_ucdEeet0YmmfbMwkw,CF1,2.4673
202,_SFGIkucdEeet0YmmfbMwkw,CF1,2.5013
203,_SFGIkucdEeet0YmmfbMwkw,CF1,2.5013
204,_SFGIkucdEeet0YmmfbMwkw,CF1,2.5013
205,_SFGIkucdEeet0YmmfbMwkw,CF1,2.5013
206,_SFGIkucdEeet0YmmfbMwkw,CF1,2.5013
207,_SFGIkucdEeet0YmmfbMwkw,CF1,2.5013
208,_SE6h9-cdEeet0YmmfbMwkw,CF3,2.9144
209,_SE6h9-cdEeet0YmmfbMwkw,CF3,2.9144
210,_SE6h9-cdEeet0YmmfbMwkw,CF3,2.9144
211,_SFLoe-cdEeet0YmmfbMwkw,CF1,2.4383
212,_SFLoe-cdEeet0YmmfbMwkw,CF1,2.4383
213,_SFLoe-cdEeet0YmmfbMwkw,CF1,2.4383
214,_SFKZQ-cdEeet0YmmfbMwkw,CF1,1.183
215,_SFKZQ-cdEeet0YmmfbMwkw,CF1,1.183
216,_SFKZQ-cdEeet0YmmfbMwkw,CF1,1.183
217,_SE7wH-cdEeet0YmmfbMwkw,CF2,2.9164
218,_SE7wH-cdEeet0YmmfbMwkw,CF2,2.9164
219,_SE7wH-cdEeet0YmmfbMwkw,CF2,2.9164
220,_SFLpJecdEeet0YmmfbMwkw,CF3,3.1558
221,_SFLpJecdEeet0YmmfbMwkw,CF3,3.1558
222,_SFLpJecdEeet0YmmfbMwkw,CF3,3.1558
223,_SFGIFOcdEeet0YmmfbMwkw,CF1,1.715
224,_SFGIFOcdEeet0YmmfbMwkw,CF1,1.715
225,_SFGIFOcdEeet0YmmfbMwkw,CF1,1.715
226,_SFSWy-cdEeet0YmmfbMwkw,CF1,2.4813
227,_SFSWy-cdEeet0YmmfbMwkw,CF1,2.4813
228,_SFSWy-cdEeet0YmmfbMwkw,CF1,2.4813
229,_SFOq3-cdEeet0YmmfbMwkw,CF3,2.4593
230,_SFOq3-cdEeet0YmmfbMwkw,CF3,2.4593
231,_SFB2rOcdEeet0YmmfbMwkw,CF1,1.7
232,_SFB2rOcdEeet0YmmfbMwkw,CF1,1.7
233,_SFB2rOcdEeet0YmmfbMwkw,CF1,1.7
234,_SFOEBucdEeet0YmmfbMwkw,CF2,2.6135
235,_SFOEBucdEeet0YmmfbMwkw,CF2,2.6135
236,_SFOD9OcdEeet0YmmfbMwkw,CF3,2.4533
237,_SFOD9OcdEeet0YmmfbMwkw,CF3,2.4533
238,_SFS-XOcdEeet0YmmfbMwkw,CF3,27.3893
239,_SFS-XOcdEeet0YmmfbMwkw,CF3,27.3167
240,_SFDE2ecdEeet0YmmfbMwkw,CF1,1.705
241,_SFDE2ecdEeet0YmmfbMwkw,CF1,1.705
242,_SFDE2ecdEeet0YmmfbMwkw,CF1,1.705
243,_SFKZ1-cdEeet0YmmfbMwkw,CF1,2.5752
244,_SFKZ1-cdEeet0YmmfbMwkw,CF1,2.5752
245,_SFKZ1-cdEeet0YmmfbMwkw,CF1,2.5752
246,_SFKZ1-cdEeet0YmmfbMwkw,CF1,2.5752
247,_SFNdBOcdEeet0YmmfbMwkw,CF2,3.8522
248,_SFNdBOcdEeet0YmmfbMwkw,CF2,3.8522
249,_SFNdBOcdEeet0YmmfbMwkw,CF2,3.8522
250,_SFSW3ecdEeet0YmmfbMwkw,CF3,2.6185
251,_SFSW3ecdEeet0YmmfbMwkw,CF3,2.6185
252,_SE1B6-cdEeet0YmmfbMwkw,CF1,2.4823
253,_SE1B6-cdEeet0YmmfbMwkw,CF1,2.4823
254,_SE1B6-cdEeet0YmmfbMwkw,CF1,2.4823
255,_SE1B6-cdEeet0YmmfbMwkw,CF1,2.4823
256,_SE1B6-cdEeet0YmmfbMwkw,CF1,2.4823
257,_SE1B6-cdEeet0YmmfbMwkw,CF1,2.4823
258,_SFKZMecdEeet0YmmfbMwkw,CF1,2.4143
259,_SFKZMecdEeet0YmmfbMwkw,CF1,2.4143
260,_SFKZMecdEeet0YmmfbMwkw,CF1,2.4143
261,_SFKZMecdEeet0YmmfbMwkw,CF1,2.4143
262,_SFKZMecdEeet0YmmfbMwkw,CF1,2.4143
263,_SFB3KucdEeet0YmmfbMwkw,CF1,2.4973
264,_SFB3KucdEeet0YmmfbMwkw,CF1,2.4973
265,_SFB3KucdEeet0YmmfbMwkw,CF1,2.4973
266,_SFB3KucdEeet0YmmfbMwkw,CF1,2.4973
267,_SFB3KucdEeet0YmmfbMwkw,CF1,2.4973
268,_SFB3KucdEeet0YmmfbMwkw,CF1,2.4973
269,_SEwJwecdEeet0YmmfbMwkw,CF2,2.5652
270,_SEwJwecdEeet0YmmfbMwkw,CF2,2.5652
271,_SEwJwecdEeet0YmmfbMwkw,CF2,2.5652
272,_SFCd1OcdEeet0YmmfbMwkw,CF2,1.5071
273,_SFCd1OcdEeet0YmmfbMwkw,CF2,1.5071
274,_SFCd1OcdEeet0YmmfbMwkw,CF2,1.5071
275,_SFMPeecdEeet0YmmfbMwkw,CF3,3.1588
276,_SFMPeecdEeet0YmmfbMwkw,CF3,3.1588
277,_SFMPeecdEeet0YmmfbMwkw,CF3,3.1588
278,_SFJyFecdEeet0YmmfbMwkw,CF1,3.1398
279,_SFJyFecdEeet0YmmfbMwkw,CF1,3.1398
280,_SFJyFecdEeet0YmmfbMwkw,CF1,3.1398
281,_SFJyFecdEeet0YmmfbMwkw,CF1,3.1398
282,_SFJyFecdEeet0YmmfbMwkw,CF1,3.1398
283,_SFJyFecdEeet0YmmfbMwkw,CF1,3.1398
284,_SFJyFecdEeet0YmmfbMwkw,CF1,3.1398
285,_SFJyFecdEeet0YmmfbMwkw,CF1,3.1398
286,_SFJyFecdEeet0YmmfbMwkw,CF1,3.1398
287,_SFOFUOcdEeet0YmmfbMwkw,CF3,3.3102
288,_SFOFUOcdEeet0YmmfbMwkw,CF3,3.3102
289,_SFFhGucdEeet0YmmfbMwkw,CF3,2.6095
290,_SFFhGucdEeet0YmmfbMwkw,CF3,2.6095
291,_SFFhGucdEeet0YmmfbMwkw,CF3,2.6095
292,_SFB2pucdEeet0YmmfbMwkw,CF3,28.1537
293,_SFB2pucdEeet0YmmfbMwkw,CF3,28.0745
294,_SE0bW-cdEeet0YmmfbMwkw,CF1,1.4701
295,_SE0bW-cdEeet0YmmfbMwkw,CF1,1.4701
296,_SE0bW-cdEeet0YmmfbMwkw,CF1,1.4701
297,_SFKag-cdEeet0YmmfbMwkw,CF1,1.1840000000000002
298,_SFKag-cdEeet0YmmfbMwkw,CF1,1.1840000000000002
299,_SFKag-cdEeet0YmmfbMwkw,CF1,1.1840000000000002
300,_SFGu9-cdEeet0YmmfbMwkw,CF2,1.5541
301,_SFGu9-cdEeet0YmmfbMwkw,CF2,1.5541
302,_SFGu9-cdEeet0YmmfbMwkw,CF2,1.5541
303,_SFGu9-cdEeet0YmmfbMwkw,CF2,1.5541
304,_SFGu9-cdEeet0YmmfbMwkw,CF2,1.5541
305,_SFGu9-cdEeet0YmmfbMwkw,CF2,1.5541
306,_SEwwnecdEeet0YmmfbMwkw,CF1,2.3243
307,_SEwwnecdEeet0YmmfbMwkw,CF1,2.3243
308,_SEwwnecdEeet0YmmfbMwkw,CF1,2.3243
309,_SFJzc-cdEeet0YmmfbMwkw,CF1,1.179
310,_SFJzc-cdEeet0YmmfbMwkw,CF1,1.179
311,_SFJzc-cdEeet0YmmfbMwkw,CF1,1.179
312,_SFKZzecdEeet0YmmfbMwkw,CF3,1.8933
313,_SFKZzecdEeet0YmmfbMwkw,CF3,1.8933
314,_SFKZzecdEeet0YmmfbMwkw,CF3,1.8933
315,_SFLnUecdEeet0YmmfbMwkw,CF3,2.4373
316,_SFLnUecdEeet0YmmfbMwkw,CF3,2.4373
317,_SFLnUecdEeet0YmmfbMwkw,CF3,2.4373
318,_SFLBNOcdEeet0YmmfbMwkw,CF3,1.5241
319,_SFLBNOcdEeet0YmmfbMwkw,CF3,1.5241
320,_SFLBNOcdEeet0YmmfbMwkw,CF3,1.5241
321,_SFDsDecdEeet0YmmfbMwkw,CF2,1.6132
322,_SFDsDecdEeet0YmmfbMwkw,CF2,1.6132
323,_SFDsDecdEeet0YmmfbMwkw,CF2,1.6132
324,_SFETNucdEeet0YmmfbMwkw,CF1,1.2832
325,_SFETNucdEeet0YmmfbMwkw,CF1,1.2832
326,_SFETNucdEeet0YmmfbMwkw,CF1,1.2832
327,_SFNds-cdEeet0YmmfbMwkw,CF1,1.5301
328,_SFNds-cdEeet0YmmfbMwkw,CF1,1.5301
329,_SFNds-cdEeet0YmmfbMwkw,CF1,1.5301
330,_SFFgtucdEeet0YmmfbMwkw,CF2,1.6182
331,_SFFgtucdEeet0YmmfbMwkw,CF2,1.6182
332,_SFFgtucdEeet0YmmfbMwkw,CF2,1.6182
333,_SE23lOcdEeet0YmmfbMwkw,CF1,1.8793
334,_SE23lOcdEeet0YmmfbMwkw,CF1,1.8793
335,_SE23lOcdEeet0YmmfbMwkw,CF1,1.8793
336,_SE-MhecdEeet0YmmfbMwkw,CF3,3.0958
337,_SE-MhecdEeet0YmmfbMwkw,CF3,3.0958
338,_SE-MhecdEeet0YmmfbMwkw,CF3,3.0958
339,_SFKal-cdEeet0YmmfbMwkw,CF3,1.5211
340,_SFKal-cdEeet0YmmfbMwkw,CF3,1.5211
341,_SFKal-cdEeet0YmmfbMwkw,CF3,1.5211
342,_SFE58ucdEeet0YmmfbMwkw,CF1,1.709
343,_SFE58ucdEeet0YmmfbMwkw,CF1,1.709
344,_SFE58ucdEeet0YmmfbMwkw,CF1,1.709
345,_SE9k1ucdEeet0YmmfbMwkw,CF3,2.3063
346,_SE9k1ucdEeet0YmmfbMwkw,CF3,2.3063
347,_SE9k1ucdEeet0YmmfbMwkw,CF3,2.3063
348,_SFLBB-cdEeet0YmmfbMwkw,CF2,2.4283
349,_SFLBB-cdEeet0YmmfbMwkw,CF2,2.4283
350,_SFLBB-cdEeet0YmmfbMwkw,CF2,2.4283
351,_SFLBB-cdEeet0YmmfbMwkw,CF2,2.4283
352,_SFLBB-cdEeet0YmmfbMwkw,CF2,2.4283
353,_SFLBrucdEeet0YmmfbMwkw,CF3,3.3763
354,_SFLBrucdEeet0YmmfbMwkw,CF3,3.3763
355,_SFLBrucdEeet0YmmfbMwkw,CF3,3.3763
356,_SFLnO-cdEeet0YmmfbMwkw,CF1,2.5083
357,_SFLnO-cdEeet0YmmfbMwkw,CF1,2.5083
358,_SFLnO-cdEeet0YmmfbMwkw,CF1,2.5083
359,_SFLnO-cdEeet0YmmfbMwkw,CF1,2.5083
360,_SFLnO-cdEeet0YmmfbMwkw,CF1,2.5083
361,_SFLnO-cdEeet0YmmfbMwkw,CF1,2.5083
362,_SFLnO-cdEeet0YmmfbMwkw,CF1,2.5083
363,_SFLnO-cdEeet0YmmfbMwkw,CF1,2.5083
364,_SFLnO-cdEeet0YmmfbMwkw,CF1,2.5083
365,_SFBPhucdEeet0YmmfbMwkw,CF2,3.0831
366,_SFBPhucdEeet0YmmfbMwkw,CF2,3.0831
367,_SFBPhucdEeet0YmmfbMwkw,CF2,3.0831
368,_SFBPhucdEeet0YmmfbMwkw,CF2,3.0831
369,_SFGwHecdEeet0YmmfbMwkw,CF1,1.7209999999999999
370,_SFGwHecdEeet0YmmfbMwkw,CF1,1.7209999999999999
371,_SFGwHecdEeet0YmmfbMwkw,CF1,1.7209999999999999
372,_SFNd2ecdEeet0YmmfbMwkw,CF2,1.3911
373,_SFNd2ecdEeet0YmmfbMwkw,CF2,1.3911
374,_SFNd2ecdEeet0YmmfbMwkw,CF2,1.3911
375,_SEyloOcdEeet0YmmfbMwkw,CF2,1.4961
376,_SEyloOcdEeet0YmmfbMwkw,CF2,1.4961
377,_SEyloOcdEeet0YmmfbMwkw,CF2,1.4961
378,_SFS9NecdEeet0YmmfbMwkw,CF2,1.2962
379,_SFS9NecdEeet0YmmfbMwkw,CF2,1.2962
380,_SFS9NecdEeet0YmmfbMwkw,CF2,1.2962
381,_SFMQD-cdEeet0YmmfbMwkw,CF1,2.4453
382,_SFMQD-cdEeet0YmmfbMwkw,CF1,2.4453
383,_SFMQD-cdEeet0YmmfbMwkw,CF1,2.4453
384,_SE_aXOcdEeet0YmmfbMwkw,CF2,3.8232
385,_SE_aXOcdEeet0YmmfbMwkw,CF2,3.8232
386,_SE_aXOcdEeet0YmmfbMwkw,CF2,3.8232
387,_SE_aXOcdEeet0YmmfbMwkw,CF2,3.8232
388,_SE8-WecdEeet0YmmfbMwkw,CF2,1.4801
389,_SE8-WecdEeet0YmmfbMwkw,CF2,1.4801
390,_SE8-WecdEeet0YmmfbMwkw,CF2,1.4801
391,_SE8XfecdEeet0YmmfbMwkw,CF1,2.3043
392,_SE8XfecdEeet0YmmfbMwkw,CF1,2.3043
393,_SE8XfecdEeet0YmmfbMwkw,CF1,2.3043
394,_SFDr3ecdEeet0YmmfbMwkw,CF3,13.5204
395,_SFDr3ecdEeet0YmmfbMwkw,CF3,13.4624
396,_SFFgpOcdEeet0YmmfbMwkw,CF2,1.5511
397,_SFFgpOcdEeet0YmmfbMwkw,CF2,1.5511
398,_SFFgpOcdEeet0YmmfbMwkw,CF2,1.5511
399,_SFFgpOcdEeet0YmmfbMwkw,CF2,1.5511
400,_SFFgpOcdEeet0YmmfbMwkw,CF2,1.5511
401,_SFFgpOcdEeet0YmmfbMwkw,CF2,1.5511
402,_SFJyWecdEeet0YmmfbMwkw,CF2,1.6272
403,_SFJyWecdEeet0YmmfbMwkw,CF2,1.6272
404,_SFJyWecdEeet0YmmfbMwkw,CF2,1.6272
405,_SE8-HecdEeet0YmmfbMwkw,CF1,2.3003
406,_SE8-HecdEeet0YmmfbMwkw,CF1,2.3003
407,_SE8-HecdEeet0YmmfbMwkw,CF1,2.3003
408,_SFApIecdEeet0YmmfbMwkw,CF1,2.3453
409,_SFApIecdEeet0YmmfbMwkw,CF1,2.3453
410,_SFApIecdEeet0YmmfbMwkw,CF1,2.3453
411,_SFCd5ucdEeet0YmmfbMwkw,CF2,1.6082
412,_SFCd5ucdEeet0YmmfbMwkw,CF2,1.6082
413,_SFCd5ucdEeet0YmmfbMwkw,CF2,1.6082
414,_SEzNE-cdEeet0YmmfbMwkw,CF3,13.7003
415,_SEzNE-cdEeet0YmmfbMwkw,CF3,13.6333
416,_SFETFecdEeet0YmmfbMwkw,CF3,2.3873
417,_SFETFecdEeet0YmmfbMwkw,CF3,2.3873
418,_SFETFecdEeet0YmmfbMwkw,CF3,2.3873
419,_SFLBPucdEeet0YmmfbMwkw,CF2,1.2892
420,_SFLBPucdEeet0YmmfbMwkw,CF2,1.2892
421,_SFLBPucdEeet0YmmfbMwkw,CF2,1.2892
422,_SEz0d-cdEeet0YmmfbMwkw,CF2,1.2822
423,_SEz0d-cdEeet0YmmfbMwkw,CF2,1.2822
424,_SEz0d-cdEeet0YmmfbMwkw,CF2,1.2822
425,_SE6hd-cdEeet0YmmfbMwkw,CF2,1.4761
426,_SE6hd-cdEeet0YmmfbMwkw,CF2,1.4761
427,_SE6hd-cdEeet0YmmfbMwkw,CF2,1.4761
428,_SEvipucdEeet0YmmfbMwkw,CF3,3.1058
429,_SEvipucdEeet0YmmfbMwkw,CF3,3.1058
430,_SEvipucdEeet0YmmfbMwkw,CF3,3.1058
431,_SEvipucdEeet0YmmfbMwkw,CF3,3.1058
432,_SFLBvecdEeet0YmmfbMwkw,CF3,2.4323
433,_SFLBvecdEeet0YmmfbMwkw,CF3,2.4323
434,_SFLBvecdEeet0YmmfbMwkw,CF3,2.4323
435,_SFCeOOcdEeet0YmmfbMwkw,CF3,2.3613
436,_SFCeOOcdEeet0YmmfbMwkw,CF3,2.3613
437,_SFCeOOcdEeet0YmmfbMwkw,CF3,2.3613
438,_SFCeOOcdEeet0YmmfbMwkw,CF3,2.3613
439,_SFCeOOcdEeet0YmmfbMwkw,CF3,2.3613
440,_SFB2oOcdEeet0YmmfbMwkw,CF1,2.3493
441,_SFB2oOcdEeet0YmmfbMwkw,CF1,2.3493
442,_SFB2oOcdEeet0YmmfbMwkw,CF1,2.3493
443,_SFAojecdEeet0YmmfbMwkw,CF1,1.6980000000000002
444,_SFAojecdEeet0YmmfbMwkw,CF1,1.6980000000000002
445,_SFAojecdEeet0YmmfbMwkw,CF1,1.6980000000000002
446,_SFAojecdEeet0YmmfbMwkw,CF1,1.6980000000000002
447,_SFAojecdEeet0YmmfbMwkw,CF1,1.6980000000000002
448,_SFAojecdEeet0YmmfbMwkw,CF1,1.6980000000000002
449,_SFDFc-cdEeet0YmmfbMwkw,CF3,3.3092
450,_SFDFc-cdEeet0YmmfbMwkw,CF3,3.3092
451,_SFLnRecdEeet0YmmfbMwkw,CF2,3.1528
452,_SFLnRecdEeet0YmmfbMwkw,CF2,3.1528
453,_SFLnRecdEeet0YmmfbMwkw,CF2,3.1528
454,_SFLnRecdEeet0YmmfbMwkw,CF2,3.1528
455,_SFLnRecdEeet0YmmfbMwkw,CF2,3.1528
456,_SFLnRecdEeet0YmmfbMwkw,CF2,3.1528
457,_SFDr1ecdEeet0YmmfbMwkw,CF3,2.3693
458,_SFDr1ecdEeet0YmmfbMwkw,CF3,2.3693
459,_SFDr1ecdEeet0YmmfbMwkw,CF3,2.3693
460,_SFDr1ecdEeet0YmmfbMwkw,CF3,2.3693
461,_SFDr1ecdEeet0YmmfbMwkw,CF3,2.3693
462,_SE-zMOcdEeet0YmmfbMwkw,CF1,2.2793
463,_SE-zMOcdEeet0YmmfbMwkw,CF1,2.2793
464,_SFE55ucdEeet0YmmfbMwkw,CF3,2.3773
465,_SFE55ucdEeet0YmmfbMwkw,CF3,2.3773
466,_SFE55ucdEeet0YmmfbMwkw,CF3,2.3773
467,_SEzNFecdEeet0YmmfbMwkw,CF1,24.6782
468,_SEzNFecdEeet0YmmfbMwkw,CF1,24.6113
469,_SEzNFecdEeet0YmmfbMwkw,CF1,24.6113
470,_SEzNFecdEeet0YmmfbMwkw,CF1,24.6113
471,_SEuUcucdEeet0YmmfbMwkw,CF2,1.2782
472,_SEuUcucdEeet0YmmfbMwkw,CF2,1.2782
473,_SEuUcucdEeet0YmmfbMwkw,CF2,1.2782
474,_SFESjOcdEeet0YmmfbMwkw,CF1,1.5081
475,_SFESjOcdEeet0YmmfbMwkw,CF1,1.5081
476,_SFESjOcdEeet0YmmfbMwkw,CF1,1.5081
477,_SE4FWecdEeet0YmmfbMwkw,CF2,15.7269
478,_SE4FWecdEeet0YmmfbMwkw,CF2,15.7269
479,_SE4FWecdEeet0YmmfbMwkw,CF2,15.7269
480,_SFOE5-cdEeet0YmmfbMwkw,CF2,1.3931
481,_SFOE5-cdEeet0YmmfbMwkw,CF2,1.3931
482,_SFOE5-cdEeet0YmmfbMwkw,CF2,1.3931
483,_SFDEt-cdEeet0YmmfbMwkw,CF3,2.3643
484,_SFDEt-cdEeet0YmmfbMwkw,CF3,2.3643
485,_SFDEt-cdEeet0YmmfbMwkw,CF3,2.3643
486,_SFDEt-cdEeet0YmmfbMwkw,CF3,2.3643
487,_SFKZIucdEeet0YmmfbMwkw,CF3,3.765
488,_SFKZIucdEeet0YmmfbMwkw,CF3,3.765
489,_SFKZIucdEeet0YmmfbMwkw,CF3,3.765
490,_SEwwuecdEeet0YmmfbMwkw,CF2,2.5662
491,_SEwwuecdEeet0YmmfbMwkw,CF2,2.5662
492,_SEwwuecdEeet0YmmfbMwkw,CF2,2.5662
493,_SFAop-cdEeet0YmmfbMwkw,CF2,1.5021
494,_SFAop-cdEeet0YmmfbMwkw,CF2,1.5021
495,_SFAop-cdEeet0YmmfbMwkw,CF2,1.5021
496,_SFOFPucdEeet0YmmfbMwkw,CF3,3.1648
497,_SFOFPucdEeet0YmmfbMwkw,CF3,3.1648
498,_SFGInOcdEeet0YmmfbMwkw,CF3,3.1338
499,_SFGInOcdEeet0YmmfbMwkw,CF3,3.1338
500,_SFGInOcdEeet0YmmfbMwkw,CF3,3.1338
501,_SFKaqecdEeet0YmmfbMwkw,CF2,1.6302
502,_SFKaqecdEeet0YmmfbMwkw,CF2,1.6302
503,_SFKaqecdEeet0YmmfbMwkw,CF2,1.6302
504,_SFDsm-cdEeet0YmmfbMwkw,CF2,1.5471
505,_SFDsm-cdEeet0YmmfbMwkw,CF2,1.5471
506,_SFDsm-cdEeet0YmmfbMwkw,CF2,1.5471
507,_SFDsm-cdEeet0YmmfbMwkw,CF2,1.5471
508,_SFDsm-cdEeet0YmmfbMwkw,CF2,1.5471
509,_SFDsm-cdEeet0YmmfbMwkw,CF2,1.5471
510,_SFOER-cdEeet0YmmfbMwkw,CF2,1.3941
511,_SFOER-cdEeet0YmmfbMwkw,CF2,1.3941
512,_SFOER-cdEeet0YmmfbMwkw,CF2,1.3941
513,_SFS8XucdEeet0YmmfbMwkw,CF1,2.4663
514,_SFS8XucdEeet0YmmfbMwkw,CF1,2.4663
515,_SFS8XucdEeet0YmmfbMwkw,CF1,2.4663
516,_SFLosucdEeet0YmmfbMwkw,CF2,1.2902
517,_SFLosucdEeet0YmmfbMwkw,CF2,1.2902
518,_SFLosucdEeet0YmmfbMwkw,CF2,1.2902
519,_SE23vucdEeet0YmmfbMwkw,CF3,1.4721
520,_SE23vucdEeet0YmmfbMwkw,CF3,1.4721
521,_SE23vucdEeet0YmmfbMwkw,CF3,1.4721
522,_SFDs_-cdEeet0YmmfbMwkw,CF1,2.3743
523,_SFDs_-cdEeet0YmmfbMwkw,CF1,2.3743
524,_SFDs_-cdEeet0YmmfbMwkw,CF1,2.3743
525,_SFGvd-cdEeet0YmmfbMwkw,CF1,2.5852
526,_SFGvd-cdEeet0YmmfbMwkw,CF1,2.5852
527,_SFGvd-cdEeet0YmmfbMwkw,CF1,2.5852
528,_SFGvd-cdEeet0YmmfbMwkw,CF1,2.5852
529,_SFGvd-cdEeet0YmmfbMwkw,CF1,2.5852
530,_SFGvd-cdEeet0YmmfbMwkw,CF1,2.5852
531,_SE-z0OcdEeet0YmmfbMwkw,CF3,2.2773
532,_SE-z0OcdEeet0YmmfbMwkw,CF3,2.2773
533,_SE-z0OcdEeet0YmmfbMwkw,CF3,2.2773
534,_SFODducdEeet0YmmfbMwkw,CF1,1.725
535,_SFODducdEeet0YmmfbMwkw,CF1,1.725
536,_SFODducdEeet0YmmfbMwkw,CF1,1.725
537,_SFODkOcdEeet0YmmfbMwkw,CF2,1.5331
538,_SFODkOcdEeet0YmmfbMwkw,CF2,1.5331
539,_SFODkOcdEeet0YmmfbMwkw,CF2,1.5331
540,_SEx_M-cdEeet0YmmfbMwkw,CF1,2.5672
541,_SEx_M-cdEeet0YmmfbMwkw,CF1,2.5672
542,_SEx_M-cdEeet0YmmfbMwkw,CF1,2.5672
543,_SEu7tecdEeet0YmmfbMwkw,CF3,1.4881
544,_SEu7tecdEeet0YmmfbMwkw,CF3,1.4881
545,_SEu7tecdEeet0YmmfbMwkw,CF3,1.4881
546,_SE-L8ecdEeet0YmmfbMwkw,CF3,2.2733
547,_SE-L8ecdEeet0YmmfbMwkw,CF3,2.2733
548,_SE-L8ecdEeet0YmmfbMwkw,CF3,2.2733
549,_SFLn7ecdEeet0YmmfbMwkw,CF3,2.6125
550,_SFLn7ecdEeet0YmmfbMwkw,CF3,2.6125
551,_SFLn7ecdEeet0YmmfbMwkw,CF3,2.6125
552,_SE56uecdEeet0YmmfbMwkw,CF2,1.4741
553,_SE56uecdEeet0YmmfbMwkw,CF2,1.4741
554,_SE56uecdEeet0YmmfbMwkw,CF2,1.4741
555,_SE56qecdEeet0YmmfbMwkw,CF1,1.6840000000000002
556,_SE56qecdEeet0YmmfbMwkw,CF1,1.6840000000000002
557,_SE56qecdEeet0YmmfbMwkw,CF1,1.6840000000000002
558,_SEwwr-cdEeet0YmmfbMwkw,CF3,1.8833
559,_SEwwr-cdEeet0YmmfbMwkw,CF3,1.8833
560,_SEwwr-cdEeet0YmmfbMwkw,CF3,1.8833
561,_SFOEpucdEeet0YmmfbMwkw,CF3,2.6155
562,_SFOEpucdEeet0YmmfbMwkw,CF3,2.6155
563,_SE_a1OcdEeet0YmmfbMwkw,CF2,2.3093
564,_SE_a1OcdEeet0YmmfbMwkw,CF2,2.3093
565,_SE_a1OcdEeet0YmmfbMwkw,CF2,2.3093
566,_SE_a1OcdEeet0YmmfbMwkw,CF2,2.3093
567,_SExYNOcdEeet0YmmfbMwkw,CF2,3.1118
568,_SExYNOcdEeet0YmmfbMwkw,CF2,3.1118
569,_SExYNOcdEeet0YmmfbMwkw,CF2,3.1118
570,_SExYNOcdEeet0YmmfbMwkw,CF2,3.1118
571,_SFB2xucdEeet0YmmfbMwkw,CF2,1.5421
572,_SFB2xucdEeet0YmmfbMwkw,CF2,1.5421
573,_SFB2xucdEeet0YmmfbMwkw,CF2,1.5421
574,_SFB2xucdEeet0YmmfbMwkw,CF2,1.5421
575,_SFB2xucdEeet0YmmfbMwkw,CF2,1.5421
576,_SFB2xucdEeet0YmmfbMwkw,CF2,1.5421
577,_SE_aPucdEeet0YmmfbMwkw,CF1,2.3123
578,_SE_aPucdEeet0YmmfbMwkw,CF1,2.3123
579,_SE_aPucdEeet0YmmfbMwkw,CF1,2.3123
580,_SFGIqOcdEeet0YmmfbMwkw,CF3,2.3953
581,_SFGIqOcdEeet0YmmfbMwkw,CF3,2.3953
582,_SFGIqOcdEeet0YmmfbMwkw,CF3,2.3953
583,_SEu7mecdEeet0YmmfbMwkw,CF3,2.3163
584,_SEu7mecdEeet0YmmfbMwkw,CF3,2.3163
585,_SEu7mecdEeet0YmmfbMwkw,CF3,2.3163
586,_SFHWA-cdEeet0YmmfbMwkw,CF2,1.6262
587,_SFHWA-cdEeet0YmmfbMwkw,CF2,1.6262
588,_SFHWA-cdEeet0YmmfbMwkw,CF2,1.6262
589,_SEu7sOcdEeet0YmmfbMwkw,CF1,1.4871
590,_SEu7sOcdEeet0YmmfbMwkw,CF1,1.4871
591,_SEu7sOcdEeet0YmmfbMwkw,CF1,1.4871
592,_SFFhyucdEeet0YmmfbMwkw,CF1,1.714
593,_SFFhyucdEeet0YmmfbMwkw,CF1,1.714
594,_SFFhyucdEeet0YmmfbMwkw,CF1,1.714
595,_SFMOz-cdEeet0YmmfbMwkw,CF1,2.4423
596,_SFMOz-cdEeet0YmmfbMwkw,CF1,2.4423
597,_SFMOz-cdEeet0YmmfbMwkw,CF1,2.4423
598,_SEvizucdEeet0YmmfbMwkw,CF2,1.4931
599,_SEvizucdEeet0YmmfbMwkw,CF2,1.4931
600,_SEvizucdEeet0YmmfbMwkw,CF2,1.4931
601,_SFOFcOcdEeet0YmmfbMwkw,CF2,1.5391
602,_SFOFcOcdEeet0YmmfbMwkw,CF2,1.5391
603,_SFOFcOcdEeet0YmmfbMwkw,CF2,1.5391
604,_SFOD_ucdEeet0YmmfbMwkw,CF3,3.1628
605,_SFOD_ucdEeet0YmmfbMwkw,CF3,3.1628
606,_SEwwu-cdEeet0YmmfbMwkw,CF1,17.6652
607,_SEwwu-cdEeet0YmmfbMwkw,CF1,17.7378
608,_SEwwu-cdEeet0YmmfbMwkw,CF1,17.7378
609,_SEwwu-cdEeet0YmmfbMwkw,CF1,17.7378
610,_SEwwu-cdEeet0YmmfbMwkw,CF1,17.7378
611,_SEwwu-cdEeet0YmmfbMwkw,CF1,17.7378
612,_SEwwu-cdEeet0YmmfbMwkw,CF1,17.7378
613,_SFMQLecdEeet0YmmfbMwkw,CF2,3.8512
614,_SFMQLecdEeet0YmmfbMwkw,CF2,3.8512
615,_SFMQLecdEeet0YmmfbMwkw,CF2,3.8512
616,_SE23gucdEeet0YmmfbMwkw,CF3,2.2843
617,_SE23gucdEeet0YmmfbMwkw,CF3,2.2843
618,_SE23gucdEeet0YmmfbMwkw,CF3,2.2843
619,_SFJyvecdEeet0YmmfbMwkw,CF1,1.8913
620,_SFJyvecdEeet0YmmfbMwkw,CF1,1.8913
621,_SFJyvecdEeet0YmmfbMwkw,CF1,1.8913
622,_SFJyvecdEeet0YmmfbMwkw,CF1,1.8913
623,_SE-zLOcdEeet0YmmfbMwkw,CF2,1.8783
624,_SE-zLOcdEeet0YmmfbMwkw,CF2,1.8783
625,_SFABhOcdEeet0YmmfbMwkw,CF1,1.696
626,_SFABhOcdEeet0YmmfbMwkw,CF1,1.696
627,_SFABhOcdEeet0YmmfbMwkw,CF1,1.696
628,_SFS9FOcdEeet0YmmfbMwkw,CF3,2.4693
629,_SFS9FOcdEeet0YmmfbMwkw,CF3,2.4693
630,_SEz0XOcdEeet0YmmfbMwkw,CF1,2.5682
631,_SEz0XOcdEeet0YmmfbMwkw,CF1,2.5682
632,_SEz0XOcdEeet0YmmfbMwkw,CF1,2.5682
633,_SE8-O-cdEeet0YmmfbMwkw,CF1,3.8212
634,_SE8-O-cdEeet0YmmfbMwkw,CF1,3.8212
635,_SE8-O-cdEeet0YmmfbMwkw,CF1,3.8212
636,_SE8-O-cdEeet0YmmfbMwkw,CF1,3.8212
637,_SE8-O-cdEeet0YmmfbMwkw,CF1,3.8212
638,_SE8Xn-cdEeet0YmmfbMwkw,CF1,1.689
639,_SE8Xn-cdEeet0YmmfbMwkw,CF1,1.689
640,_SE8Xn-cdEeet0YmmfbMwkw,CF1,1.689
641,_SFFhMOcdEeet0YmmfbMwkw,CF3,1.177
642,_SFFhMOcdEeet0YmmfbMwkw,CF3,1.177
643,_SFFhMOcdEeet0YmmfbMwkw,CF3,1.177
644,_SEz0cucdEeet0YmmfbMwkw,CF1,1.4971
645,_SEz0cucdEeet0YmmfbMwkw,CF1,1.4971
646,_SEz0cucdEeet0YmmfbMwkw,CF1,1.4971
647,_SEymIOcdEeet0YmmfbMwkw,CF1,39.0951
648,_SEymIOcdEeet0YmmfbMwkw,CF1,38.8909
649,_SEymIOcdEeet0YmmfbMwkw,CF1,38.8909
650,_SEymIOcdEeet0YmmfbMwkw,CF1,38.8909
651,_SEu7xecdEeet0YmmfbMwkw,CF1,1.3721
652,_SEu7xecdEeet0YmmfbMwkw,CF1,1.3721
653,_SEu7xecdEeet0YmmfbMwkw,CF1,1.3721
654,_SFMOXOcdEeet0YmmfbMwkw,CF1,1.5271
655,_SFMOXOcdEeet0YmmfbMwkw,CF1,1.5271
656,_SFMOXOcdEeet0YmmfbMwkw,CF1,1.5271
657,_SExXkecdEeet0YmmfbMwkw,CF3,3.3703
658,_SExXkecdEeet0YmmfbMwkw,CF3,3.3703
659,_SExXkecdEeet0YmmfbMwkw,CF3,3.3703
660,_SFKZXecdEeet0YmmfbMwkw,CF2,1.3811
661,_SFKZXecdEeet0YmmfbMwkw,CF2,1.3811
662,_SFKZXecdEeet0YmmfbMwkw,CF2,1.3811
663,_SFOEIecdEeet0YmmfbMwkw,CF1,1.5351
664,_SFOEIecdEeet0YmmfbMwkw,CF1,1.5351
665,_SFOEIecdEeet0YmmfbMwkw,CF1,1.5351
666,_SFFhCOcdEeet0YmmfbMwkw,CF1,2.5003
667,_SFFhCOcdEeet0YmmfbMwkw,CF1,2.5003
668,_SFFhCOcdEeet0YmmfbMwkw,CF1,2.5003
669,_SFFhCOcdEeet0YmmfbMwkw,CF1,2.5003
670,_SFFhCOcdEeet0YmmfbMwkw,CF1,2.5003
671,_SFFhCOcdEeet0YmmfbMwkw,CF1,2.5003
672,_SFFhCOcdEeet0YmmfbMwkw,CF1,2.5003
673,_SFFhCOcdEeet0YmmfbMwkw,CF1,2.5003
674,_SFFhCOcdEeet0YmmfbMwkw,CF1,2.5003
675,_SFFhCOcdEeet0YmmfbMwkw,CF1,2.5003
676,_SFFhCOcdEeet0YmmfbMwkw,CF1,2.5003
677,_SFDrv-cdEeet0YmmfbMwkw,CF3,2.3713
678,_SFDrv-cdEeet0YmmfbMwkw,CF3,2.3713
679,_SFDrv-cdEeet0YmmfbMwkw,CF3,2.3713
680,_SFCdn-cdEeet0YmmfbMwkw,CF3,11.1623
681,_SFCdn-cdEeet0YmmfbMwkw,CF3,11.0954
682,_SFCdn-cdEeet0YmmfbMwkw,CF3,11.0954
683,_SFCdn-cdEeet0YmmfbMwkw,CF3,11.0954
684,_SFLBxecdEeet0YmmfbMwkw,CF3,4.1381
685,_SFLBxecdEeet0YmmfbMwkw,CF3,4.1381
686,_SFLBxecdEeet0YmmfbMwkw,CF3,4.1381
687,_SFMOS-cdEeet0YmmfbMwkw,CF2,2.5872
688,_SFMOS-cdEeet0YmmfbMwkw,CF2,2.5872
689,_SFMOS-cdEeet0YmmfbMwkw,CF2,2.5872
690,_SFMOS-cdEeet0YmmfbMwkw,CF2,2.5872
691,_SFMOS-cdEeet0YmmfbMwkw,CF2,2.5872
692,_SFMOS-cdEeet0YmmfbMwkw,CF2,2.5872
693,_SFGIQOcdEeet0YmmfbMwkw,CF2,1.6222
694,_SFGIQOcdEeet0YmmfbMwkw,CF2,1.6222
695,_SFGIQOcdEeet0YmmfbMwkw,CF2,1.6222
696,_SE8W5OcdEeet0YmmfbMwkw,CF3,3.3673
697,_SE8W5OcdEeet0YmmfbMwkw,CF3,3.3673
698,_SE8W5OcdEeet0YmmfbMwkw,CF3,3.3673
699,_SEu7uucdEeet0YmmfbMwkw,CF1,1.2762
700,_SEu7uucdEeet0YmmfbMwkw,CF1,1.2762
701,_SEu7uucdEeet0YmmfbMwkw,CF1,1.2762
702,_SE6h_ecdEeet0YmmfbMwkw,CF1,1.686
703,_SE6h_ecdEeet0YmmfbMwkw,CF1,1.686
704,_SE6h_ecdEeet0YmmfbMwkw,CF1,1.686
705,_SEu7jecdEeet0YmmfbMwkw,CF3,3.1048
706,_SEu7jecdEeet0YmmfbMwkw,CF3,3.1048
707,_SEu7jecdEeet0YmmfbMwkw,CF3,3.1048
708,_SEu7jecdEeet0YmmfbMwkw,CF3,3.1048
709,_SE8W8-cdEeet0YmmfbMwkw,CF1,2.3033
710,_SE8W8-cdEeet0YmmfbMwkw,CF1,2.3033
711,_SE8W8-cdEeet0YmmfbMwkw,CF1,2.3033
712,_SFE6hucdEeet0YmmfbMwkw,CF3,2.3823
713,_SFE6hucdEeet0YmmfbMwkw,CF3,2.3823
714,_SFE6hucdEeet0YmmfbMwkw,CF3,2.3823
715,_SFLomecdEeet0YmmfbMwkw,CF2,3.8472
716,_SFLomecdEeet0YmmfbMwkw,CF2,3.8472
717,_SFLomecdEeet0YmmfbMwkw,CF2,3.8472
718,_SFOq5-cdEeet0YmmfbMwkw,CF3,22.8043
719,_SFOq5-cdEeet0YmmfbMwkw,CF3,22.7463
720,_SFLn8ecdEeet0YmmfbMwkw,CF2,2.4353
721,_SFLn8ecdEeet0YmmfbMwkw,CF2,2.4353
722,_SFLn8ecdEeet0YmmfbMwkw,CF2,2.4353
723,_SFLn8ecdEeet0YmmfbMwkw,CF2,2.4353
724,_SFGIBOcdEeet0YmmfbMwkw,CF1,1.8883
725,_SFGIBOcdEeet0YmmfbMwkw,CF1,1.8883
726,_SFGIBOcdEeet0YmmfbMwkw,CF1,1.8883
727,_SFGIBOcdEeet0YmmfbMwkw,CF1,1.8883
728,_SE2QdecdEeet0YmmfbMwkw,CF1,2.9114
729,_SE2QdecdEeet0YmmfbMwkw,CF1,2.9114
730,_SE2QdecdEeet0YmmfbMwkw,CF1,2.9114
731,_SFS8dOcdEeet0YmmfbMwkw,CF3,2.4683
732,_SFS8dOcdEeet0YmmfbMwkw,CF3,2.4683
733,_SFGwN-cdEeet0YmmfbMwkw,CF2,1.5551
734,_SFGwN-cdEeet0YmmfbMwkw,CF2,1.5551
735,_SFGwN-cdEeet0YmmfbMwkw,CF2,1.5551
736,_SFGwN-cdEeet0YmmfbMwkw,CF2,1.5551
737,_SFGwN-cdEeet0YmmfbMwkw,CF2,1.5551
738,_SFGwN-cdEeet0YmmfbMwkw,CF2,1.5551
739,_SFHV8ecdEeet0YmmfbMwkw,CF2,1.5141
740,_SFHV8ecdEeet0YmmfbMwkw,CF2,1.5141
741,_SFHV8ecdEeet0YmmfbMwkw,CF2,1.5141
742,_SFACGOcdEeet0YmmfbMwkw,CF3,2.3433
743,_SFACGOcdEeet0YmmfbMwkw,CF3,2.3433
744,_SFACGOcdEeet0YmmfbMwkw,CF3,2.3433
745,_SFBPgOcdEeet0YmmfbMwkw,CF1,2.3533
746,_SFBPgOcdEeet0YmmfbMwkw,CF1,2.3533
747,_SFBPgOcdEeet0YmmfbMwkw,CF1,2.3533
748,_SFB3QOcdEeet0YmmfbMwkw,CF1,2.3513
749,_SFB3QOcdEeet0YmmfbMwkw,CF1,2.3513
750,_SFB3QOcdEeet0YmmfbMwkw,CF1,2.3513
751,_SFJytecdEeet0YmmfbMwkw,CF3,3.1428
752,_SFJytecdEeet0YmmfbMwkw,CF3,3.1428
753,_SFJytecdEeet0YmmfbMwkw,CF3,3.1428
754,_SFLAfecdEeet0YmmfbMwkw,CF2,2.4263
755,_SFLAfecdEeet0YmmfbMwkw,CF2,2.4263
756,_SFLAfecdEeet0YmmfbMwkw,CF2,2.4263
757,_SE-zOOcdEeet0YmmfbMwkw,CF1,10.2418
758,_SE-zOOcdEeet0YmmfbMwkw,CF1,10.2418
759,_SE-zOOcdEeet0YmmfbMwkw,CF1,10.2418
760,_SFLn7ecdEeet0YmmfbMwkw,CF2,1.8973
761,_SFLn7ecdEeet0YmmfbMwkw,CF2,1.8973
762,_SFLn7ecdEeet0YmmfbMwkw,CF2,1.8973
763,_SFLn7ecdEeet0YmmfbMwkw,CF2,1.8973
764,_SFLn7ecdEeet0YmmfbMwkw,CF2,1.8973
765,_SFLn7ecdEeet0YmmfbMwkw,CF2,1.8973
766,_SE-z3OcdEeet0YmmfbMwkw,CF1,1.681
767,_SE-z3OcdEeet0YmmfbMwkw,CF1,1.681
768,_SE-z3OcdEeet0YmmfbMwkw,CF1,1.681
769,_SFHVy-cdEeet0YmmfbMwkw,CF3,2.4033
770,_SFHVy-cdEeet0YmmfbMwkw,CF3,2.4033
771,_SFHVy-cdEeet0YmmfbMwkw,CF3,2.4033
772,_SFES_-cdEeet0YmmfbMwkw,CF3,2.3843
773,_SFES_-cdEeet0YmmfbMwkw,CF3,2.3843
774,_SFES_-cdEeet0YmmfbMwkw,CF3,2.3843
775,_SE7Iq-cdEeet0YmmfbMwkw,CF1,16.644000000000002
776,_SE7Iq-cdEeet0YmmfbMwkw,CF1,16.769000000000002
777,_SE7Iq-cdEeet0YmmfbMwkw,CF1,16.769000000000002
778,_SE7Iq-cdEeet0YmmfbMwkw,CF1,16.769000000000002
779,_SEzNDecdEeet0YmmfbMwkw,CF3,2.3383
780,_SEzNDecdEeet0YmmfbMwkw,CF3,2.3383
781,_SEuUfecdEeet0YmmfbMwkw,CF1,1.3731
782,_SEuUfecdEeet0YmmfbMwkw,CF1,1.3731
783,_SEuUfecdEeet0YmmfbMwkw,CF1,1.3731
784,_SE5TwucdEeet0YmmfbMwkw,CF3,1.163
785,_SE5TwucdEeet0YmmfbMwkw,CF3,1.163
786,_SE5TwucdEeet0YmmfbMwkw,CF3,1.163
787,_SEuUQucdEeet0YmmfbMwkw,CF1,3.3683
788,_SEuUQucdEeet0YmmfbMwkw,CF1,3.3683
789,_SEuUQucdEeet0YmmfbMwkw,CF1,3.3683
790,_SFKaCecdEeet0YmmfbMwkw,CF2,1.6292
791,_SFKaCecdEeet0YmmfbMwkw,CF2,1.6292
792,_SFKaCecdEeet0YmmfbMwkw,CF2,1.6292
793,_SFKZ0ecdEeet0YmmfbMwkw,CF2,2.4113
794,_SFKZ0ecdEeet0YmmfbMwkw,CF2,2.4113
795,_SFKZ0ecdEeet0YmmfbMwkw,CF2,2.4113
796,_SE23HucdEeet0YmmfbMwkw,CF3,1.4711
797,_SE23HucdEeet0YmmfbMwkw,CF3,1.4711
798,_SE23HucdEeet0YmmfbMwkw,CF3,1.4711
799,_SEzM9-cdEeet0YmmfbMwkw,CF1,2.3373
800,_SEzM9-cdEeet0YmmfbMwkw,CF1,2.3373
801,_SEzM9-cdEeet0YmmfbMwkw,CF1,2.3373
802,_SEvinOcdEeet0YmmfbMwkw,CF3,2.3203
803,_SEvinOcdEeet0YmmfbMwkw,CF3,2.3203
804,_SEvinOcdEeet0YmmfbMwkw,CF3,2.3203
805,_SEvinOcdEeet0YmmfbMwkw,CF3,2.3203
806,_SFKZwucdEeet0YmmfbMwkw,CF3,3.5965
807,_SFKZwucdEeet0YmmfbMwkw,CF3,3.5965
808,_SFKZwucdEeet0YmmfbMwkw,CF3,3.5965
809,_SFKaeecdEeet0YmmfbMwkw,CF3,3.8432
810,_SFKaeecdEeet0YmmfbMwkw,CF3,3.8432
811,_SFKaeecdEeet0YmmfbMwkw,CF3,3.8432
812,_SEx-lecdEeet0YmmfbMwkw,CF1,4.2176
813,_SEx-lecdEeet0YmmfbMwkw,CF1,4.2176
814,_SEx-lecdEeet0YmmfbMwkw,CF1,4.2176
815,_SFKacecdEeet0YmmfbMwkw,CF2,2.4213
816,_SFKacecdEeet0YmmfbMwkw,CF2,2.4213
817,_SFKacecdEeet0YmmfbMwkw,CF2,2.4213
818,_SEu7g-cdEeet0YmmfbMwkw,CF3,2.3153
819,_SEu7g-cdEeet0YmmfbMwkw,CF3,2.3153
820,_SFS9xucdEeet0YmmfbMwkw,CF1,1.195
821,_SFS9xucdEeet0YmmfbMwkw,CF1,1.195
822,_SFS9xucdEeet0YmmfbMwkw,CF1,1.195
823,_SFGILucdEeet0YmmfbMwkw,CF2,1.5101
824,_SFGILucdEeet0YmmfbMwkw,CF2,1.5101
825,_SFGILucdEeet0YmmfbMwkw,CF2,1.5101
826,_SFGwLecdEeet0YmmfbMwkw,CF1,1.5131
827,_SFGwLecdEeet0YmmfbMwkw,CF1,1.5131
828,_SFGwLecdEeet0YmmfbMwkw,CF1,1.5131
829,_SFAoa-cdEeet0YmmfbMwkw,CF1,2.4953
830,_SFAoa-cdEeet0YmmfbMwkw,CF1,2.4953
831,_SFAoa-cdEeet0YmmfbMwkw,CF1,2.4953
832,_SFAoa-cdEeet0YmmfbMwkw,CF1,2.4953
833,_SFAoa-cdEeet0YmmfbMwkw,CF1,2.4953
834,_SFAoa-cdEeet0YmmfbMwkw,CF1,2.4953
835,_SE9laucdEeet0YmmfbMwkw,CF1,3.1028
836,_SE9laucdEeet0YmmfbMwkw,CF1,3.1028
837,_SE9laucdEeet0YmmfbMwkw,CF1,3.1028
838,_SFNdqOcdEeet0YmmfbMwkw,CF2,1.9691
839,_SFNdqOcdEeet0YmmfbMwkw,CF2,1.9691
840,_SFNdqOcdEeet0YmmfbMwkw,CF2,1.9691
841,_SFNdqOcdEeet0YmmfbMwkw,CF2,1.9691
842,_SFOFYecdEeet0YmmfbMwkw,CF1,1.5381
843,_SFOFYecdEeet0YmmfbMwkw,CF1,1.5381
844,_SFOFYecdEeet0YmmfbMwkw,CF1,1.5381
845,_SFGu0ecdEeet0YmmfbMwkw,CF1,2.5023
846,_SFGu0ecdEeet0YmmfbMwkw,CF1,2.5023
847,_SFGu0ecdEeet0YmmfbMwkw,CF1,2.5023
848,_SFGu0ecdEeet0YmmfbMwkw,CF1,2.5023
849,_SFGu0ecdEeet0YmmfbMwkw,CF1,2.5023
850,_SFGu0ecdEeet0YmmfbMwkw,CF1,2.5023
851,_SEz0YucdEeet0YmmfbMwkw,CF3,1.695
852,_SEz0YucdEeet0YmmfbMwkw,CF3,1.695
853,_SEz0YucdEeet0YmmfbMwkw,CF3,1.695
854,_SFM27OcdEeet0YmmfbMwkw,CF3,3.3773
855,_SFM27OcdEeet0YmmfbMwkw,CF3,3.3773
856,_SFM27OcdEeet0YmmfbMwkw,CF3,3.3773
857,_SEvio-cdEeet0YmmfbMwkw,CF3,24.136999999999997
858,_SEvio-cdEeet0YmmfbMwkw,CF3,24.0578
859,_SFACAucdEeet0YmmfbMwkw,CF2,2.4943
860,_SFACAucdEeet0YmmfbMwkw,CF2,2.4943
861,_SFACAucdEeet0YmmfbMwkw,CF2,2.4943
862,_SFACAucdEeet0YmmfbMwkw,CF2,2.4943
863,_SFACAucdEeet0YmmfbMwkw,CF2,2.4943
864,_SFACAucdEeet0YmmfbMwkw,CF2,2.4943
865,_SFDr2-cdEeet0YmmfbMwkw,CF3,25.0419
866,_SFDr2-cdEeet0YmmfbMwkw,CF3,24.9839
867,_SFETHecdEeet0YmmfbMwkw,CF3,3.8332
868,_SFETHecdEeet0YmmfbMwkw,CF3,3.8332
869,_SFOD--cdEeet0YmmfbMwkw,CF1,3.3823
870,_SFOD--cdEeet0YmmfbMwkw,CF1,3.3823
871,_SFOD--cdEeet0YmmfbMwkw,CF1,3.3823
872,_SE-Mo-cdEeet0YmmfbMwkw,CF1,1.161
873,_SE-Mo-cdEeet0YmmfbMwkw,CF1,1.161
874,_SE-Mo-cdEeet0YmmfbMwkw,CF1,1.161
875,_SFDFk-cdEeet0YmmfbMwkw,CF2,1.5451
876,_SFDFk-cdEeet0YmmfbMwkw,CF2,1.5451
877,_SFDFk-cdEeet0YmmfbMwkw,CF2,1.5451
878,_SFDFk-cdEeet0YmmfbMwkw,CF2,1.5451
879,_SFDFk-cdEeet0YmmfbMwkw,CF2,1.5451
880,_SFDFk-cdEeet0YmmfbMwkw,CF2,1.5451
881,_SFKaW-cdEeet0YmmfbMwkw,CF3,2.4193
882,_SFKaW-cdEeet0YmmfbMwkw,CF3,2.4193
883,_SFKaW-cdEeet0YmmfbMwkw,CF3,2.4193
884,_SFTjB-cdEeet0YmmfbMwkw,CF3,1.4381
885,_SFTjB-cdEeet0YmmfbMwkw,CF3,1.4381
886,_SFKZ7ecdEeet0YmmfbMwkw,CF1,1.5181
887,_SFKZ7ecdEeet0YmmfbMwkw,CF1,1.5181
888,_SFKZ7ecdEeet0YmmfbMwkw,CF1,1.5181
889,_SFDFaecdEeet0YmmfbMwkw,CF3,2.6085
890,_SFDFaecdEeet0YmmfbMwkw,CF3,2.6085
891,_SFMPBucdEeet0YmmfbMwkw,CF2,1.2912
892,_SFMPBucdEeet0YmmfbMwkw,CF2,1.2912
893,_SFMPBucdEeet0YmmfbMwkw,CF2,1.2912
894,_SFM1w-cdEeet0YmmfbMwkw,CF2,3.8482
895,_SFM1w-cdEeet0YmmfbMwkw,CF2,3.8482
896,_SFM1w-cdEeet0YmmfbMwkw,CF2,3.8482
897,_SE-zPOcdEeet0YmmfbMwkw,CF1,1.682
898,_SE-zPOcdEeet0YmmfbMwkw,CF1,1.682
899,_SE-zPOcdEeet0YmmfbMwkw,CF1,1.682
900,_SE2QYOcdEeet0YmmfbMwkw,CF1,3.5935
901,_SE2QYOcdEeet0YmmfbMwkw,CF1,3.5935
902,_SE2QYOcdEeet0YmmfbMwkw,CF1,3.5935
903,_SFOD9OcdEeet0YmmfbMwkw,CF1,2.4523
904,_SFOD9OcdEeet0YmmfbMwkw,CF1,2.4523
905,_SFOD9OcdEeet0YmmfbMwkw,CF1,2.4523
906,_SFOq5ecdEeet0YmmfbMwkw,CF3,21.7518
907,_SFOq5ecdEeet0YmmfbMwkw,CF3,21.6938
908,_SE23mOcdEeet0YmmfbMwkw,CF1,2.4843
909,_SE23mOcdEeet0YmmfbMwkw,CF1,2.4843
910,_SE23mOcdEeet0YmmfbMwkw,CF1,2.4843
911,_SE23mOcdEeet0YmmfbMwkw,CF1,2.4843
912,_SE23mOcdEeet0YmmfbMwkw,CF1,2.4843
913,_SE23mOcdEeet0YmmfbMwkw,CF1,2.4843
914,_SE-zMOcdEeet0YmmfbMwkw,CF2,2.2803
915,_SE-zMOcdEeet0YmmfbMwkw,CF2,2.2803
916,_SExYMecdEeet0YmmfbMwkw,CF1,3.3713
917,_SExYMecdEeet0YmmfbMwkw,CF1,3.3713
918,_SExYMecdEeet0YmmfbMwkw,CF1,3.3713
919,_SFLAcecdEeet0YmmfbMwkw,CF1,3.1478
920,_SFLAcecdEeet0YmmfbMwkw,CF1,3.1478
921,_SFLAcecdEeet0YmmfbMwkw,CF1,3.1478
922,_SFJyC-cdEeet0YmmfbMwkw,CF3,2.4043
923,_SFJyC-cdEeet0YmmfbMwkw,CF3,2.4043
924,_SFJyC-cdEeet0YmmfbMwkw,CF3,2.4043
925,_SE_a3ucdEeet0YmmfbMwkw,CF1,2.3103
926,_SE_a3ucdEeet0YmmfbMwkw,CF1,2.3103
927,_SE_a3ucdEeet0YmmfbMwkw,CF1,2.3103
928,_SE-zTOcdEeet0YmmfbMwkw,CF2,1.4681
929,_SE-zTOcdEeet0YmmfbMwkw,CF2,1.4681
930,_SE-zTOcdEeet0YmmfbMwkw,CF2,1.4681
931,_SFGH8ucdEeet0YmmfbMwkw,CF1,2.3923
932,_SFGH8ucdEeet0YmmfbMwkw,CF1,2.3923
933,_SFGH8ucdEeet0YmmfbMwkw,CF1,2.3923
934,_SE-MjecdEeet0YmmfbMwkw,CF3,2.5995
935,_SE-MjecdEeet0YmmfbMwkw,CF3,2.5995
936,_SE-MjecdEeet0YmmfbMwkw,CF3,2.5995
937,_SFLBDucdEeet0YmmfbMwkw,CF3,3.5995
938,_SFLBDucdEeet0YmmfbMwkw,CF3,3.5995
939,_SFLBDucdEeet0YmmfbMwkw,CF3,3.5995
940,_SFHV1-cdEeet0YmmfbMwkw,CF1,1.722
941,_SFHV1-cdEeet0YmmfbMwkw,CF1,1.722
942,_SFHV1-cdEeet0YmmfbMwkw,CF1,1.722
943,_SFDFBecdEeet0YmmfbMwkw,CF2,1.6112
944,_SFDFBecdEeet0YmmfbMwkw,CF2,1.6112
945,_SFDFBecdEeet0YmmfbMwkw,CF2,1.6112
946,_SFCeQucdEeet0YmmfbMwkw,CF3,3.1208
947,_SFCeQucdEeet0YmmfbMwkw,CF3,3.1208
948,_SFCeQucdEeet0YmmfbMwkw,CF3,3.1208
949,_SFCeQucdEeet0YmmfbMwkw,CF3,3.1208
950,_SFCeQucdEeet0YmmfbMwkw,CF3,3.1208
951,_SE6h2-cdEeet0YmmfbMwkw,CF1,2.2933
952,_SE6h2-cdEeet0YmmfbMwkw,CF1,2.2933
953,_SE6h2-cdEeet0YmmfbMwkw,CF1,2.2933
954,_SFDEU-cdEeet0YmmfbMwkw,CF2,1.5441
955,_SFDEU-cdEeet0YmmfbMwkw,CF2,1.5441
956,_SFDEU-cdEeet0YmmfbMwkw,CF2,1.5441
957,_SFDEU-cdEeet0YmmfbMwkw,CF2,1.5441
958,_SFDEU-cdEeet0YmmfbMwkw,CF2,1.5441
959,_SFDEU-cdEeet0YmmfbMwkw,CF2,1.5441
960,_SFBPjOcdEeet0YmmfbMwkw,CF1,1.702
961,_SFBPjOcdEeet0YmmfbMwkw,CF1,1.702
962,_SFBPjOcdEeet0YmmfbMwkw,CF1,1.702
963,_SFJyzecdEeet0YmmfbMwkw,CF1,1.723
964,_SFJyzecdEeet0YmmfbMwkw,CF1,1.723
965,_SFJyzecdEeet0YmmfbMwkw,CF1,1.723
966,_SE9kwOcdEeet0YmmfbMwkw,CF1,2.4883
967,_SE9kwOcdEeet0YmmfbMwkw,CF1,2.4883
968,_SE9kwOcdEeet0YmmfbMwkw,CF1,2.4883
969,_SE9kwOcdEeet0YmmfbMwkw,CF1,2.4883
970,_SE9kwOcdEeet0YmmfbMwkw,CF1,2.4883
971,_SE9kwOcdEeet0YmmfbMwkw,CF1,2.4883
972,_SE9kwOcdEeet0YmmfbMwkw,CF1,2.4883
973,_SFCeTucdEeet0YmmfbMwkw,CF3,2.3623
974,_SFCeTucdEeet0YmmfbMwkw,CF3,2.3623
975,_SFCeTucdEeet0YmmfbMwkw,CF3,2.3623
976,_SFCeTucdEeet0YmmfbMwkw,CF3,2.3623
977,_SFKZ2ecdEeet0YmmfbMwkw,CF2,3.8382
978,_SFKZ2ecdEeet0YmmfbMwkw,CF2,3.8382
979,_SEymFucdEeet0YmmfbMwkw,CF3,22.245
980,_SEymFucdEeet0YmmfbMwkw,CF3,22.12
981,_SFS-WucdEeet0YmmfbMwkw,CF3,28.3217
982,_SFS-WucdEeet0YmmfbMwkw,CF3,28.2425
983,_SFLBz-cdEeet0YmmfbMwkw,CF3,1.19
984,_SFLBz-cdEeet0YmmfbMwkw,CF3,1.19
985,_SFLBz-cdEeet0YmmfbMwkw,CF3,1.19
986,_SFS97OcdEeet0YmmfbMwkw,CF2,1.6322
987,_SFS97OcdEeet0YmmfbMwkw,CF2,1.6322
988,_SFS97OcdEeet0YmmfbMwkw,CF2,1.6322
989,_SFLAXecdEeet0YmmfbMwkw,CF2,2.4233
990,_SFLAXecdEeet0YmmfbMwkw,CF2,2.4233
991,_SFLAXecdEeet0YmmfbMwkw,CF2,2.4233
992,_SFLAXecdEeet0YmmfbMwkw,CF2,2.4233
993,_SFLBB-cdEeet0YmmfbMwkw,CF3,2.4293
994,_SFLBB-cdEeet0YmmfbMwkw,CF3,2.4293
995,_SFLBB-cdEeet0YmmfbMwkw,CF3,2.4293
996,_SFLn5ecdEeet0YmmfbMwkw,CF3,3.1518
997,_SFLn5ecdEeet0YmmfbMwkw,CF3,3.1518
998,_SFLn5ecdEeet0YmmfbMwkw,CF3,3.1518
999,_SFLnUecdEeet0YmmfbMwkw,CF1,2.4363
1000,_SFLnUecdEeet0YmmfbMwkw,CF1,2.4363
1001,_SFLnUecdEeet0YmmfbMwkw,CF1,2.4363
1002,_SFS91ecdEeet0YmmfbMwkw,CF2,1.2952
1003,_SFS91ecdEeet0YmmfbMwkw,CF2,1.2952
1004,_SFS91ecdEeet0YmmfbMwkw,CF2,1.2952
1005,_SFGvcecdEeet0YmmfbMwkw,CF3,2.4003
1006,_SFGvcecdEeet0YmmfbMwkw,CF3,2.4003
1007,_SFGvcecdEeet0YmmfbMwkw,CF3,2.4003
1008,_SE5TtucdEeet0YmmfbMwkw,CF1,2.5572
1009,_SE5TtucdEeet0YmmfbMwkw,CF1,2.5572
1010,_SE5TtucdEeet0YmmfbMwkw,CF1,2.5572
1011,_SE2Qd-cdEeet0YmmfbMwkw,CF1,3.8192
1012,_SE2Qd-cdEeet0YmmfbMwkw,CF1,3.8192
1013,_SE2Qd-cdEeet0YmmfbMwkw,CF1,3.8192
1014,_SFOsK-cdEeet0YmmfbMwkw,CF3,1.9741
1015,_SFOsK-cdEeet0YmmfbMwkw,CF3,1.9741
1016,_SFCeSucdEeet0YmmfbMwkw,CF3,2.6065
1017,_SFCeSucdEeet0YmmfbMwkw,CF3,2.6065
1018,_SE3epOcdEeet0YmmfbMwkw,CF3,1.4731
1019,_SE3epOcdEeet0YmmfbMwkw,CF3,1.4731
1020,_SE3epOcdEeet0YmmfbMwkw,CF3,1.4731
1021,_SFMPZecdEeet0YmmfbMwkw,CF2,2.5103
1022,_SFMPZecdEeet0YmmfbMwkw,CF2,2.5103
1023,_SFMPZecdEeet0YmmfbMwkw,CF2,2.5103
1024,_SFMPZecdEeet0YmmfbMwkw,CF2,2.5103
1025,_SFMPZecdEeet0YmmfbMwkw,CF2,2.5103
1026,_SFMPZecdEeet0YmmfbMwkw,CF2,2.5103
1027,_SFOrc-cdEeet0YmmfbMwkw,CF1,3.1668
1028,_SFOrc-cdEeet0YmmfbMwkw,CF1,3.1668
1029,_SFOrc-cdEeet0YmmfbMwkw,CF1,3.1668
1030,_SE-MhecdEeet0YmmfbMwkw,CF1,3.0938
1031,_SE-MhecdEeet0YmmfbMwkw,CF1,3.0938
1032,_SE-MhecdEeet0YmmfbMwkw,CF1,3.0938
1033,_SE-MhecdEeet0YmmfbMwkw,CF1,3.0938
1034,_SE-MhecdEeet0YmmfbMwkw,CF1,3.0938
1035,_SE1B8ucdEeet0YmmfbMwkw,CF3,3.3633
1036,_SE1B8ucdEeet0YmmfbMwkw,CF3,3.3633
1037,_SE1B8ucdEeet0YmmfbMwkw,CF3,3.3633
1038,_SFE6ZucdEeet0YmmfbMwkw,CF1,2.3793
1039,_SFE6ZucdEeet0YmmfbMwkw,CF1,2.3793
1040,_SFE6ZucdEeet0YmmfbMwkw,CF1,2.3793
1041,_SFE6ZucdEeet0YmmfbMwkw,CF1,2.3793
1042,_SEvi5OcdEeet0YmmfbMwkw,CF2,1.168
1043,_SEvi5OcdEeet0YmmfbMwkw,CF2,1.168
1044,_SEvi5OcdEeet0YmmfbMwkw,CF2,1.168
1045,_SFDFYecdEeet0YmmfbMwkw,CF3,3.1228
1046,_SFDFYecdEeet0YmmfbMwkw,CF3,3.1228
1047,_SFDFYecdEeet0YmmfbMwkw,CF3,3.1228
1048,_SFDFYecdEeet0YmmfbMwkw,CF3,3.1228
1049,_SFDFYecdEeet0YmmfbMwkw,CF3,3.1228
1050,_SFOEMOcdEeet0YmmfbMwkw,CF2,1.5361
1051,_SFOEMOcdEeet0YmmfbMwkw,CF2,1.5361
1052,_SFOEMOcdEeet0YmmfbMwkw,CF2,1.5361
1053,_SFJzYecdEeet0YmmfbMwkw,CF3,2.4103
1054,_SFJzYecdEeet0YmmfbMwkw,CF3,2.4103
1055,_SFJzYecdEeet0YmmfbMwkw,CF3,2.4103
1056,_SE9lYOcdEeet0YmmfbMwkw,CF3,2.3073
1057,_SE9lYOcdEeet0YmmfbMwkw,CF3,2.3073
1058,_SE9lYOcdEeet0YmmfbMwkw,CF3,2.3073
1059,_SFSWPecdEeet0YmmfbMwkw,CF3,2.6195
1060,_SFSWPecdEeet0YmmfbMwkw,CF3,2.6195
1061,_SFM2V-cdEeet0YmmfbMwkw,CF2,1.9003
1062,_SFM2V-cdEeet0YmmfbMwkw,CF2,1.9003
1063,_SFM2V-cdEeet0YmmfbMwkw,CF2,1.9003
1064,_SFM2V-cdEeet0YmmfbMwkw,CF2,1.9003
1065,_SFODgecdEeet0YmmfbMwkw,CF2,1.8182
1066,_SFODgecdEeet0YmmfbMwkw,CF2,1.8182
1067,_SFODgecdEeet0YmmfbMwkw,CF2,1.8182
1068,_SExXpucdEeet0YmmfbMwkw,CF1,2.5842
1069,_SExXpucdEeet0YmmfbMwkw,CF1,2.5842
1070,_SExXpucdEeet0YmmfbMwkw,CF1,2.5842
1071,_SExXpucdEeet0YmmfbMwkw,CF1,2.5842
1072,_SExXpucdEeet0YmmfbMwkw,CF1,2.5842
1073,_SExXpucdEeet0YmmfbMwkw,CF1,2.5842
1074,_SEz0SucdEeet0YmmfbMwkw,CF1,3.1158
1075,_SEz0SucdEeet0YmmfbMwkw,CF1,3.1158
1076,_SEz0SucdEeet0YmmfbMwkw,CF1,3.1158
1077,_SFLnRecdEeet0YmmfbMwkw,CF3,3.1538
1078,_SFLnRecdEeet0YmmfbMwkw,CF3,3.1538
1079,_SFLnRecdEeet0YmmfbMwkw,CF3,3.1538
1080,_SE56necdEeet0YmmfbMwkw,CF3,2.2893
1081,_SE56necdEeet0YmmfbMwkw,CF3,2.2893
1082,_SE56necdEeet0YmmfbMwkw,CF3,2.2893
1083,_SEymC-cdEeet0YmmfbMwkw,CF1,3.3723
1084,_SEymC-cdEeet0YmmfbMwkw,CF1,3.3723
1085,_SEymC-cdEeet0YmmfbMwkw,CF1,3.3723
1086,_SFOEFucdEeet0YmmfbMwkw,CF1,1.726
1087,_SFOEFucdEeet0YmmfbMwkw,CF1,1.726
1088,_SFOEFucdEeet0YmmfbMwkw,CF1,1.726
1089,_SFABWOcdEeet0YmmfbMwkw,CF2,2.4933
1090,_SFABWOcdEeet0YmmfbMwkw,CF2,2.4933
1091,_SFABWOcdEeet0YmmfbMwkw,CF2,2.4933
1092,_SFABWOcdEeet0YmmfbMwkw,CF2,2.4933
1093,_SFABWOcdEeet0YmmfbMwkw,CF2,2.4933
1094,_SFABWOcdEeet0YmmfbMwkw,CF2,2.4933
1095,_SFS9HOcdEeet0YmmfbMwkw,CF3,22.8453
1096,_SFS9HOcdEeet0YmmfbMwkw,CF3,22.7873
1097,_SFDsX-cdEeet0YmmfbMwkw,CF3,2.3733
1098,_SFDsX-cdEeet0YmmfbMwkw,CF3,2.3733
1099,_SFDsX-cdEeet0YmmfbMwkw,CF3,2.3733
1100,_SFCeOOcdEeet0YmmfbMwkw,CF1,2.3603
1101,_SFCeOOcdEeet0YmmfbMwkw,CF1,2.3603
1102,_SFCeOOcdEeet0YmmfbMwkw,CF1,2.3603
1103,_SFGwEecdEeet0YmmfbMwkw,CF3,2.4013
1104,_SFGwEecdEeet0YmmfbMwkw,CF3,2.4013
1105,_SFGwEecdEeet0YmmfbMwkw,CF3,2.4013
1106,_SFLAZ-cdEeet0YmmfbMwkw,CF2,2.4243
1107,_SFLAZ-cdEeet0YmmfbMwkw,CF2,2.4243
1108,_SFLAZ-cdEeet0YmmfbMwkw,CF2,2.4243
1109,_SFLAZ-cdEeet0YmmfbMwkw,CF2,2.4243
1110,_SFOrhecdEeet0YmmfbMwkw,CF3,24.4605
1111,_SFOrhecdEeet0YmmfbMwkw,CF3,24.3935
1112,_SFGwPecdEeet0YmmfbMwkw,CF3,1.3781
1113,_SFGwPecdEeet0YmmfbMwkw,CF3,1.3781
1114,_SFGwPecdEeet0YmmfbMwkw,CF3,1.3781
1115,_SFABYucdEeet0YmmfbMwkw,CF2,2.3403
1116,_SFABYucdEeet0YmmfbMwkw,CF2,2.3403
1117,_SFABYucdEeet0YmmfbMwkw,CF2,2.3403
1118,_SFABYucdEeet0YmmfbMwkw,CF2,2.3403
1119,_SFLpG-cdEeet0YmmfbMwkw,CF1,2.4393
1120,_SFLpG-cdEeet0YmmfbMwkw,CF1,2.4393
1121,_SFLpG-cdEeet0YmmfbMwkw,CF1,2.4393
1122,_SFFhVucdEeet0YmmfbMwkw,CF2,1.6192
1123,_SFFhVucdEeet0YmmfbMwkw,CF2,1.6192
1124,_SFFhVucdEeet0YmmfbMwkw,CF2,1.6192
1125,_SFOFSucdEeet0YmmfbMwkw,CF3,2.4583
1126,_SFOFSucdEeet0YmmfbMwkw,CF3,2.4583
1127,_SFS8hucdEeet0YmmfbMwkw,CF1,1.193
1128,_SFS8hucdEeet0YmmfbMwkw,CF1,1.193
1129,_SFS8hucdEeet0YmmfbMwkw,CF1,1.193
1130,_SFBPiOcdEeet0YmmfbMwkw,CF2,4.1371
1131,_SFBPiOcdEeet0YmmfbMwkw,CF2,4.1371
1132,_SE1CB-cdEeet0YmmfbMwkw,CF1,2.5542
1133,_SE1CB-cdEeet0YmmfbMwkw,CF1,2.5542
1134,_SE1CB-cdEeet0YmmfbMwkw,CF1,2.5542
1135,_SFDFbecdEeet0YmmfbMwkw,CF3,2.3683
1136,_SFDFbecdEeet0YmmfbMwkw,CF3,2.3683
1137,_SFDFbecdEeet0YmmfbMwkw,CF3,2.3683
1138,_SFDFbecdEeet0YmmfbMwkw,CF3,2.3683
1139,_SFDFbecdEeet0YmmfbMwkw,CF3,2.3683
1140,_SExYKucdEeet0YmmfbMwkw,CF1,2.3303
1141,_SExYKucdEeet0YmmfbMwkw,CF1,2.3303
1142,_SExYKucdEeet0YmmfbMwkw,CF1,2.3303
1143,_SEuUY-cdEeet0YmmfbMwkw,CF1,1.167
1144,_SEuUY-cdEeet0YmmfbMwkw,CF1,1.167
1145,_SEuUY-cdEeet0YmmfbMwkw,CF1,1.167
1146,_SFCeP-cdEeet0YmmfbMwkw,CF3,31.0065
1147,_SFCeP-cdEeet0YmmfbMwkw,CF3,30.9396
1148,_SFLozucdEeet0YmmfbMwkw,CF2,1.3871
1149,_SFLozucdEeet0YmmfbMwkw,CF2,1.3871
1150,_SFLozucdEeet0YmmfbMwkw,CF2,1.3871
1151,_SFGvl-cdEeet0YmmfbMwkw,CF2,1.5111
1152,_SFGvl-cdEeet0YmmfbMwkw,CF2,1.5111
1153,_SFGvl-cdEeet0YmmfbMwkw,CF2,1.5111
1154,_SFE50OcdEeet0YmmfbMwkw,CF1,2.4983
1155,_SFE50OcdEeet0YmmfbMwkw,CF1,2.4983
1156,_SFE50OcdEeet0YmmfbMwkw,CF1,2.4983
1157,_SFE50OcdEeet0YmmfbMwkw,CF1,2.4983
1158,_SFE50OcdEeet0YmmfbMwkw,CF1,2.4983
1159,_SFE50OcdEeet0YmmfbMwkw,CF1,2.4983
1160,_SE9k_OcdEeet0YmmfbMwkw,CF2,1.4831
1161,_SE9k_OcdEeet0YmmfbMwkw,CF2,1.4831
1162,_SE9k_OcdEeet0YmmfbMwkw,CF2,1.4831
1163,_SFMQV-cdEeet0YmmfbMwkw,CF3,1.192
1164,_SFMQV-cdEeet0YmmfbMwkw,CF3,1.192
1165,_SFMQV-cdEeet0YmmfbMwkw,CF3,1.192
1166,_SEwJ8-cdEeet0YmmfbMwkw,CF2,1.6072
1167,_SEwJ8-cdEeet0YmmfbMwkw,CF2,1.6072
1168,_SEwJ8-cdEeet0YmmfbMwkw,CF2,1.6072
1169,_SFKaUecdEeet0YmmfbMwkw,CF2,2.4183
1170,_SFKaUecdEeet0YmmfbMwkw,CF2,2.4183
1171,_SFKaUecdEeet0YmmfbMwkw,CF2,2.4183
1172,_SFLB1OcdEeet0YmmfbMwkw,CF3,1.8172
1173,_SFLB1OcdEeet0YmmfbMwkw,CF3,1.8172
1174,_SFLB1OcdEeet0YmmfbMwkw,CF3,1.8172
1175,_SE0bNecdEeet0YmmfbMwkw,CF1,3.3623
1176,_SE0bNecdEeet0YmmfbMwkw,CF1,3.3623
1177,_SE0bNecdEeet0YmmfbMwkw,CF1,3.3623
1178,_SExYNOcdEeet0YmmfbMwkw,CF3,3.1128
1179,_SExYNOcdEeet0YmmfbMwkw,CF3,3.1128
1180,_SExYNOcdEeet0YmmfbMwkw,CF3,3.1128
1181,_SEviuucdEeet0YmmfbMwkw,CF2,4.2166
1182,_SEviuucdEeet0YmmfbMwkw,CF2,4.2166
1183,_SEviuucdEeet0YmmfbMwkw,CF2,4.2166
1184,_SE57SecdEeet0YmmfbMwkw,CF1,1.685
1185,_SE57SecdEeet0YmmfbMwkw,CF1,1.685
1186,_SE57SecdEeet0YmmfbMwkw,CF1,1.685
1187,_SEx_TucdEeet0YmmfbMwkw,CF1,1.2812
1188,_SEx_TucdEeet0YmmfbMwkw,CF1,1.2812
1189,_SEx_TucdEeet0YmmfbMwkw,CF1,1.2812
1190,_SFOFRucdEeet0YmmfbMwkw,CF1,1.9053
1191,_SFOFRucdEeet0YmmfbMwkw,CF1,1.9053
1192,_SFOFRucdEeet0YmmfbMwkw,CF1,1.9053
1193,_SFApM-cdEeet0YmmfbMwkw,CF1,1.172
1194,_SFApM-cdEeet0YmmfbMwkw,CF1,1.172
1195,_SFApM-cdEeet0YmmfbMwkw,CF1,1.172
1196,_SFFh5OcdEeet0YmmfbMwkw,CF2,1.5091
1197,_SFFh5OcdEeet0YmmfbMwkw,CF2,1.5091
1198,_SFFh5OcdEeet0YmmfbMwkw,CF2,1.5091
1199,_SE1B9ecdEeet0YmmfbMwkw,CF2,3.0978
1200,_SE1B9ecdEeet0YmmfbMwkw,CF2,3.0978
1201,_SE1B9ecdEeet0YmmfbMwkw,CF2,3.0978
1202,_SFGu3ecdEeet0YmmfbMwkw,CF3,1.719
1203,_SFGu3ecdEeet0YmmfbMwkw,CF3,1.719
1204,_SFGu3ecdEeet0YmmfbMwkw,CF3,1.719
1205,_SEvixOcdEeet0YmmfbMwkw,CF2,1.171
1206,_SEvixOcdEeet0YmmfbMwkw,CF2,1.171
1207,_SEvixOcdEeet0YmmfbMwkw,CF2,1.171
1208,_SE9lducdEeet0YmmfbMwkw,CF3,2.3083
1209,_SE9lducdEeet0YmmfbMwkw,CF3,2.3083
1210,_SE9lducdEeet0YmmfbMwkw,CF3,2.3083
1211,_SFLol-cdEeet0YmmfbMwkw,CF2,2.5792
1212,_SFLol-cdEeet0YmmfbMwkw,CF2,2.5792
1213,_SFLol-cdEeet0YmmfbMwkw,CF2,2.5792
1214,_SFLol-cdEeet0YmmfbMwkw,CF2,2.5792
1215,_SFJysucdEeet0YmmfbMwkw,CF1,3.763
1216,_SFJysucdEeet0YmmfbMwkw,CF1,3.763
1217,_SFJysucdEeet0YmmfbMwkw,CF1,3.763
1218,_SFESgecdEeet0YmmfbMwkw,CF1,1.7109999999999999
1219,_SFESgecdEeet0YmmfbMwkw,CF1,1.7109999999999999
1220,_SFESgecdEeet0YmmfbMwkw,CF1,1.7109999999999999
1221,_SFSWQecdEeet0YmmfbMwkw,CF1,2.4793
1222,_SFSWQecdEeet0YmmfbMwkw,CF1,2.4793
1223,_SFSWQecdEeet0YmmfbMwkw,CF1,2.4793
1224,_SFKabecdEeet0YmmfbMwkw,CF3,1.8943
1225,_SFKabecdEeet0YmmfbMwkw,CF3,1.8943
1226,_SFKabecdEeet0YmmfbMwkw,CF3,1.8943
1227,_SFOEpucdEeet0YmmfbMwkw,CF1,1.9043
1228,_SFOEpucdEeet0YmmfbMwkw,CF1,1.9043
1229,_SFOEpucdEeet0YmmfbMwkw,CF1,1.9043
1230,_SFE6cOcdEeet0YmmfbMwkw,CF3,2.3813
1231,_SFE6cOcdEeet0YmmfbMwkw,CF3,2.3813
1232,_SFE6cOcdEeet0YmmfbMwkw,CF3,2.3813
1233,_SFFhEucdEeet0YmmfbMwkw,CF3,3.1308
1234,_SFFhEucdEeet0YmmfbMwkw,CF3,3.1308
1235,_SFFhEucdEeet0YmmfbMwkw,CF3,3.1308
1236,_SE6h8ecdEeet0YmmfbMwkw,CF3,2.2943
1237,_SE6h8ecdEeet0YmmfbMwkw,CF3,2.2943
1238,_SE6h8ecdEeet0YmmfbMwkw,CF3,2.2943
1239,_SFFhr-cdEeet0YmmfbMwkw,CF3,3.762
1240,_SFFhr-cdEeet0YmmfbMwkw,CF3,3.762
1241,_SFFhr-cdEeet0YmmfbMwkw,CF3,3.762
1242,_SFCeWucdEeet0YmmfbMwkw,CF1,1.704
1243,_SFCeWucdEeet0YmmfbMwkw,CF1,1.704
1244,_SFCeWucdEeet0YmmfbMwkw,CF1,1.704
1245,_SFBPpucdEeet0YmmfbMwkw,CF2,1.5061
1246,_SFBPpucdEeet0YmmfbMwkw,CF2,1.5061
1247,_SFBPpucdEeet0YmmfbMwkw,CF2,1.5061
1248,_SFKao-cdEeet0YmmfbMwkw,CF2,1.186
1249,_SFKao-cdEeet0YmmfbMwkw,CF2,1.186
1250,_SFKao-cdEeet0YmmfbMwkw,CF2,1.186
1251,_SFS9COcdEeet0YmmfbMwkw,CF3,3.1698
1252,_SFS9COcdEeet0YmmfbMwkw,CF3,3.1698
1253,_SFS9COcdEeet0YmmfbMwkw,CF3,3.1698
1254,_SFS9COcdEeet0YmmfbMwkw,CF3,3.1698
1255,_SEvisucdEeet0YmmfbMwkw,CF3,2.3213
1256,_SEvisucdEeet0YmmfbMwkw,CF3,2.3213
1257,_SEvisucdEeet0YmmfbMwkw,CF3,2.3213
1258,_SEu7v-cdEeet0YmmfbMwkw,CF2,1.4891
1259,_SEu7v-cdEeet0YmmfbMwkw,CF2,1.4891
1260,_SEu7v-cdEeet0YmmfbMwkw,CF2,1.4891
1261,_SFMPb-cdEeet0YmmfbMwkw,CF2,2.4443
1262,_SFMPb-cdEeet0YmmfbMwkw,CF2,2.4443
1263,_SFMPb-cdEeet0YmmfbMwkw,CF2,2.4443
1264,_SFMPb-cdEeet0YmmfbMwkw,CF2,2.4443
1265,_SE23gucdEeet0YmmfbMwkw,CF1,2.4833
1266,_SE23gucdEeet0YmmfbMwkw,CF1,2.4833
1267,_SE23gucdEeet0YmmfbMwkw,CF1,2.4833
1268,_SE23gucdEeet0YmmfbMwkw,CF1,2.4833
1269,_SE23gucdEeet0YmmfbMwkw,CF1,2.4833
1270,_SE23gucdEeet0YmmfbMwkw,CF1,2.4833
1271,_SE23gucdEeet0YmmfbMwkw,CF1,2.4833
1272,_SE23gucdEeet0YmmfbMwkw,CF1,2.4833
1273,_SE23gucdEeet0YmmfbMwkw,CF1,2.4833
1274,_SFLoA-cdEeet0YmmfbMwkw,CF2,1.1909999999999998
1275,_SFLoA-cdEeet0YmmfbMwkw,CF2,1.1909999999999998
1276,_SFLoA-cdEeet0YmmfbMwkw,CF2,1.1909999999999998
1277,_SFFhHucdEeet0YmmfbMwkw,CF3,2.3883
1278,_SFFhHucdEeet0YmmfbMwkw,CF3,2.3883
1279,_SFFhHucdEeet0YmmfbMwkw,CF3,2.3883
1280,_SFTjAecdEeet0YmmfbMwkw,CF3,1.9791
1281,_SFTjAecdEeet0YmmfbMwkw,CF3,1.9791
1282,_SE_aeucdEeet0YmmfbMwkw,CF2,1.4851
1283,_SE_aeucdEeet0YmmfbMwkw,CF2,1.4851
1284,_SE_aeucdEeet0YmmfbMwkw,CF2,1.4851
1285,_SFGvqecdEeet0YmmfbMwkw,CF2,1.6242
1286,_SFGvqecdEeet0YmmfbMwkw,CF2,1.6242
1287,_SFGvqecdEeet0YmmfbMwkw,CF2,1.6242
1288,_SE3eiucdEeet0YmmfbMwkw,CF1,1.683
1289,_SE3eiucdEeet0YmmfbMwkw,CF1,1.683
1290,_SE3eiucdEeet0YmmfbMwkw,CF1,1.683
1291,_SEx-s-cdEeet0YmmfbMwkw,CF2,1.4951
1292,_SEx-s-cdEeet0YmmfbMwkw,CF2,1.4951
1293,_SEx-s-cdEeet0YmmfbMwkw,CF2,1.4951
1294,_SFDsrecdEeet0YmmfbMwkw,CF2,1.6142
1295,_SFDsrecdEeet0YmmfbMwkw,CF2,1.6142
1296,_SFDsrecdEeet0YmmfbMwkw,CF2,1.6142
1297,_SE_aWucdEeet0YmmfbMwkw,CF1,2.5592
1298,_SE_aWucdEeet0YmmfbMwkw,CF1,2.5592
1299,_SFLohecdEeet0YmmfbMwkw,CF1,3.1548
1300,_SFLohecdEeet0YmmfbMwkw,CF1,3.1548
1301,_SFLohecdEeet0YmmfbMwkw,CF1,3.1548
1302,_SFOFh-cdEeet0YmmfbMwkw,CF2,1.3951
1303,_SFOFh-cdEeet0YmmfbMwkw,CF2,1.3951
1304,_SFOFh-cdEeet0YmmfbMwkw,CF2,1.3951
1305,_SE3efucdEeet0YmmfbMwkw,CF2,2.2873
1306,_SE3efucdEeet0YmmfbMwkw,CF2,2.2873
1307,_SE3efucdEeet0YmmfbMwkw,CF2,2.2873
1308,_SFLAj-cdEeet0YmmfbMwkw,CF1,1.187
1309,_SFLAj-cdEeet0YmmfbMwkw,CF1,1.187
1310,_SFLAj-cdEeet0YmmfbMwkw,CF1,1.187
1311,_SFKZJecdEeet0YmmfbMwkw,CF3,3.1448
1312,_SFKZJecdEeet0YmmfbMwkw,CF3,3.1448
1313,_SFKZJecdEeet0YmmfbMwkw,CF3,3.1448
1314,_SEx-rucdEeet0YmmfbMwkw,CF1,1.2792
1315,_SEx-rucdEeet0YmmfbMwkw,CF1,1.2792
1316,_SEx-rucdEeet0YmmfbMwkw,CF1,1.2792
1317,_SFDrv-cdEeet0YmmfbMwkw,CF1,2.3703
1318,_SFDrv-cdEeet0YmmfbMwkw,CF1,2.3703
1319,_SFDrv-cdEeet0YmmfbMwkw,CF1,2.3703
1320,_SFETJ-cdEeet0YmmfbMwkw,CF1,1.175
1321,_SFETJ-cdEeet0YmmfbMwkw,CF1,1.175
1322,_SFETJ-cdEeet0YmmfbMwkw,CF1,1.175
1323,_SE7vtucdEeet0YmmfbMwkw,CF1,1.3701
1324,_SE7vtucdEeet0YmmfbMwkw,CF1,1.3701
1325,_SE7vtucdEeet0YmmfbMwkw,CF1,1.3701
1326,_SFMQK-cdEeet0YmmfbMwkw,CF3,2.9194
1327,_SFMQK-cdEeet0YmmfbMwkw,CF3,2.9194
1328,_SFMQK-cdEeet0YmmfbMwkw,CF3,2.9194
1329,_SE3ehOcdEeet0YmmfbMwkw,CF2,2.9124
1330,_SE3ehOcdEeet0YmmfbMwkw,CF2,2.9124
1331,_SE3ehOcdEeet0YmmfbMwkw,CF2,2.9124
1332,_SFE5-OcdEeet0YmmfbMwkw,CF3,1.1740000000000002
1333,_SFE5-OcdEeet0YmmfbMwkw,CF3,1.1740000000000002
1334,_SFE5-OcdEeet0YmmfbMwkw,CF3,1.1740000000000002
1335,_SFS8AOcdEeet0YmmfbMwkw,CF1,1.3961
1336,_SFS8AOcdEeet0YmmfbMwkw,CF1,1.3961
1337,_SFS8AOcdEeet0YmmfbMwkw,CF1,1.3961
1338,_SE56vucdEeet0YmmfbMwkw,CF2,1.2752
1339,_SE56vucdEeet0YmmfbMwkw,CF2,1.2752
1340,_SE56vucdEeet0YmmfbMwkw,CF2,1.2752
1341,_SFESoecdEeet0YmmfbMwkw,CF3,1.3761
1342,_SFESoecdEeet0YmmfbMwkw,CF3,1.3761
1343,_SFESoecdEeet0YmmfbMwkw,CF3,1.3761
1344,_SFDrbecdEeet0YmmfbMwkw,CF2,1.6122
1345,_SFDrbecdEeet0YmmfbMwkw,CF2,1.6122
1346,_SFDrbecdEeet0YmmfbMwkw,CF2,1.6122
1347,_SFSW0ucdEeet0YmmfbMwkw,CF3,29.0038
1348,_SFSW0ucdEeet0YmmfbMwkw,CF3,28.9246
1349,_SFFgkOcdEeet0YmmfbMwkw,CF3,1.176
1350,_SFFgkOcdEeet0YmmfbMwkw,CF3,1.176
1351,_SFFgkOcdEeet0YmmfbMwkw,CF3,1.176
1352,_SFSVwucdEeet0YmmfbMwkw,CF2,1.2982
1353,_SFSVwucdEeet0YmmfbMwkw,CF2,1.2982
1354,_SFSVwucdEeet0YmmfbMwkw,CF2,1.2982
1355,_SFJzXecdEeet0YmmfbMwkw,CF3,2.6115
1356,_SFJzXecdEeet0YmmfbMwkw,CF3,2.6115
1357,_SFJzXecdEeet0YmmfbMwkw,CF3,2.6115
1358,_SFACJOcdEeet0YmmfbMwkw,CF1,1.6969999999999998
1359,_SFACJOcdEeet0YmmfbMwkw,CF1,1.6969999999999998
1360,_SFACJOcdEeet0YmmfbMwkw,CF1,1.6969999999999998
1361,_SFGveecdEeet0YmmfbMwkw,CF1,3.8342
1362,_SFGveecdEeet0YmmfbMwkw,CF1,3.8342
1363,_SFGveecdEeet0YmmfbMwkw,CF1,3.8342
1364,_SFGveecdEeet0YmmfbMwkw,CF1,3.8342
1365,_SFB2iucdEeet0YmmfbMwkw,CF2,2.3483
1366,_SFB2iucdEeet0YmmfbMwkw,CF2,2.3483
1367,_SFB2iucdEeet0YmmfbMwkw,CF2,2.3483
1368,_SFOElOcdEeet0YmmfbMwkw,CF1,2.4543
1369,_SFOElOcdEeet0YmmfbMwkw,CF1,2.4543
1370,_SFOElOcdEeet0YmmfbMwkw,CF1,2.4543
1371,_SFGvCecdEeet0YmmfbMwkw,CF2,1.6232
1372,_SFGvCecdEeet0YmmfbMwkw,CF2,1.6232
1373,_SFGvCecdEeet0YmmfbMwkw,CF2,1.6232
1374,_SE9k4ucdEeet0YmmfbMwkw,CF1,1.69
1375,_SE9k4ucdEeet0YmmfbMwkw,CF1,1.69
1376,_SE9k4ucdEeet0YmmfbMwkw,CF1,1.69
1377,_SFDtCecdEeet0YmmfbMwkw,CF3,3.1258
1378,_SFDtCecdEeet0YmmfbMwkw,CF3,3.1258
1379,_SFDtCecdEeet0YmmfbMwkw,CF3,3.1258
1380,_SE7wA-cdEeet0YmmfbMwkw,CF2,2.2963
1381,_SE7wA-cdEeet0YmmfbMwkw,CF2,2.2963
1382,_SE7wA-cdEeet0YmmfbMwkw,CF2,2.2963
1383,_SFLAhecdEeet0YmmfbMwkw,CF3,3.8442
1384,_SFLAhecdEeet0YmmfbMwkw,CF3,3.8442
1385,_SFLAhecdEeet0YmmfbMwkw,CF3,3.8442
1386,_SFFhSucdEeet0YmmfbMwkw,CF3,1.3771
1387,_SFFhSucdEeet0YmmfbMwkw,CF3,1.3771
1388,_SFFhSucdEeet0YmmfbMwkw,CF3,1.3771
1389,_SFKanecdEeet0YmmfbMwkw,CF2,1.3831
1390,_SFKanecdEeet0YmmfbMwkw,CF2,1.3831
1391,_SFKanecdEeet0YmmfbMwkw,CF2,1.3831
1392,_SEvinOcdEeet0YmmfbMwkw,CF1,2.3193
1393,_SEvinOcdEeet0YmmfbMwkw,CF1,2.3193
1394,_SEvinOcdEeet0YmmfbMwkw,CF1,2.3193
1395,_SFKaeecdEeet0YmmfbMwkw,CF1,3.8412
1396,_SFKaeecdEeet0YmmfbMwkw,CF1,3.8412
1397,_SFKaeecdEeet0YmmfbMwkw,CF1,3.8412
1398,_SE-L2-cdEeet0YmmfbMwkw,CF1,22.459
1399,_SE-L2-cdEeet0YmmfbMwkw,CF1,22.459
1400,_SE-L2-cdEeet0YmmfbMwkw,CF1,22.459
1401,_SE4F4ucdEeet0YmmfbMwkw,CF3,3.3653
1402,_SE4F4ucdEeet0YmmfbMwkw,CF3,3.3653
1403,_SE4F4ucdEeet0YmmfbMwkw,CF3,3.3653
1404,_SFLBEecdEeet0YmmfbMwkw,CF1,3.1488
1405,_SFLBEecdEeet0YmmfbMwkw,CF1,3.1488
1406,_SFLBEecdEeet0YmmfbMwkw,CF1,3.1488
1407,_SFOrf-cdEeet0YmmfbMwkw,CF3,2.4623
1408,_SFOrf-cdEeet0YmmfbMwkw,CF3,2.4623
1409,_SEz0QOcdEeet0YmmfbMwkw,CF1,2.4923
1410,_SEz0QOcdEeet0YmmfbMwkw,CF1,2.4923
1411,_SEz0QOcdEeet0YmmfbMwkw,CF1,2.4923
1412,_SEz0QOcdEeet0YmmfbMwkw,CF1,2.4923
1413,_SEz0QOcdEeet0YmmfbMwkw,CF1,2.4923
1414,_SEz0QOcdEeet0YmmfbMwkw,CF1,2.4923
1415,_SEz0QOcdEeet0YmmfbMwkw,CF1,2.4923
1416,_SEz0QOcdEeet0YmmfbMwkw,CF1,2.4923
1417,_SEz0QOcdEeet0YmmfbMwkw,CF1,2.4923
1418,_SFDEvucdEeet0YmmfbMwkw,CF3,28.9478
1419,_SFDEvucdEeet0YmmfbMwkw,CF3,28.8686
1420,_SE3ehucdEeet0YmmfbMwkw,CF1,3.8202
1421,_SE3ehucdEeet0YmmfbMwkw,CF1,3.8202
1422,_SE3ehucdEeet0YmmfbMwkw,CF1,3.8202
1423,_SFSU6-cdEeet0YmmfbMwkw,CF1,2.4723
1424,_SFSU6-cdEeet0YmmfbMwkw,CF1,2.4723
1425,_SFSU6-cdEeet0YmmfbMwkw,CF1,2.4723
1426,_SE8-M-cdEeet0YmmfbMwkw,CF1,2.3013
1427,_SE8-M-cdEeet0YmmfbMwkw,CF1,2.3013
1428,_SE8-M-cdEeet0YmmfbMwkw,CF1,2.3013
1429,_SE56w-cdEeet0YmmfbMwkw,CF2,1.4751
1430,_SE56w-cdEeet0YmmfbMwkw,CF2,1.4751
1431,_SE56w-cdEeet0YmmfbMwkw,CF2,1.4751
1432,_SFDEzecdEeet0YmmfbMwkw,CF3,2.3653
1433,_SFDEzecdEeet0YmmfbMwkw,CF3,2.3653
1434,_SFDEzecdEeet0YmmfbMwkw,CF3,2.3653
1435,_SFDEzecdEeet0YmmfbMwkw,CF3,2.3653
1436,_SFDEzecdEeet0YmmfbMwkw,CF3,2.3653
1437,_SFKajecdEeet0YmmfbMwkw,CF1,1.5191
1438,_SFKajecdEeet0YmmfbMwkw,CF1,1.5191
1439,_SFKajecdEeet0YmmfbMwkw,CF1,1.5191
1440,_SE7IwecdEeet0YmmfbMwkw,CF1,1.1640000000000001
1441,_SE7IwecdEeet0YmmfbMwkw,CF1,1.1640000000000001
1442,_SE7IwecdEeet0YmmfbMwkw,CF1,1.1640000000000001
1443,_SEu7g-cdEeet0YmmfbMwkw,CF1,2.4903
1444,_SEu7g-cdEeet0YmmfbMwkw,CF1,2.4903
1445,_SEu7g-cdEeet0YmmfbMwkw,CF1,2.4903
1446,_SEu7g-cdEeet0YmmfbMwkw,CF1,2.4903
1447,_SEu7g-cdEeet0YmmfbMwkw,CF1,2.4903
1448,_SEu7g-cdEeet0YmmfbMwkw,CF1,2.4903
1449,_SEuUbecdEeet0YmmfbMwkw,CF2,1.5411
1450,_SEuUbecdEeet0YmmfbMwkw,CF2,1.5411
1451,_SEuUbecdEeet0YmmfbMwkw,CF2,1.5411
1452,_SEuUbecdEeet0YmmfbMwkw,CF2,1.5411
1453,_SEuUbecdEeet0YmmfbMwkw,CF2,1.5411
1454,_SEuUbecdEeet0YmmfbMwkw,CF2,1.5411
1455,_SFKZ4-cdEeet0YmmfbMwkw,CF3,1.182
1456,_SFKZ4-cdEeet0YmmfbMwkw,CF3,1.182
1457,_SFKZ4-cdEeet0YmmfbMwkw,CF3,1.182
1458,_SFJyIecdEeet0YmmfbMwkw,CF3,2.4053
1459,_SFJyIecdEeet0YmmfbMwkw,CF3,2.4053
1460,_SFJyIecdEeet0YmmfbMwkw,CF3,2.4053
1461,_SFJzVecdEeet0YmmfbMwkw,CF3,3.1438
1462,_SFJzVecdEeet0YmmfbMwkw,CF3,3.1438
1463,_SFJzVecdEeet0YmmfbMwkw,CF3,3.1438
1464,_SFAomOcdEeet0YmmfbMwkw,CF1,1.5011
1465,_SFAomOcdEeet0YmmfbMwkw,CF1,1.5011
1466,_SFAomOcdEeet0YmmfbMwkw,CF1,1.5011
1467,_SFESdecdEeet0YmmfbMwkw,CF3,2.3863
1468,_SFESdecdEeet0YmmfbMwkw,CF3,2.3863
1469,_SFESdecdEeet0YmmfbMwkw,CF3,2.3863
1470,_SFESdecdEeet0YmmfbMwkw,CF3,2.3863
1471,_SE_aYOcdEeet0YmmfbMwkw,CF1,1.692
1472,_SE_aYOcdEeet0YmmfbMwkw,CF1,1.692
1473,_SE_aYOcdEeet0YmmfbMwkw,CF1,1.692
1474,_SFJyx-cdEeet0YmmfbMwkw,CF3,3.3082
1475,_SFJyx-cdEeet0YmmfbMwkw,CF3,3.3082
1476,_SFJyx-cdEeet0YmmfbMwkw,CF3,3.3082
1477,_SFNeLecdEeet0YmmfbMwkw,CF1,3.3813
1478,_SFNeLecdEeet0YmmfbMwkw,CF1,3.3813
1479,_SFNeLecdEeet0YmmfbMwkw,CF1,3.3813
1480,_SFE6HucdEeet0YmmfbMwkw,CF2,1.6152
1481,_SFE6HucdEeet0YmmfbMwkw,CF2,1.6152
1482,_SFE6HucdEeet0YmmfbMwkw,CF2,1.6152
1483,_SFOEBucdEeet0YmmfbMwkw,CF1,1.9033
1484,_SFOEBucdEeet0YmmfbMwkw,CF1,1.9033
1485,_SFOEBucdEeet0YmmfbMwkw,CF1,1.9033
1486,_SEvio-cdEeet0YmmfbMwkw,CF1,3.5945
1487,_SEvio-cdEeet0YmmfbMwkw,CF1,3.5945
1488,_SEvio-cdEeet0YmmfbMwkw,CF1,3.5945
1489,_SFApR-cdEeet0YmmfbMwkw,CF2,1.5031
1490,_SFApR-cdEeet0YmmfbMwkw,CF2,1.5031
1491,_SFApR-cdEeet0YmmfbMwkw,CF2,1.5031
1492,_SFE6jOcdEeet0YmmfbMwkw,CF1,12.55
1493,_SFE6jOcdEeet0YmmfbMwkw,CF1,12.55
1494,_SFE6jOcdEeet0YmmfbMwkw,CF1,12.55
1495,_SFNcYucdEeet0YmmfbMwkw,CF3,2.5802
1496,_SFNcYucdEeet0YmmfbMwkw,CF3,2.5802
1497,_SFNcYucdEeet0YmmfbMwkw,CF3,2.5802
1498,_SFKZ1-cdEeet0YmmfbMwkw,CF2,2.5762
1499,_SFKZ1-cdEeet0YmmfbMwkw,CF2,2.5762
1500,_SFETHecdEeet0YmmfbMwkw,CF1,3.8322
1501,_SFETHecdEeet0YmmfbMwkw,CF1,3.8322
1502,_SE-zMOcdEeet0YmmfbMwkw,CF3,2.2813
1503,_SE-zMOcdEeet0YmmfbMwkw,CF3,2.2813
1504,_SE-zMOcdEeet0YmmfbMwkw,CF3,2.2813
1505,_SFNdwucdEeet0YmmfbMwkw,CF2,1.5311
1506,_SFNdwucdEeet0YmmfbMwkw,CF2,1.5311
1507,_SFNdwucdEeet0YmmfbMwkw,CF2,1.5311
1508,_SFOFNOcdEeet0YmmfbMwkw,CF1,2.4573
1509,_SFOFNOcdEeet0YmmfbMwkw,CF1,2.4573
1510,_SFOFNOcdEeet0YmmfbMwkw,CF1,2.4573
1511,_SE9lgucdEeet0YmmfbMwkw,CF1,1.6909999999999998
1512,_SE9lgucdEeet0YmmfbMwkw,CF1,1.6909999999999998
1513,_SE9lgucdEeet0YmmfbMwkw,CF1,1.6909999999999998
1514,_SFLBsecdEeet0YmmfbMwkw,CF2,3.1508
1515,_SFLBsecdEeet0YmmfbMwkw,CF2,3.1508
1516,_SFLBsecdEeet0YmmfbMwkw,CF2,3.1508
1517,_SFLBsecdEeet0YmmfbMwkw,CF2,3.1508
1518,_SFLBsecdEeet0YmmfbMwkw,CF2,3.1508
1519,_SFLBsecdEeet0YmmfbMwkw,CF2,3.1508
1520,_SFLBsecdEeet0YmmfbMwkw,CF2,3.1508
1521,_SFLBsecdEeet0YmmfbMwkw,CF2,3.1508
1522,_SFLBsecdEeet0YmmfbMwkw,CF2,3.1508
1523,_SE-zUecdEeet0YmmfbMwkw,CF2,1.2742
1524,_SE-zUecdEeet0YmmfbMwkw,CF2,1.2742
1525,_SE-zUecdEeet0YmmfbMwkw,CF2,1.2742
1526,_SFLAg-cdEeet0YmmfbMwkw,CF3,3.0841
1527,_SFLAg-cdEeet0YmmfbMwkw,CF3,3.0841
1528,_SFLAg-cdEeet0YmmfbMwkw,CF3,3.0841
1529,_SFDEZecdEeet0YmmfbMwkw,CF2,1.6102
1530,_SFDEZecdEeet0YmmfbMwkw,CF2,1.6102
1531,_SFDEZecdEeet0YmmfbMwkw,CF2,1.6102
1532,_SEwJwecdEeet0YmmfbMwkw,CF1,2.5642
1533,_SEwJwecdEeet0YmmfbMwkw,CF1,2.5642
1534,_SEwJwecdEeet0YmmfbMwkw,CF1,2.5642
1535,_SEtGKOcdEeet0YmmfbMwkw,CF3,1.8082
1536,_SEtGKOcdEeet0YmmfbMwkw,CF3,1.8082
1537,_SE7wNecdEeet0YmmfbMwkw,CF2,1.4781
1538,_SE7wNecdEeet0YmmfbMwkw,CF2,1.4781
1539,_SE7wNecdEeet0YmmfbMwkw,CF2,1.4781
1540,_SE7wP-cdEeet0YmmfbMwkw,CF2,1.4791
1541,_SE7wP-cdEeet0YmmfbMwkw,CF2,1.4791
1542,_SE7wP-cdEeet0YmmfbMwkw,CF2,1.4791
1543,_SEwwz-cdEeet0YmmfbMwkw,CF2,1.4941
1544,_SEwwz-cdEeet0YmmfbMwkw,CF2,1.4941
1545,_SEwwz-cdEeet0YmmfbMwkw,CF2,1.4941
1546,_SFE5xucdEeet0YmmfbMwkw,CF1,2.3783
1547,_SFE5xucdEeet0YmmfbMwkw,CF1,2.3783
1548,_SFE5xucdEeet0YmmfbMwkw,CF1,2.3783
1549,_SE9lnOcdEeet0YmmfbMwkw,CF2,1.4841
1550,_SE9lnOcdEeet0YmmfbMwkw,CF2,1.4841
1551,_SE9lnOcdEeet0YmmfbMwkw,CF2,1.4841
1552,_SE7ImecdEeet0YmmfbMwkw,CF1,2.4863
1553,_SE7ImecdEeet0YmmfbMwkw,CF1,2.4863
1554,_SE7ImecdEeet0YmmfbMwkw,CF1,2.4863
1555,_SE7ImecdEeet0YmmfbMwkw,CF1,2.4863
1556,_SE7ImecdEeet0YmmfbMwkw,CF1,2.4863
1557,_SE7ImecdEeet0YmmfbMwkw,CF1,2.4863
1558,_SFKZ2ecdEeet0YmmfbMwkw,CF3,3.8392
1559,_SFKZ2ecdEeet0YmmfbMwkw,CF3,3.8392
1560,_SFKZ2ecdEeet0YmmfbMwkw,CF3,3.8392
1561,_SFLnY-cdEeet0YmmfbMwkw,CF2,0.6990000000000001
1562,_SFLnY-cdEeet0YmmfbMwkw,CF2,0.6990000000000001
1563,_SFLnY-cdEeet0YmmfbMwkw,CF2,0.6990000000000001
1564,_SFLnY-cdEeet0YmmfbMwkw,CF2,0.6990000000000001
1565,_SFLnY-cdEeet0YmmfbMwkw,CF2,0.6990000000000001
1566,_SFLnY-cdEeet0YmmfbMwkw,CF2,0.6990000000000001
1567,_SFS8cOcdEeet0YmmfbMwkw,CF3,2.6175
1568,_SFS8cOcdEeet0YmmfbMwkw,CF3,2.6175
1569,_SFDsgecdEeet0YmmfbMwkw,CF1,1.7080000000000002
1570,_SFDsgecdEeet0YmmfbMwkw,CF1,1.7080000000000002
1571,_SFDsgecdEeet0YmmfbMwkw,CF1,1.7080000000000002
1572,_SFSWK-cdEeet0YmmfbMwkw,CF3,2.4783
1573,_SFSWK-cdEeet0YmmfbMwkw,CF3,2.4783
1574,_SFSWK-cdEeet0YmmfbMwkw,CF3,2.4783
1575,_SFSWK-cdEeet0YmmfbMwkw,CF3,2.4783
1576,_SFSWK-cdEeet0YmmfbMwkw,CF3,2.4783
1577,_SEuUV-cdEeet0YmmfbMwkw,CF1,2.5632
1578,_SEuUV-cdEeet0YmmfbMwkw,CF1,2.5632
1579,_SEuUV-cdEeet0YmmfbMwkw,CF1,2.5632
1580,_SFLAeecdEeet0YmmfbMwkw,CF3,1.8953
1581,_SFLAeecdEeet0YmmfbMwkw,CF3,1.8953
1582,_SFLAeecdEeet0YmmfbMwkw,CF3,1.8953
1583,_SFDsaecdEeet0YmmfbMwkw,CF3,3.1248
1584,_SFDsaecdEeet0YmmfbMwkw,CF3,3.1248
1585,_SFDsaecdEeet0YmmfbMwkw,CF3,3.1248
1586,_SFGvbecdEeet0YmmfbMwkw,CF2,1.8903
1587,_SFGvbecdEeet0YmmfbMwkw,CF2,1.8903
1588,_SFGvbecdEeet0YmmfbMwkw,CF2,1.8903
1589,_SEwwnecdEeet0YmmfbMwkw,CF2,2.3253
1590,_SEwwnecdEeet0YmmfbMwkw,CF2,2.3253
1591,_SEwwnecdEeet0YmmfbMwkw,CF2,2.3253
1592,_SEu7n-cdEeet0YmmfbMwkw,CF1,2.5622
1593,_SEu7n-cdEeet0YmmfbMwkw,CF1,2.5622
1594,_SEu7n-cdEeet0YmmfbMwkw,CF1,2.5622
1595,_SE1Cp-cdEeet0YmmfbMwkw,CF1,2.5552
1596,_SE1Cp-cdEeet0YmmfbMwkw,CF1,2.5552
1597,_SE1Cp-cdEeet0YmmfbMwkw,CF1,2.5552
1598,_SFE6eucdEeet0YmmfbMwkw,CF3,3.1278
1599,_SFE6eucdEeet0YmmfbMwkw,CF3,3.1278
1600,_SFE6eucdEeet0YmmfbMwkw,CF3,3.1278
1601,_SFB3ZucdEeet0YmmfbMwkw,CF2,1.5051
1602,_SFB3ZucdEeet0YmmfbMwkw,CF2,1.5051
1603,_SFB3ZucdEeet0YmmfbMwkw,CF2,1.5051
1604,_SFE52ucdEeet0YmmfbMwkw,CF3,3.1268
1605,_SFE52ucdEeet0YmmfbMwkw,CF3,3.1268
1606,_SFE52ucdEeet0YmmfbMwkw,CF3,3.1268
1607,_SFSVlecdEeet0YmmfbMwkw,CF1,3.1728
1608,_SFSVlecdEeet0YmmfbMwkw,CF1,3.1728
1609,_SFSVlecdEeet0YmmfbMwkw,CF1,3.1728
1610,_SE_bGucdEeet0YmmfbMwkw,CF2,1.4861
1611,_SE_bGucdEeet0YmmfbMwkw,CF2,1.4861
1612,_SE_bGucdEeet0YmmfbMwkw,CF2,1.4861
1613,_SEvi5OcdEeet0YmmfbMwkw,CF3,1.169
1614,_SEvi5OcdEeet0YmmfbMwkw,CF3,1.169
1615,_SEvi5OcdEeet0YmmfbMwkw,CF3,1.169
1616,_SE57Q-cdEeet0YmmfbMwkw,CF1,2.9134
1617,_SE57Q-cdEeet0YmmfbMwkw,CF1,2.9134
1618,_SE57Q-cdEeet0YmmfbMwkw,CF1,2.9134
1619,_SFMQD-cdEeet0YmmfbMwkw,CF2,2.5113
1620,_SFMQD-cdEeet0YmmfbMwkw,CF2,2.5113
1621,_SFMQD-cdEeet0YmmfbMwkw,CF2,2.5113
1622,_SFMQD-cdEeet0YmmfbMwkw,CF2,2.5113
1623,_SFMQD-cdEeet0YmmfbMwkw,CF2,2.5113
1624,_SFMQD-cdEeet0YmmfbMwkw,CF2,2.5113
1625,_SFE6kucdEeet0YmmfbMwkw,CF1,1.71
1626,_SFE6kucdEeet0YmmfbMwkw,CF1,1.71
1627,_SFE6kucdEeet0YmmfbMwkw,CF1,1.71
1628,_SFFhsucdEeet0YmmfbMwkw,CF1,3.1318
1629,_SFFhsucdEeet0YmmfbMwkw,CF1,3.1318
1630,_SFFhsucdEeet0YmmfbMwkw,CF1,3.1318
1631,_SFFhsucdEeet0YmmfbMwkw,CF1,3.1318
1632,_SFFhsucdEeet0YmmfbMwkw,CF1,3.1318
1633,_SFFhsucdEeet0YmmfbMwkw,CF1,3.1318
1634,_SFFhsucdEeet0YmmfbMwkw,CF1,3.1318
1635,_SFFhsucdEeet0YmmfbMwkw,CF1,3.1318
1636,_SFFhsucdEeet0YmmfbMwkw,CF1,3.1318
1637,_SFKZUucdEeet0YmmfbMwkw,CF2,1.2872
1638,_SFKZUucdEeet0YmmfbMwkw,CF2,1.2872
1639,_SFKZUucdEeet0YmmfbMwkw,CF2,1.2872
1640,_SFLBHecdEeet0YmmfbMwkw,CF2,2.4303
1641,_SFLBHecdEeet0YmmfbMwkw,CF2,2.4303
1642,_SFLBHecdEeet0YmmfbMwkw,CF2,2.4303
1643,_SFS9tOcdEeet0YmmfbMwkw,CF3,2.4713
1644,_SFS9tOcdEeet0YmmfbMwkw,CF3,2.4713
1645,_SFNdjecdEeet0YmmfbMwkw,CF1,3.3803
1646,_SFNdjecdEeet0YmmfbMwkw,CF1,3.3803
1647,_SFNdjecdEeet0YmmfbMwkw,CF1,3.3803
1648,_SFS9uucdEeet0YmmfbMwkw,CF3,24.5079
1649,_SFS9uucdEeet0YmmfbMwkw,CF3,24.4409
1650,_SFApIecdEeet0YmmfbMwkw,CF2,2.3463
1651,_SFApIecdEeet0YmmfbMwkw,CF2,2.3463
1652,_SFApIecdEeet0YmmfbMwkw,CF2,2.3463
1653,_SFSW1ecdEeet0YmmfbMwkw,CF3,3.1748
1654,_SFSW1ecdEeet0YmmfbMwkw,CF3,3.1748
1655,_SFJyQucdEeet0YmmfbMwkw,CF2,1.2862
1656,_SFJyQucdEeet0YmmfbMwkw,CF2,1.2862
1657,_SFJyQucdEeet0YmmfbMwkw,CF2,1.2862
1658,_SFDr--cdEeet0YmmfbMwkw,CF2,1.5461
1659,_SFDr--cdEeet0YmmfbMwkw,CF2,1.5461
1660,_SFDr--cdEeet0YmmfbMwkw,CF2,1.5461
1661,_SFDr--cdEeet0YmmfbMwkw,CF2,1.5461
1662,_SFDr--cdEeet0YmmfbMwkw,CF2,1.5461
1663,_SFDr--cdEeet0YmmfbMwkw,CF2,1.5461
1664,_SFFhvucdEeet0YmmfbMwkw,CF3,2.3913
1665,_SFFhvucdEeet0YmmfbMwkw,CF3,2.3913
1666,_SFFhvucdEeet0YmmfbMwkw,CF3,2.3913
1667,_SFACDOcdEeet0YmmfbMwkw,CF2,3.1168
1668,_SFACDOcdEeet0YmmfbMwkw,CF2,3.1168
1669,_SFACDOcdEeet0YmmfbMwkw,CF2,3.1168
1670,_SFLAZ-cdEeet0YmmfbMwkw,CF3,2.4253
1671,_SFLAZ-cdEeet0YmmfbMwkw,CF3,2.4253
1672,_SFLAZ-cdEeet0YmmfbMwkw,CF3,2.4253
1673,_SFJzYecdEeet0YmmfbMwkw,CF1,2.4093
1674,_SFJzYecdEeet0YmmfbMwkw,CF1,2.4093
1675,_SFJzYecdEeet0YmmfbMwkw,CF1,2.4093
1676,_SFJzYecdEeet0YmmfbMwkw,CF1,2.4093
1677,_SFJy5-cdEeet0YmmfbMwkw,CF2,1.5151
1678,_SFJy5-cdEeet0YmmfbMwkw,CF2,1.5151
1679,_SFJy5-cdEeet0YmmfbMwkw,CF2,1.5151
1680,_SFDsdecdEeet0YmmfbMwkw,CF3,2.3763
1681,_SFDsdecdEeet0YmmfbMwkw,CF3,2.3763
1682,_SFDsdecdEeet0YmmfbMwkw,CF3,2.3763
1683,_SFDsdecdEeet0YmmfbMwkw,CF3,2.3763
1684,_SFDsdecdEeet0YmmfbMwkw,CF3,2.3763
1685,_SFS8aOcdEeet0YmmfbMwkw,CF3,3.1688
1686,_SFS8aOcdEeet0YmmfbMwkw,CF3,3.1688
1687,_SFS8aOcdEeet0YmmfbMwkw,CF3,3.1688
1688,_SFS8aOcdEeet0YmmfbMwkw,CF3,3.1688
1689,_SFS8aOcdEeet0YmmfbMwkw,CF3,3.1688
1690,_SFOsE-cdEeet0YmmfbMwkw,CF1,3.1678
1691,_SFOsE-cdEeet0YmmfbMwkw,CF1,3.1678
1692,_SFOsE-cdEeet0YmmfbMwkw,CF1,3.1678
1693,_SE_a9OcdEeet0YmmfbMwkw,CF3,2.3113
1694,_SE_a9OcdEeet0YmmfbMwkw,CF3,2.3113
1695,_SE_a9OcdEeet0YmmfbMwkw,CF3,2.3113
1696,_SFLBKecdEeet0YmmfbMwkw,CF3,1.9681
1697,_SFLBKecdEeet0YmmfbMwkw,CF3,1.9681
1698,_SFLBKecdEeet0YmmfbMwkw,CF3,1.9681
1699,_SFApC-cdEeet0YmmfbMwkw,CF1,2.4963
1700,_SFApC-cdEeet0YmmfbMwkw,CF1,2.4963
1701,_SFApC-cdEeet0YmmfbMwkw,CF1,2.4963
1702,_SFApC-cdEeet0YmmfbMwkw,CF1,2.4963
1703,_SFApC-cdEeet0YmmfbMwkw,CF1,2.4963
1704,_SFApC-cdEeet0YmmfbMwkw,CF1,2.4963
1705,_SFGwBecdEeet0YmmfbMwkw,CF3,3.1358
1706,_SFGwBecdEeet0YmmfbMwkw,CF3,3.1358
1707,_SFGwBecdEeet0YmmfbMwkw,CF3,3.1358
1708,_SEuUcucdEeet0YmmfbMwkw,CF1,1.2772
1709,_SEuUcucdEeet0YmmfbMwkw,CF1,1.2772
1710,_SEuUcucdEeet0YmmfbMwkw,CF1,1.2772
1711,_SEwJt-cdEeet0YmmfbMwkw,CF1,1.8823
1712,_SEwJt-cdEeet0YmmfbMwkw,CF1,1.8823
1713,_SEwJt-cdEeet0YmmfbMwkw,CF1,1.8823
1714,_SFDFV-cdEeet0YmmfbMwkw,CF3,2.3673
1715,_SFDFV-cdEeet0YmmfbMwkw,CF3,2.3673
1716,_SFDFV-cdEeet0YmmfbMwkw,CF3,2.3673
1717,_SE2QWecdEeet0YmmfbMwkw,CF3,2.2853
1718,_SE2QWecdEeet0YmmfbMwkw,CF3,2.2853
1719,_SE2QWecdEeet0YmmfbMwkw,CF3,2.2853
1720,_SFJyOOcdEeet0YmmfbMwkw,CF2,1.5161
1721,_SFJyOOcdEeet0YmmfbMwkw,CF2,1.5161
1722,_SFJyOOcdEeet0YmmfbMwkw,CF2,1.5161
1723,_SE4s9ecdEeet0YmmfbMwkw,CF2,1.3661
1724,_SE4s9ecdEeet0YmmfbMwkw,CF2,1.3661
1725,_SE4s9ecdEeet0YmmfbMwkw,CF2,1.3661
1726,_SFFhqOcdEeet0YmmfbMwkw,CF3,2.3903
1727,_SFFhqOcdEeet0YmmfbMwkw,CF3,2.3903
1728,_SFFhqOcdEeet0YmmfbMwkw,CF3,2.3903
1729,_SE8Xk-cdEeet0YmmfbMwkw,CF1,2.3053
1730,_SE8Xk-cdEeet0YmmfbMwkw,CF1,2.3053
1731,_SE8Xk-cdEeet0YmmfbMwkw,CF1,2.3053
1732,_SFNeOOcdEeet0YmmfbMwkw,CF3,1.9023
1733,_SFNeOOcdEeet0YmmfbMwkw,CF3,1.9023
1734,_SFNeOOcdEeet0YmmfbMwkw,CF3,1.9023
1735,_SE57PecdEeet0YmmfbMwkw,CF3,2.2923
1736,_SE57PecdEeet0YmmfbMwkw,CF3,2.2923
1737,_SE57PecdEeet0YmmfbMwkw,CF3,2.2923
1738,_SFDFeecdEeet0YmmfbMwkw,CF1,1.706
1739,_SFDFeecdEeet0YmmfbMwkw,CF1,1.706
1740,_SFDFeecdEeet0YmmfbMwkw,CF1,1.706
1741,_SFS9JucdEeet0YmmfbMwkw,CF1,1.194
1742,_SFS9JucdEeet0YmmfbMwkw,CF1,1.194
1743,_SFS9JucdEeet0YmmfbMwkw,CF1,1.194
1744,_SFOEtucdEeet0YmmfbMwkw,CF1,1.7269999999999999
1745,_SFOEtucdEeet0YmmfbMwkw,CF1,1.7269999999999999
1746,_SFOEtucdEeet0YmmfbMwkw,CF1,1.7269999999999999
1747,_SE8XCucdEeet0YmmfbMwkw,CF1,1.4821
1748,_SE8XCucdEeet0YmmfbMwkw,CF1,1.4821
1749,_SE8XCucdEeet0YmmfbMwkw,CF1,1.4821
1750,_SFJyq-cdEeet0YmmfbMwkw,CF3,2.4073
1751,_SFJyq-cdEeet0YmmfbMwkw,CF3,2.4073
1752,_SFJyq-cdEeet0YmmfbMwkw,CF3,2.4073
1753,_SFESm-cdEeet0YmmfbMwkw,CF2,1.5491
1754,_SFESm-cdEeet0YmmfbMwkw,CF2,1.5491
1755,_SFESm-cdEeet0YmmfbMwkw,CF2,1.5491
1756,_SFESm-cdEeet0YmmfbMwkw,CF2,1.5491
1757,_SFESm-cdEeet0YmmfbMwkw,CF2,1.5491
1758,_SFESm-cdEeet0YmmfbMwkw,CF2,1.5491
1759,_SFJzfecdEeet0YmmfbMwkw,CF1,1.5171
1760,_SFJzfecdEeet0YmmfbMwkw,CF1,1.5171
1761,_SFJzfecdEeet0YmmfbMwkw,CF1,1.5171
1762,_SE8W3ecdEeet0YmmfbMwkw,CF1,2.3023
1763,_SE8W3ecdEeet0YmmfbMwkw,CF1,2.3023
1764,_SE8W3ecdEeet0YmmfbMwkw,CF1,2.3023
1765,_SFJyKecdEeet0YmmfbMwkw,CF1,3.8362
1766,_SFJyKecdEeet0YmmfbMwkw,CF1,3.8362
1767,_SFJyKecdEeet0YmmfbMwkw,CF1,3.8362
1768,_SFBPgOcdEeet0YmmfbMwkw,CF3,2.3543
1769,_SFBPgOcdEeet0YmmfbMwkw,CF3,2.3543
1770,_SFLAqecdEeet0YmmfbMwkw,CF2,1.3841
1771,_SFLAqecdEeet0YmmfbMwkw,CF2,1.3841
1772,_SFLAqecdEeet0YmmfbMwkw,CF2,1.3841
1773,_SFMQGecdEeet0YmmfbMwkw,CF2,3.1598
1774,_SFMQGecdEeet0YmmfbMwkw,CF2,3.1598
1775,_SFMQGecdEeet0YmmfbMwkw,CF2,3.1598
1776,_SFGuu-cdEeet0YmmfbMwkw,CF1,2.5033
1777,_SFGuu-cdEeet0YmmfbMwkw,CF1,2.5033
1778,_SFGuu-cdEeet0YmmfbMwkw,CF1,2.5033
1779,_SFGuu-cdEeet0YmmfbMwkw,CF1,2.5033
1780,_SFGuu-cdEeet0YmmfbMwkw,CF1,2.5033
1781,_SFGuu-cdEeet0YmmfbMwkw,CF1,2.5033
1782,_SFFh3-cdEeet0YmmfbMwkw,CF1,1.2842
1783,_SFFh3-cdEeet0YmmfbMwkw,CF1,1.2842
1784,_SFFh3-cdEeet0YmmfbMwkw,CF1,1.2842
1785,_SFJy8-cdEeet0YmmfbMwkw,CF2,1.178
1786,_SFJy8-cdEeet0YmmfbMwkw,CF2,1.178
1787,_SFJy8-cdEeet0YmmfbMwkw,CF2,1.178
1788,_SFMPsecdEeet0YmmfbMwkw,CF3,1.3901
1789,_SFMPsecdEeet0YmmfbMwkw,CF3,1.3901
1790,_SFMPsecdEeet0YmmfbMwkw,CF3,1.3901
1791,_SFGwm-cdEeet0YmmfbMwkw,CF3,2.4023
1792,_SFGwm-cdEeet0YmmfbMwkw,CF3,2.4023
1793,_SFGwm-cdEeet0YmmfbMwkw,CF3,2.4023
1794,_SFDE8-cdEeet0YmmfbMwkw,CF2,1.5431
1795,_SFDE8-cdEeet0YmmfbMwkw,CF2,1.5431
1796,_SFDE8-cdEeet0YmmfbMwkw,CF2,1.5431
1797,_SFDE8-cdEeet0YmmfbMwkw,CF2,1.5431
1798,_SFDE8-cdEeet0YmmfbMwkw,CF2,1.5431
1799,_SFDE8-cdEeet0YmmfbMwkw,CF2,1.5431
1800,_SFAogecdEeet0YmmfbMwkw,CF1,2.3443
1801,_SFAogecdEeet0YmmfbMwkw,CF1,2.3443
1802,_SFAogecdEeet0YmmfbMwkw,CF1,2.3443
1803,_SFApEucdEeet0YmmfbMwkw,CF1,3.3753
1804,_SFApEucdEeet0YmmfbMwkw,CF1,3.3753
1805,_SFApEucdEeet0YmmfbMwkw,CF1,3.3753
1806,_SExYNOcdEeet0YmmfbMwkw,CF1,3.1108
1807,_SExYNOcdEeet0YmmfbMwkw,CF1,3.1108
1808,_SE7wGecdEeet0YmmfbMwkw,CF3,2.2983
1809,_SE7wGecdEeet0YmmfbMwkw,CF3,2.2983
1810,_SE7wGecdEeet0YmmfbMwkw,CF3,2.2983
1811,_SEvi2OcdEeet0YmmfbMwkw,CF2,1.4921
1812,_SEvi2OcdEeet0YmmfbMwkw,CF2,1.4921
1813,_SEvi2OcdEeet0YmmfbMwkw,CF2,1.4921
1814,_SE7wJecdEeet0YmmfbMwkw,CF1,1.6869999999999998
1815,_SE7wJecdEeet0YmmfbMwkw,CF1,1.6869999999999998
1816,_SE7wJecdEeet0YmmfbMwkw,CF1,1.6869999999999998
1817,_SEz0XucdEeet0YmmfbMwkw,CF3,15.5564
1818,_SEz0XucdEeet0YmmfbMwkw,CF3,15.4838
1819,_SFCdQOcdEeet0YmmfbMwkw,CF3,1.173
1820,_SFCdQOcdEeet0YmmfbMwkw,CF3,1.173
1821,_SFCdQOcdEeet0YmmfbMwkw,CF3,1.173
1822,_SEzNE-cdEeet0YmmfbMwkw,CF1,2.5692
1823,_SEzNE-cdEeet0YmmfbMwkw,CF1,2.5692
1824,_SEzNE-cdEeet0YmmfbMwkw,CF1,2.5692
1825,_SFOEnucdEeet0YmmfbMwkw,CF3,3.1638
1826,_SFOEnucdEeet0YmmfbMwkw,CF3,3.1638
1827,_SFKZ_ecdEeet0YmmfbMwkw,CF2,1.3821
1828,_SFKZ_ecdEeet0YmmfbMwkw,CF2,1.3821
1829,_SFKZ_ecdEeet0YmmfbMwkw,CF2,1.3821
1830,_SFKZxecdEeet0YmmfbMwkw,CF3,3.1458
1831,_SFKZxecdEeet0YmmfbMwkw,CF3,3.1458
1832,_SFKZxecdEeet0YmmfbMwkw,CF3,3.1458
1833,_SFGItOcdEeet0YmmfbMwkw,CF3,1.7169999999999999
1834,_SFGItOcdEeet0YmmfbMwkw,CF3,1.7169999999999999
1835,_SFGItOcdEeet0YmmfbMwkw,CF3,1.7169999999999999
1836,_SE89uecdEeet0YmmfbMwkw,CF2,1.4811
1837,_SE89uecdEeet0YmmfbMwkw,CF2,1.4811
1838,_SE89uecdEeet0YmmfbMwkw,CF2,1.4811
1839,_SE8-s-cdEeet0YmmfbMwkw,CF1,2.4873
1840,_SE8-s-cdEeet0YmmfbMwkw,CF1,2.4873
1841,_SE8-s-cdEeet0YmmfbMwkw,CF1,2.4873
1842,_SE8-s-cdEeet0YmmfbMwkw,CF1,2.4873
1843,_SE8-s-cdEeet0YmmfbMwkw,CF1,2.4873
1844,_SE8-s-cdEeet0YmmfbMwkw,CF1,2.4873
1845,_SFGu3ecdEeet0YmmfbMwkw,CF1,1.7180000000000002
1846,_SFGu3ecdEeet0YmmfbMwkw,CF1,1.7180000000000002
1847,_SFGu3ecdEeet0YmmfbMwkw,CF1,1.7180000000000002
1848,_SE-Ml-cdEeet0YmmfbMwkw,CF3,26.2645
1849,_SE-Ml-cdEeet0YmmfbMwkw,CF3,26.2645
1850,_SE-Ml-cdEeet0YmmfbMwkw,CF3,26.2645
1851,_SE7vpecdEeet0YmmfbMwkw,CF2,1.3691
1852,_SE7vpecdEeet0YmmfbMwkw,CF2,1.3691
1853,_SE7vpecdEeet0YmmfbMwkw,CF2,1.3691
1854,_SFSWNecdEeet0YmmfbMwkw,CF3,3.1758
1855,_SFSWNecdEeet0YmmfbMwkw,CF3,3.1758
1856,_SFKZG-cdEeet0YmmfbMwkw,CF3,2.4133
1857,_SFKZG-cdEeet0YmmfbMwkw,CF3,2.4133
1858,_SFKZG-cdEeet0YmmfbMwkw,CF3,2.4133
1859,_SE8Xm-cdEeet0YmmfbMwkw,CF1,3.8222
1860,_SE8Xm-cdEeet0YmmfbMwkw,CF1,3.8222
1861,_SE8Xm-cdEeet0YmmfbMwkw,CF1,3.8222
1862,_SE8Xm-cdEeet0YmmfbMwkw,CF1,3.8222
1863,_SEtGI-cdEeet0YmmfbMwkw,CF3,1.4261
1864,_SEtGI-cdEeet0YmmfbMwkw,CF3,1.4261
1865,_SFE6cOcdEeet0YmmfbMwkw,CF1,2.4993
1866,_SFE6cOcdEeet0YmmfbMwkw,CF1,2.4993
1867,_SFE6cOcdEeet0YmmfbMwkw,CF1,2.4993
1868,_SFE6cOcdEeet0YmmfbMwkw,CF1,2.4993
1869,_SFE6cOcdEeet0YmmfbMwkw,CF1,2.4993
1870,_SFE6cOcdEeet0YmmfbMwkw,CF1,2.4993
1871,_SFE6cOcdEeet0YmmfbMwkw,CF1,2.4993
1872,_SFE6cOcdEeet0YmmfbMwkw,CF1,2.4993
1873,_SFE6cOcdEeet0YmmfbMwkw,CF1,2.4993
1874,_SFE6cOcdEeet0YmmfbMwkw,CF1,2.4993
1875,_SFSW7ecdEeet0YmmfbMwkw,CF2,1.729
1876,_SFSW7ecdEeet0YmmfbMwkw,CF2,1.729
1877,_SFSW7ecdEeet0YmmfbMwkw,CF2,1.729
1878,_SFFhEucdEeet0YmmfbMwkw,CF1,3.1298
1879,_SFFhEucdEeet0YmmfbMwkw,CF1,3.1298
1880,_SFFhEucdEeet0YmmfbMwkw,CF1,3.1298
1881,_SFM2h-cdEeet0YmmfbMwkw,CF3,1.3881
1882,_SFM2h-cdEeet0YmmfbMwkw,CF3,1.3881
1883,_SFM2h-cdEeet0YmmfbMwkw,CF3,1.3881
1884,_SEwJpecdEeet0YmmfbMwkw,CF2,2.3223
1885,_SEwJpecdEeet0YmmfbMwkw,CF2,2.3223
1886,_SEwJpecdEeet0YmmfbMwkw,CF2,2.3223
1887,_SFLAo-cdEeet0YmmfbMwkw,CF2,1.5231
1888,_SFLAo-cdEeet0YmmfbMwkw,CF2,1.5231
1889,_SFLAo-cdEeet0YmmfbMwkw,CF2,1.5231
1890,_SFDse-cdEeet0YmmfbMwkw,CF3,15.7411
1891,_SFDse-cdEeet0YmmfbMwkw,CF3,15.6741
1892,_SFDse-cdEeet0YmmfbMwkw,CF3,15.7991
1893,_SFDse-cdEeet0YmmfbMwkw,CF3,15.7991
1894,_SFDse-cdEeet0YmmfbMwkw,CF3,15.7991
1895,_SE4F5ecdEeet0YmmfbMwkw,CF2,3.0998
1896,_SE4F5ecdEeet0YmmfbMwkw,CF2,3.0998
1897,_SE4F5ecdEeet0YmmfbMwkw,CF2,3.0998
1898,_SFJzS-cdEeet0YmmfbMwkw,CF3,2.4083
1899,_SFJzS-cdEeet0YmmfbMwkw,CF3,2.4083
1900,_SFJzS-cdEeet0YmmfbMwkw,CF3,2.4083
1901,_SFOE0OcdEeet0YmmfbMwkw,CF2,1.5341
1902,_SFOE0OcdEeet0YmmfbMwkw,CF2,1.5341
1903,_SFOE0OcdEeet0YmmfbMwkw,CF2,1.5341
1904,_SE7ItecdEeet0YmmfbMwkw,CF3,2.9154
1905,_SE7ItecdEeet0YmmfbMwkw,CF3,2.9154
1906,_SE7ItecdEeet0YmmfbMwkw,CF3,2.9154
1907,_SFLoF-cdEeet0YmmfbMwkw,CF1,1.5251
1908,_SFLoF-cdEeet0YmmfbMwkw,CF1,1.5251
1909,_SFLoF-cdEeet0YmmfbMwkw,CF1,1.5251
1910,_SEu7oecdEeet0YmmfbMwkw,CF1,9.2279
1911,_SEu7oecdEeet0YmmfbMwkw,CF1,9.2279
1912,_SEu7oecdEeet0YmmfbMwkw,CF1,9.2279
1913,_SFJy7ecdEeet0YmmfbMwkw,CF2,1.3791
1914,_SFJy7ecdEeet0YmmfbMwkw,CF2,1.3791
1915,_SFJy7ecdEeet0YmmfbMwkw,CF2,1.3791
1916,_SFOEm-cdEeet0YmmfbMwkw,CF3,11.4313
1917,_SFOEm-cdEeet0YmmfbMwkw,CF3,11.3521
1918,_SFOEm-cdEeet0YmmfbMwkw,CF3,11.3521
1919,_SFOEm-cdEeet0YmmfbMwkw,CF3,11.3521
1920,_SFOEm-cdEeet0YmmfbMwkw,CF3,11.3521
1921,_SFAodecdEeet0YmmfbMwkw,CF2,3.1178
1922,_SFAodecdEeet0YmmfbMwkw,CF2,3.1178
1923,_SFAodecdEeet0YmmfbMwkw,CF2,3.1178
1924,_SFAodecdEeet0YmmfbMwkw,CF2,3.1178
1925,_SFAodecdEeet0YmmfbMwkw,CF2,3.1178
1926,_SFAodecdEeet0YmmfbMwkw,CF2,3.1178
1927,_SFAodecdEeet0YmmfbMwkw,CF2,3.1178
1928,_SFAodecdEeet0YmmfbMwkw,CF2,3.1178
1929,_SFAodecdEeet0YmmfbMwkw,CF2,3.1178
1930,_SFGIzucdEeet0YmmfbMwkw,CF2,1.5531
1931,_SFGIzucdEeet0YmmfbMwkw,CF2,1.5531
1932,_SFGIzucdEeet0YmmfbMwkw,CF2,1.5531
1933,_SFGIzucdEeet0YmmfbMwkw,CF2,1.5531
1934,_SFGIzucdEeet0YmmfbMwkw,CF2,1.5531
1935,_SFGIzucdEeet0YmmfbMwkw,CF2,1.5531
1936,_SFB3TOcdEeet0YmmfbMwkw,CF1,1.7009999999999998
1937,_SFB3TOcdEeet0YmmfbMwkw,CF1,1.7009999999999998
1938,_SFB3TOcdEeet0YmmfbMwkw,CF1,1.7009999999999998
1939,_SFGI4OcdEeet0YmmfbMwkw,CF2,1.6212
1940,_SFGI4OcdEeet0YmmfbMwkw,CF2,1.6212
1941,_SFGI4OcdEeet0YmmfbMwkw,CF2,1.6212
1942,_SE-Me-cdEeet0YmmfbMwkw,CF1,2.2743
1943,_SE-Me-cdEeet0YmmfbMwkw,CF1,2.2743
1944,_SE-Me-cdEeet0YmmfbMwkw,CF1,2.2743
1945,_SE_a_OcdEeet0YmmfbMwkw,CF2,3.8252
1946,_SE_a_OcdEeet0YmmfbMwkw,CF2,3.8252
1947,_SE_a_OcdEeet0YmmfbMwkw,CF2,3.8252
1948,_SE_a_OcdEeet0YmmfbMwkw,CF2,3.8252
1949,_SE_a_OcdEeet0YmmfbMwkw,CF2,3.8252
1950,_SFS9qOcdEeet0YmmfbMwkw,CF3,3.1708
1951,_SFS9qOcdEeet0YmmfbMwkw,CF3,3.1708
1952,_SFS9qOcdEeet0YmmfbMwkw,CF3,3.1708
1953,_SFDEt-cdEeet0YmmfbMwkw,CF1,2.3633
1954,_SFDEt-cdEeet0YmmfbMwkw,CF1,2.3633
1955,_SFDEt-cdEeet0YmmfbMwkw,CF1,2.3633
1956,_SE5T3OcdEeet0YmmfbMwkw,CF2,1.3681
1957,_SE5T3OcdEeet0YmmfbMwkw,CF2,1.3681
1958,_SE5T3OcdEeet0YmmfbMwkw,CF2,1.3681
1959,_SFM2TOcdEeet0YmmfbMwkw,CF1,3.3783
1960,_SFM2TOcdEeet0YmmfbMwkw,CF1,3.3783
1961,_SFM2TOcdEeet0YmmfbMwkw,CF1,3.3783
1962,_SE-zGucdEeet0YmmfbMwkw,CF1,2.2783
1963,_SE-zGucdEeet0YmmfbMwkw,CF1,2.2783
1964,_SE-zGucdEeet0YmmfbMwkw,CF1,2.2783
1965,_SFMOTecdEeet0YmmfbMwkw,CF2,3.8492
1966,_SFMOTecdEeet0YmmfbMwkw,CF2,3.8492
1967,_SFMOTecdEeet0YmmfbMwkw,CF2,3.8492
1968,_SFMOTecdEeet0YmmfbMwkw,CF2,3.8492
1969,_SFGwpecdEeet0YmmfbMwkw,CF3,3.1368
1970,_SFGwpecdEeet0YmmfbMwkw,CF3,3.1368
1971,_SFGwpecdEeet0YmmfbMwkw,CF3,3.1368
1972,_SFOEwecdEeet0YmmfbMwkw,CF1,1.5371
1973,_SFOEwecdEeet0YmmfbMwkw,CF1,1.5371
1974,_SFOEwecdEeet0YmmfbMwkw,CF1,1.5371
1975,_SEzM_ucdEeet0YmmfbMwkw,CF3,3.3743
1976,_SEzM_ucdEeet0YmmfbMwkw,CF3,3.3743
1977,_SEzM_ucdEeet0YmmfbMwkw,CF3,3.3743
1978,_SFLn8ecdEeet0YmmfbMwkw,CF1,2.4343
1979,_SFLn8ecdEeet0YmmfbMwkw,CF1,2.4343
1980,_SFLn8ecdEeet0YmmfbMwkw,CF1,2.4343
1981,_SE23vucdEeet0YmmfbMwkw,CF1,1.5391
1982,_SE23vucdEeet0YmmfbMwkw,CF1,1.5391
1983,_SE23vucdEeet0YmmfbMwkw,CF1,1.5391
1984,_SE23vucdEeet0YmmfbMwkw,CF1,1.5391
1985,_SE23vucdEeet0YmmfbMwkw,CF1,1.5391
1986,_SE23vucdEeet0YmmfbMwkw,CF1,1.5391
1987,_SFE6DOcdEeet0YmmfbMwkw,CF2,1.5481
1988,_SFE6DOcdEeet0YmmfbMwkw,CF2,1.5481
1989,_SFE6DOcdEeet0YmmfbMwkw,CF2,1.5481
1990,_SFE6DOcdEeet0YmmfbMwkw,CF2,1.5481
1991,_SFE6DOcdEeet0YmmfbMwkw,CF2,1.5481
1992,_SFE6DOcdEeet0YmmfbMwkw,CF2,1.5481
1993,_SFLBuecdEeet0YmmfbMwkw,CF3,1.8963
1994,_SFLBuecdEeet0YmmfbMwkw,CF3,1.8963
1995,_SFLBuecdEeet0YmmfbMwkw,CF3,1.8963
1996,_SFMOxecdEeet0YmmfbMwkw,CF2,2.4413
1997,_SFMOxecdEeet0YmmfbMwkw,CF2,2.4413
1998,_SFMOxecdEeet0YmmfbMwkw,CF2,2.4413
1999,_SFMOxecdEeet0YmmfbMwkw,CF2,2.4413
2000,_SFOEqucdEeet0YmmfbMwkw,CF3,2.4563
2001,_SFOEqucdEeet0YmmfbMwkw,CF3,2.4563
2002,_SEuUaOcdEeet0YmmfbMwkw,CF1,1.4901
2003,_SEuUaOcdEeet0YmmfbMwkw,CF1,1.4901
2004,_SEuUaOcdEeet0YmmfbMwkw,CF1,1.4901
2005,_SFETTecdEeet0YmmfbMwkw,CF2,1.6172
2006,_SFETTecdEeet0YmmfbMwkw,CF2,1.6172
2007,_SFETTecdEeet0YmmfbMwkw,CF2,1.6172
2008,_SE-z0OcdEeet0YmmfbMwkw,CF1,2.2753
2009,_SE-z0OcdEeet0YmmfbMwkw,CF1,2.2753
2010,_SE-z0OcdEeet0YmmfbMwkw,CF1,2.2753
2011,_SFM2YecdEeet0YmmfbMwkw,CF2,2.5862
2012,_SFM2YecdEeet0YmmfbMwkw,CF2,2.5862
2013,_SFM2YecdEeet0YmmfbMwkw,CF2,2.5862
2014,_SFM2YecdEeet0YmmfbMwkw,CF2,2.5862
2015,_SFM2YecdEeet0YmmfbMwkw,CF2,2.5862
2016,_SFM2YecdEeet0YmmfbMwkw,CF2,2.5862
2017,_SFJLBecdEeet0YmmfbMwkw,CF3,3.1388
2018,_SFJLBecdEeet0YmmfbMwkw,CF3,3.1388
2019,_SFJLBecdEeet0YmmfbMwkw,CF3,3.1388
2020,_SFABnucdEeet0YmmfbMwkw,CF2,1.4991
2021,_SFABnucdEeet0YmmfbMwkw,CF2,1.4991
2022,_SFABnucdEeet0YmmfbMwkw,CF2,1.4991
2023,_SFFhKucdEeet0YmmfbMwkw,CF1,1.713
2024,_SFFhKucdEeet0YmmfbMwkw,CF1,1.713
2025,_SFFhKucdEeet0YmmfbMwkw,CF1,1.713
2026,_SFKaZecdEeet0YmmfbMwkw,CF3,3.1468
2027,_SFKaZecdEeet0YmmfbMwkw,CF3,3.1468
2028,_SFKaZecdEeet0YmmfbMwkw,CF3,3.1468
2029,_SE_aVOcdEeet0YmmfbMwkw,CF3,2.3133
2030,_SE_aVOcdEeet0YmmfbMwkw,CF3,2.3133
2031,_SE_aVOcdEeet0YmmfbMwkw,CF3,2.3133
2032,_SFGHoOcdEeet0YmmfbMwkw,CF2,1.6202
2033,_SFGHoOcdEeet0YmmfbMwkw,CF2,1.6202
2034,_SFGHoOcdEeet0YmmfbMwkw,CF2,1.6202
2035,_SE3equcdEeet0YmmfbMwkw,CF2,1.7502
2036,_SE3equcdEeet0YmmfbMwkw,CF2,1.7502
2037,_SE3equcdEeet0YmmfbMwkw,CF2,1.7502
2038,_SE4sVecdEeet0YmmfbMwkw,CF2,1.3671
2039,_SE4sVecdEeet0YmmfbMwkw,CF2,1.3671
2040,_SE4sVecdEeet0YmmfbMwkw,CF2,1.3671
2041,_SFB2qOcdEeet0YmmfbMwkw,CF3,27.2353
2042,_SFB2qOcdEeet0YmmfbMwkw,CF3,27.1627
2043,_SFGIqOcdEeet0YmmfbMwkw,CF1,2.3943
2044,_SFGIqOcdEeet0YmmfbMwkw,CF1,2.3943
2045,_SFGIqOcdEeet0YmmfbMwkw,CF1,2.3943
2046,_SFGIqOcdEeet0YmmfbMwkw,CF1,2.3943
2047,_SFETO-cdEeet0YmmfbMwkw,CF2,1.5501
2048,_SFETO-cdEeet0YmmfbMwkw,CF2,1.5501
2049,_SFETO-cdEeet0YmmfbMwkw,CF2,1.5501
2050,_SFETO-cdEeet0YmmfbMwkw,CF2,1.5501
2051,_SFETO-cdEeet0YmmfbMwkw,CF2,1.5501
2052,_SFETO-cdEeet0YmmfbMwkw,CF2,1.5501
2053,_SFJzXecdEeet0YmmfbMwkw,CF1,1.8923
2054,_SFJzXecdEeet0YmmfbMwkw,CF1,1.8923
2055,_SFJzXecdEeet0YmmfbMwkw,CF1,1.8923
2056,_SFJzXecdEeet0YmmfbMwkw,CF1,1.8923
2057,_SFJzXecdEeet0YmmfbMwkw,CF1,1.8923
2058,_SFJzXecdEeet0YmmfbMwkw,CF1,1.8923
2059,_SE4FUecdEeet0YmmfbMwkw,CF2,2.2883
2060,_SE4FUecdEeet0YmmfbMwkw,CF2,2.2883
2061,_SE4FUecdEeet0YmmfbMwkw,CF2,2.2883
2062,_SFLn2-cdEeet0YmmfbMwkw,CF1,2.4333
2063,_SFLn2-cdEeet0YmmfbMwkw,CF1,2.4333
2064,_SFLn2-cdEeet0YmmfbMwkw,CF1,2.4333
2065,_SFLnTecdEeet0YmmfbMwkw,CF2,1.8983
2066,_SFLnTecdEeet0YmmfbMwkw,CF2,1.8983
2067,_SFLnTecdEeet0YmmfbMwkw,CF2,1.8983
2068,_SFLnTecdEeet0YmmfbMwkw,CF2,1.8983
2069,_SEu7n-cdEeet0YmmfbMwkw,CF2,2.9174
2070,_SEu7n-cdEeet0YmmfbMwkw,CF2,2.9174
2071,_SEu7n-cdEeet0YmmfbMwkw,CF2,2.9174
2072,_SFACROcdEeet0YmmfbMwkw,CF3,1.3751
2073,_SFACROcdEeet0YmmfbMwkw,CF3,1.3751
2074,_SFACROcdEeet0YmmfbMwkw,CF3,1.3751
2075,_SFS9GucdEeet0YmmfbMwkw,CF3,21.7928
2076,_SFS9GucdEeet0YmmfbMwkw,CF3,21.7348
2077,_SEymGucdEeet0YmmfbMwkw,CF3,2.3343
2078,_SEymGucdEeet0YmmfbMwkw,CF3,2.3343
2079,_SFKacecdEeet0YmmfbMwkw,CF1,2.4203
2080,_SFKacecdEeet0YmmfbMwkw,CF1,2.4203
2081,_SFKacecdEeet0YmmfbMwkw,CF1,2.4203
2082,_SFLB6ecdEeet0YmmfbMwkw,CF1,1.3851
2083,_SFLB6ecdEeet0YmmfbMwkw,CF1,1.3851
2084,_SFLB6ecdEeet0YmmfbMwkw,CF1,1.3851
2085,_SFOFVucdEeet0YmmfbMwkw,CF1,1.7280000000000002
2086,_SFOFVucdEeet0YmmfbMwkw,CF1,1.7280000000000002
2087,_SFOFVucdEeet0YmmfbMwkw,CF1,1.7280000000000002
2088,_SFLAbucdEeet0YmmfbMwkw,CF3,3.5985
2089,_SFLAbucdEeet0YmmfbMwkw,CF3,3.5985
2090,_SFLAbucdEeet0YmmfbMwkw,CF3,3.5985
2091,_SFNdqOcdEeet0YmmfbMwkw,CF1,1.724
2092,_SFNdqOcdEeet0YmmfbMwkw,CF1,1.724
2093,_SFNdqOcdEeet0YmmfbMwkw,CF1,1.724
2094,_SFOrf-cdEeet0YmmfbMwkw,CF1,2.4613
2095,_SFOrf-cdEeet0YmmfbMwkw,CF1,2.4613
2096,_SFOrf-cdEeet0YmmfbMwkw,CF1,2.4613
2097,_SFDEwecdEeet0YmmfbMwkw,CF3,3.1218
2098,_SFDEwecdEeet0YmmfbMwkw,CF3,3.1218
2099,_SFDEwecdEeet0YmmfbMwkw,CF3,3.1218
2100,_SFDEwecdEeet0YmmfbMwkw,CF3,3.1218
2101,_SFDEwecdEeet0YmmfbMwkw,CF3,3.1218
2102,_SE3eaOcdEeet0YmmfbMwkw,CF3,2.2863
2103,_SE3eaOcdEeet0YmmfbMwkw,CF3,2.2863
2104,_SE3eaOcdEeet0YmmfbMwkw,CF3,2.2863
2105,_SFNdpOcdEeet0YmmfbMwkw,CF3,3.8532
2106,_SFNdpOcdEeet0YmmfbMwkw,CF3,3.8532
2107,_SFMPnOcdEeet0YmmfbMwkw,CF1,1.5281
2108,_SFMPnOcdEeet0YmmfbMwkw,CF1,1.5281
2109,_SFMPnOcdEeet0YmmfbMwkw,CF1,1.5281
2110,_SFApR-cdEeet0YmmfbMwkw,CF3,1.5041
2111,_SFApR-cdEeet0YmmfbMwkw,CF3,1.5041
2112,_SFApR-cdEeet0YmmfbMwkw,CF3,1.5041
2113,_SFACAucdEeet0YmmfbMwkw,CF1,2.3423
2114,_SFACAucdEeet0YmmfbMwkw,CF1,2.3423
2115,_SFACAucdEeet0YmmfbMwkw,CF1,2.3423
2116,_SEu7iucdEeet0YmmfbMwkw,CF3,31.3983
2117,_SEu7iucdEeet0YmmfbMwkw,CF3,31.3314
2118,_SEu7iucdEeet0YmmfbMwkw,CF3,31.2522
2119,_SEu7iucdEeet0YmmfbMwkw,CF3,31.2522
2120,_SEu7iucdEeet0YmmfbMwkw,CF3,31.2522
2121,_SEu7jecdEeet0YmmfbMwkw,CF1,3.1038
2122,_SEu7jecdEeet0YmmfbMwkw,CF1,3.1038
2123,_SEu7jecdEeet0YmmfbMwkw,CF1,3.1038
2124,_SFGwkecdEeet0YmmfbMwkw,CF1,2.5043
2125,_SFGwkecdEeet0YmmfbMwkw,CF1,2.5043
2126,_SFGwkecdEeet0YmmfbMwkw,CF1,2.5043
2127,_SFGwkecdEeet0YmmfbMwkw,CF1,2.5043
2128,_SFGwkecdEeet0YmmfbMwkw,CF1,2.5043
2129,_SFGwkecdEeet0YmmfbMwkw,CF1,2.5043
2130,_SFKZ4-cdEeet0YmmfbMwkw,CF1,1.181
2131,_SFKZ4-cdEeet0YmmfbMwkw,CF1,1.181
2132,_SFKZ4-cdEeet0YmmfbMwkw,CF1,1.181
2133,_SFLAmecdEeet0YmmfbMwkw,CF3,1.5221
2134,_SFLAmecdEeet0YmmfbMwkw,CF3,1.5221
2135,_SFLAmecdEeet0YmmfbMwkw,CF3,1.5221
2136,_SEtGGecdEeet0YmmfbMwkw,CF3,3.8262
2137,_SEtGGecdEeet0YmmfbMwkw,CF3,3.8262
2138,_SFDryecdEeet0YmmfbMwkw,CF3,3.1238
2139,_SFDryecdEeet0YmmfbMwkw,CF3,3.1238
2140,_SFDryecdEeet0YmmfbMwkw,CF3,3.1238
2141,_SFDryecdEeet0YmmfbMwkw,CF3,3.1238
2142,_SFS8eucdEeet0YmmfbMwkw,CF3,3.3112
2143,_SFS8eucdEeet0YmmfbMwkw,CF3,3.3112
2144,_SFLB7-cdEeet0YmmfbMwkw,CF3,1.189
2145,_SFLB7-cdEeet0YmmfbMwkw,CF3,1.189
2146,_SFLB7-cdEeet0YmmfbMwkw,CF3,1.189
2147,_SE8-E-cdEeet0YmmfbMwkw,CF1,2.2993
2148,_SE8-E-cdEeet0YmmfbMwkw,CF1,2.2993
2149,_SE8-E-cdEeet0YmmfbMwkw,CF1,2.2993
2150,_SE8-E-cdEeet0YmmfbMwkw,CF1,2.2993
2151,_SE8XH-cdEeet0YmmfbMwkw,CF2,1.3711
2152,_SE8XH-cdEeet0YmmfbMwkw,CF2,1.3711
2153,_SE8XH-cdEeet0YmmfbMwkw,CF2,1.3711
2154,_SFJzmecdEeet0YmmfbMwkw,CF2,1.6282
2155,_SFJzmecdEeet0YmmfbMwkw,CF2,1.6282
2156,_SFJzmecdEeet0YmmfbMwkw,CF2,1.6282
2157,_SFJyFecdEeet0YmmfbMwkw,CF3,3.1408
2158,_SFJyFecdEeet0YmmfbMwkw,CF3,3.1408
2159,_SFJyFecdEeet0YmmfbMwkw,CF3,3.1408
2160,_SFHV7OcdEeet0YmmfbMwkw,CF2,1.2852
2161,_SFHV7OcdEeet0YmmfbMwkw,CF2,1.2852
2162,_SFHV7OcdEeet0YmmfbMwkw,CF2,1.2852
2163,_SFKag-cdEeet0YmmfbMwkw,CF3,1.185
2164,_SFKag-cdEeet0YmmfbMwkw,CF3,1.185
2165,_SFKag-cdEeet0YmmfbMwkw,CF3,1.185
2166,_SFJytecdEeet0YmmfbMwkw,CF1,3.1418
2167,_SFJytecdEeet0YmmfbMwkw,CF1,3.1418
2168,_SFJytecdEeet0YmmfbMwkw,CF1,3.1418
2169,_SFJytecdEeet0YmmfbMwkw,CF1,3.1418
2170,_SFJytecdEeet0YmmfbMwkw,CF1,3.1418
2171,_SFJytecdEeet0YmmfbMwkw,CF1,3.1418
2172,_SFM29-cdEeet0YmmfbMwkw,CF2,1.8993
2173,_SFM29-cdEeet0YmmfbMwkw,CF2,1.8993
2174,_SFM29-cdEeet0YmmfbMwkw,CF2,1.8993
2175,_SFM29-cdEeet0YmmfbMwkw,CF2,1.8993
2176,_SFM29-cdEeet0YmmfbMwkw,CF2,1.8993
2177,_SFM29-cdEeet0YmmfbMwkw,CF2,1.8993
2178,_SFKafecdEeet0YmmfbMwkw,CF3,1.9671
2179,_SFKafecdEeet0YmmfbMwkw,CF3,1.9671
2180,_SFKafecdEeet0YmmfbMwkw,CF3,1.9671
2181,_SFGICOcdEeet0YmmfbMwkw,CF3,2.3933
2182,_SFGICOcdEeet0YmmfbMwkw,CF3,2.3933
2183,_SFGICOcdEeet0YmmfbMwkw,CF3,2.3933
2184,_SFJzc-cdEeet0YmmfbMwkw,CF3,1.18
2185,_SFJzc-cdEeet0YmmfbMwkw,CF3,1.18
2186,_SFJzc-cdEeet0YmmfbMwkw,CF3,1.18
2187,_SFES_-cdEeet0YmmfbMwkw,CF1,2.3833
2188,_SFES_-cdEeet0YmmfbMwkw,CF1,2.3833
2189,_SFES_-cdEeet0YmmfbMwkw,CF1,2.3833
2190,_SFETCecdEeet0YmmfbMwkw,CF3,3.1288
2191,_SFETCecdEeet0YmmfbMwkw,CF3,3.1288
2192,_SFETCecdEeet0YmmfbMwkw,CF3,3.1288
2193,_SExYKucdEeet0YmmfbMwkw,CF3,2.3313
2194,_SExYKucdEeet0YmmfbMwkw,CF3,2.3313
2195,_SExYKucdEeet0YmmfbMwkw,CF3,2.3313
2196,_SExYKucdEeet0YmmfbMwkw,CF3,2.3313
2197,_SE8-P-cdEeet0YmmfbMwkw,CF1,1.6880000000000002
2198,_SE8-P-cdEeet0YmmfbMwkw,CF1,1.6880000000000002
2199,_SE8-P-cdEeet0YmmfbMwkw,CF1,1.6880000000000002
2200,_SFGH_OcdEeet0YmmfbMwkw,CF1,3.1328
2201,_SFGH_OcdEeet0YmmfbMwkw,CF1,3.1328
2202,_SFGH_OcdEeet0YmmfbMwkw,CF1,3.1328
2203,_SFGH_OcdEeet0YmmfbMwkw,CF1,3.1328
2204,_SFGH_OcdEeet0YmmfbMwkw,CF1,3.1328
2205,_SFGH_OcdEeet0YmmfbMwkw,CF1,3.1328
2206,_SFSU9ecdEeet0YmmfbMwkw,CF1,3.1718
2207,_SFSU9ecdEeet0YmmfbMwkw,CF1,3.1718
2208,_SFSU9ecdEeet0YmmfbMwkw,CF1,3.1718
2209,_SFCduucdEeet0YmmfbMwkw,CF1,1.703
2210,_SFCduucdEeet0YmmfbMwkw,CF1,1.703
2211,_SFCduucdEeet0YmmfbMwkw,CF1,1.703
2212,_SFKZ2ecdEeet0YmmfbMwkw,CF1,3.8372
2213,_SFKZ2ecdEeet0YmmfbMwkw,CF1,3.8372
2214,_SE8XJecdEeet0YmmfbMwkw,CF1,1.166
2215,_SE8XJecdEeet0YmmfbMwkw,CF1,1.166
2216,_SE8XJecdEeet0YmmfbMwkw,CF1,1.166
2217,_SE-L5ecdEeet0YmmfbMwkw,CF1,3.0928
2218,_SE-L5ecdEeet0YmmfbMwkw,CF1,3.0928
2219,_SE-L5ecdEeet0YmmfbMwkw,CF1,3.0928
2220,_SE-L5ecdEeet0YmmfbMwkw,CF1,3.0928
2221,_SE-L5ecdEeet0YmmfbMwkw,CF1,3.0928
2222,_SE-L5ecdEeet0YmmfbMwkw,CF1,3.0928
2223,_SE-L5ecdEeet0YmmfbMwkw,CF1,3.0928
2224,_SE-L5ecdEeet0YmmfbMwkw,CF1,3.0928
2225,_SE-L5ecdEeet0YmmfbMwkw,CF1,3.0928
2226,_SFLAXecdEeet0YmmfbMwkw,CF1,2.4223
2227,_SFLAXecdEeet0YmmfbMwkw,CF1,2.4223
2228,_SFNdAucdEeet0YmmfbMwkw,CF2,2.9204
2229,_SFNdAucdEeet0YmmfbMwkw,CF2,2.9204
2230,_SFNdAucdEeet0YmmfbMwkw,CF2,2.9204
2231,_SFNdAucdEeet0YmmfbMwkw,CF2,2.9204
2232,_SFNdAucdEeet0YmmfbMwkw,CF2,2.9204
2233,_SFOroOcdEeet0YmmfbMwkw,CF2,1.2922
2234,_SFOroOcdEeet0YmmfbMwkw,CF2,1.2922
2235,_SFOroOcdEeet0YmmfbMwkw,CF2,1.2922
2236,_SFJzjecdEeet0YmmfbMwkw,CF2,1.3801
2237,_SFJzjecdEeet0YmmfbMwkw,CF2,1.3801
2238,_SFJzjecdEeet0YmmfbMwkw,CF2,1.3801
2239,_SFLBHecdEeet0YmmfbMwkw,CF3,2.4313
2240,_SFLBHecdEeet0YmmfbMwkw,CF3,2.4313
2241,_SFLBHecdEeet0YmmfbMwkw,CF3,2.4313
2242,_SFGu1-cdEeet0YmmfbMwkw,CF1,2.5742
2243,_SFGu1-cdEeet0YmmfbMwkw,CF1,2.5742
2244,_SFGu1-cdEeet0YmmfbMwkw,CF1,2.5742
2245,_SFGu1-cdEeet0YmmfbMwkw,CF1,2.5742
2246,_SFOFRucdEeet0YmmfbMwkw,CF3,2.6165
2247,_SFOFRucdEeet0YmmfbMwkw,CF3,2.6165
2248,_SFGwSecdEeet0YmmfbMwkw,CF2,1.6252
2249,_SFGwSecdEeet0YmmfbMwkw,CF2,1.6252
2250,_SFGwSecdEeet0YmmfbMwkw,CF2,1.6252
2251,_SE-zuucdEeet0YmmfbMwkw,CF1,2.2823
2252,_SE-zuucdEeet0YmmfbMwkw,CF1,2.2823
2253,_SE-zuucdEeet0YmmfbMwkw,CF1,2.2823
2254,_SFJK--cdEeet0YmmfbMwkw,CF1,2.5063
2255,_SFJK--cdEeet0YmmfbMwkw,CF1,2.5063
2256,_SFJK--cdEeet0YmmfbMwkw,CF1,2.5063
2257,_SFJK--cdEeet0YmmfbMwkw,CF1,2.5063
2258,_SFJK--cdEeet0YmmfbMwkw,CF1,2.5063
2259,_SFJK--cdEeet0YmmfbMwkw,CF1,2.5063
2260,_SE7Io-cdEeet0YmmfbMwkw,CF3,3.1018
2261,_SE7Io-cdEeet0YmmfbMwkw,CF3,3.1018
2262,_SE7Io-cdEeet0YmmfbMwkw,CF3,3.1018
2263,_SFODgecdEeet0YmmfbMwkw,CF1,1.5321
2264,_SFODgecdEeet0YmmfbMwkw,CF1,1.5321
2265,_SFODgecdEeet0YmmfbMwkw,CF1,1.5321
2266,_SFS8rOcdEeet0YmmfbMwkw,CF2,1.6312
2267,_SFS8rOcdEeet0YmmfbMwkw,CF2,1.6312
2268,_SFS8rOcdEeet0YmmfbMwkw,CF2,1.6312
2269,_SFJyEucdEeet0YmmfbMwkw,CF1,27.6598
2270,_SFJyEucdEeet0YmmfbMwkw,CF1,27.8059
2271,_SFJyEucdEeet0YmmfbMwkw,CF1,27.8059
2272,_SFJyEucdEeet0YmmfbMwkw,CF1,27.8059
2273,_SE23jOcdEeet0YmmfbMwkw,CF1,3.0988
2274,_SE23jOcdEeet0YmmfbMwkw,CF1,3.0988
2275,_SE23jOcdEeet0YmmfbMwkw,CF1,3.0988
2276,_SEu7pecdEeet0YmmfbMwkw,CF1,1.694
2277,_SEu7pecdEeet0YmmfbMwkw,CF1,1.694
2278,_SEu7pecdEeet0YmmfbMwkw,CF1,1.694
2279,_SEu7pecdEeet0YmmfbMwkw,CF1,1.694
2280,_SEu7pecdEeet0YmmfbMwkw,CF1,1.694
2281,_SEu7pecdEeet0YmmfbMwkw,CF1,1.694
2282,_SE9lfucdEeet0YmmfbMwkw,CF1,13.5745
2283,_SE9lfucdEeet0YmmfbMwkw,CF1,13.5745
2284,_SE9lfucdEeet0YmmfbMwkw,CF1,13.5745
2285,_SE-z9ucdEeet0YmmfbMwkw,CF2,1.4671
2286,_SE-z9ucdEeet0YmmfbMwkw,CF2,1.4671
2287,_SE-z9ucdEeet0YmmfbMwkw,CF2,1.4671
2288,_SFM1r-cdEeet0YmmfbMwkw,CF2,3.1568
2289,_SFM1r-cdEeet0YmmfbMwkw,CF2,3.1568
2290,_SFM1r-cdEeet0YmmfbMwkw,CF2,3.1568
2291,_SFM1r-cdEeet0YmmfbMwkw,CF2,3.1568
2292,_SFM1r-cdEeet0YmmfbMwkw,CF2,3.1568
2293,_SFM1r-cdEeet0YmmfbMwkw,CF2,3.1568
2294,_SFM1r-cdEeet0YmmfbMwkw,CF2,3.1568
2295,_SFM1r-cdEeet0YmmfbMwkw,CF2,3.1568
2296,_SFM1r-cdEeet0YmmfbMwkw,CF2,3.1568
2297,_SE1CkucdEeet0YmmfbMwkw,CF1,3.3643
2298,_SE1CkucdEeet0YmmfbMwkw,CF1,3.3643
2299,_SE1CkucdEeet0YmmfbMwkw,CF1,3.3643
2300,_SFSVDecdEeet0YmmfbMwkw,CF3,1.9771
2301,_SFSVDecdEeet0YmmfbMwkw,CF3,1.9771
2302,_SE8XBecdEeet0YmmfbMwkw,CF1,1.165
2303,_SE8XBecdEeet0YmmfbMwkw,CF1,1.165
2304,_SE8XBecdEeet0YmmfbMwkw,CF1,1.165
2305,_SEwJr-cdEeet0YmmfbMwkw,CF2,3.1068
2306,_SEwJr-cdEeet0YmmfbMwkw,CF2,3.1068
2307,_SEwJr-cdEeet0YmmfbMwkw,CF2,3.1068
2308,_SFABYucdEeet0YmmfbMwkw,CF1,2.3393
2309,_SFABYucdEeet0YmmfbMwkw,CF1,2.3393
2310,_SFABYucdEeet0YmmfbMwkw,CF1,2.3393
2311,_SE6iF-cdEeet0YmmfbMwkw,CF2,1.4771
2312,_SE6iF-cdEeet0YmmfbMwkw,CF2,1.4771
2313,_SE6iF-cdEeet0YmmfbMwkw,CF2,1.4771
2314,_SFLoqOcdEeet0YmmfbMwkw,CF3,1.5261
2315,_SFLoqOcdEeet0YmmfbMwkw,CF3,1.5261
2316,_SFLoqOcdEeet0YmmfbMwkw,CF3,1.5261
2317,_SE-zVucdEeet0YmmfbMwkw,CF2,1.4691
2318,_SE-zVucdEeet0YmmfbMwkw,CF2,1.4691
2319,_SE-zVucdEeet0YmmfbMwkw,CF2,1.4691
2320,_SFLAj-cdEeet0YmmfbMwkw,CF3,1.188
2321,_SFLAj-cdEeet0YmmfbMwkw,CF3,1.188
2322,_SFLAj-cdEeet0YmmfbMwkw,CF3,1.188
2323,_SFDFV-cdEeet0YmmfbMwkw,CF1,2.3663
2324,_SFDFV-cdEeet0YmmfbMwkw,CF1,2.3663
2325,_SFDFV-cdEeet0YmmfbMwkw,CF1,2.3663
2326,_SE-L_ecdEeet0YmmfbMwkw,CF1,1.68
2327,_SE-L_ecdEeet0YmmfbMwkw,CF1,1.68
2328,_SE-L_ecdEeet0YmmfbMwkw,CF1,1.68
2329,_SFABeOcdEeet0YmmfbMwkw,CF3,2.3413
2330,_SFABeOcdEeet0YmmfbMwkw,CF3,2.3413
2331,_SFABeOcdEeet0YmmfbMwkw,CF3,2.3413
2332,_SFNc7ecdEeet0YmmfbMwkw,CF3,3.3793
2333,_SFNc7ecdEeet0YmmfbMwkw,CF3,3.3793
2334,_SFNc7ecdEeet0YmmfbMwkw,CF3,3.3793
2335,_SFM2--cdEeet0YmmfbMwkw,CF2,2.4403
2336,_SFM2--cdEeet0YmmfbMwkw,CF2,2.4403
2337,_SFM2--cdEeet0YmmfbMwkw,CF2,2.4403
2338,_SFM2--cdEeet0YmmfbMwkw,CF2,2.4403
2339,_SE-z1ucdEeet0YmmfbMwkw,CF2,2.5512
2340,_SE-z1ucdEeet0YmmfbMwkw,CF2,2.5512
2341,_SE-z1ucdEeet0YmmfbMwkw,CF2,2.5512
2342,_SFDs_-cdEeet0YmmfbMwkw,CF3,2.3753
2343,_SFDs_-cdEeet0YmmfbMwkw,CF3,2.3753
2344,_SFDs_-cdEeet0YmmfbMwkw,CF3,2.3753
2345,_SE4sz-cdEeet0YmmfbMwkw,CF1,2.5562
2346,_SE4sz-cdEeet0YmmfbMwkw,CF1,2.5562
2347,_SE4sz-cdEeet0YmmfbMwkw,CF1,2.5562
2348,_SFKaYucdEeet0YmmfbMwkw,CF3,3.5975
2349,_SFKaYucdEeet0YmmfbMwkw,CF3,3.5975
2350,_SFKaYucdEeet0YmmfbMwkw,CF3,3.5975
2351,_SFDr4ecdEeet0YmmfbMwkw,CF1,1.7069999999999999
2352,_SFDr4ecdEeet0YmmfbMwkw,CF1,1.7069999999999999
2353,_SFDr4ecdEeet0YmmfbMwkw,CF1,1.7069999999999999
2354,_SFOsQOcdEeet0YmmfbMwkw,CF2,1.2932
2355,_SFOsQOcdEeet0YmmfbMwkw,CF2,1.2932
2356,_SFOsQOcdEeet0YmmfbMwkw,CF2,1.2932
2357,_SE8W7-cdEeet0YmmfbMwkw,CF1,1.8813
2358,_SE8W7-cdEeet0YmmfbMwkw,CF1,1.8813
2359,_SE8W7-cdEeet0YmmfbMwkw,CF1,1.8813
2360,_SFFhqOcdEeet0YmmfbMwkw,CF1,2.3893
2361,_SFFhqOcdEeet0YmmfbMwkw,CF1,2.3893
2362,_SFFhqOcdEeet0YmmfbMwkw,CF1,2.3893
2363,_SEwwpOcdEeet0YmmfbMwkw,CF1,3.3693
2364,_SEwwpOcdEeet0YmmfbMwkw,CF1,3.3693
2365,_SEwwpOcdEeet0YmmfbMwkw,CF1,3.3693
2366,_SE57PecdEeet0YmmfbMwkw,CF1,2.2913
2367,_SE57PecdEeet0YmmfbMwkw,CF1,2.2913
2368,_SE57PecdEeet0YmmfbMwkw,CF1,2.2913
2369,_SFKZOecdEeet0YmmfbMwkw,CF1,3.8402
2370,_SFKZOecdEeet0YmmfbMwkw,CF1,3.8402
2371,_SFKZOecdEeet0YmmfbMwkw,CF1,3.8402
2372,_SFMQGecdEeet0YmmfbMwkw,CF3,3.1608
2373,_SFMQGecdEeet0YmmfbMwkw,CF3,3.1608
2374,_SFMQGecdEeet0YmmfbMwkw,CF3,3.1608
2375,_SFDsfecdEeet0YmmfbMwkw,CF3,9.1825
2376,_SFDsfecdEeet0YmmfbMwkw,CF3,9.1504
2377,_SFJyq-cdEeet0YmmfbMwkw,CF1,2.4063
2378,_SFJyq-cdEeet0YmmfbMwkw,CF1,2.4063
2379,_SFJyq-cdEeet0YmmfbMwkw,CF1,2.4063
2380,_SFKZN-cdEeet0YmmfbMwkw,CF1,2.5772
2381,_SFKZN-cdEeet0YmmfbMwkw,CF1,2.5772
2382,_SFKZN-cdEeet0YmmfbMwkw,CF1,2.5772
2383,_SFOsCecdEeet0YmmfbMwkw,CF1,2.4633
2384,_SFOsCecdEeet0YmmfbMwkw,CF1,2.4633
2385,_SFOsCecdEeet0YmmfbMwkw,CF1,2.4633
2386,_SE-zxOcdEeet0YmmfbMwkw,CF3,3.0968
2387,_SE-zxOcdEeet0YmmfbMwkw,CF3,3.0968
2388,_SE-zxOcdEeet0YmmfbMwkw,CF3,3.0968
2389,_SE-z0OcdEeet0YmmfbMwkw,CF2,2.2763
2390,_SE-z0OcdEeet0YmmfbMwkw,CF2,2.2763
2391,_SE-z0OcdEeet0YmmfbMwkw,CF2,2.2763
2392,_SFS9nucdEeet0YmmfbMwkw,CF1,2.4703
2393,_SFS9nucdEeet0YmmfbMwkw,CF1,2.4703
2394,_SFS9nucdEeet0YmmfbMwkw,CF1,2.4703
2395,_SE57J-cdEeet0YmmfbMwkw,CF1,2.2903
2396,_SE57J-cdEeet0YmmfbMwkw,CF1,2.2903
2397,_SE57J-cdEeet0YmmfbMwkw,CF1,2.2903
2398,_SFS8lecdEeet0YmmfbMwkw,CF2,1.2942
2399,_SFS8lecdEeet0YmmfbMwkw,CF2,1.2942
2400,_SFS8lecdEeet0YmmfbMwkw,CF2,1.2942
2401,_SEvixOcdEeet0YmmfbMwkw,CF1,1.17
2402,_SEvixOcdEeet0YmmfbMwkw,CF1,1.17
2403,_SEvixOcdEeet0YmmfbMwkw,CF1,1.17
2404,_SFMQS-cdEeet0YmmfbMwkw,CF1,1.5291
2405,_SFMQS-cdEeet0YmmfbMwkw,CF1,1.5291
2406,_SFMQS-cdEeet0YmmfbMwkw,CF1,1.5291
2407,_SEu7tecdEeet0YmmfbMwkw,CF2,1.5401
2408,_SEu7tecdEeet0YmmfbMwkw,CF2,1.5401
2409,_SEu7tecdEeet0YmmfbMwkw,CF2,1.5401
2410,_SEu7tecdEeet0YmmfbMwkw,CF2,1.5401
2411,_SEu7tecdEeet0YmmfbMwkw,CF2,1.5401
2412,_SEu7tecdEeet0YmmfbMwkw,CF2,1.5401
2413,_SFGvfecdEeet0YmmfbMwkw,CF1,1.72
2414,_SFGvfecdEeet0YmmfbMwkw,CF1,1.72
2415,_SFGvfecdEeet0YmmfbMwkw,CF1,1.72
2416,_SE23iecdEeet0YmmfbMwkw,CF1,18.6257
2417,_SE23iecdEeet0YmmfbMwkw,CF1,18.6257
2418,_SE23iecdEeet0YmmfbMwkw,CF1,18.6257
2419,_SFGwm-cdEeet0YmmfbMwkw,CF1,2.5053
2420,_SFGwm-cdEeet0YmmfbMwkw,CF1,2.5053
2421,_SFGwm-cdEeet0YmmfbMwkw,CF1,2.5053
2422,_SFGwm-cdEeet0YmmfbMwkw,CF1,2.5053
2423,_SFGwm-cdEeet0YmmfbMwkw,CF1,2.5053
2424,_SFGwm-cdEeet0YmmfbMwkw,CF1,2.5053
2425,_SFGwm-cdEeet0YmmfbMwkw,CF1,2.5053
2426,_SFGv8ecdEeet0YmmfbMwkw,CF1,2.3983
2427,_SFGv8ecdEeet0YmmfbMwkw,CF1,2.3983
2428,_SFGv8ecdEeet0YmmfbMwkw,CF1,2.3983
2429,_SFGv8ecdEeet0YmmfbMwkw,CF1,2.3983
2430,_SEuUO-cdEeet0YmmfbMwkw,CF1,2.4913
2431,_SEuUO-cdEeet0YmmfbMwkw,CF1,2.4913
2432,_SEuUO-cdEeet0YmmfbMwkw,CF1,2.4913
2433,_SEuUO-cdEeet0YmmfbMwkw,CF1,2.4913
2434,_SEuUO-cdEeet0YmmfbMwkw,CF1,2.4913
2435,_SEuUO-cdEeet0YmmfbMwkw,CF1,2.4913
2436,_SFFhROcdEeet0YmmfbMwkw,CF2,1.5521
2437,_SFFhROcdEeet0YmmfbMwkw,CF2,1.5521
2438,_SFFhROcdEeet0YmmfbMwkw,CF2,1.5521
2439,_SFFhROcdEeet0YmmfbMwkw,CF2,1.5521
2440,_SFFhROcdEeet0YmmfbMwkw,CF2,1.5521
2441,_SFFhROcdEeet0YmmfbMwkw,CF2,1.5521
2442,_SE7wGecdEeet0YmmfbMwkw,CF1,2.2973
2443,_SE7wGecdEeet0YmmfbMwkw,CF1,2.2973
2444,_SE4GA-cdEeet0YmmfbMwkw,CF1,1.162
2445,_SE4GA-cdEeet0YmmfbMwkw,CF1,1.162
2446,_SE4GA-cdEeet0YmmfbMwkw,CF1,1.162
2447,_SFJyvecdEeet0YmmfbMwkw,CF3,2.6105
2448,_SFJyvecdEeet0YmmfbMwkw,CF3,2.6105
2449,_SFJyvecdEeet0YmmfbMwkw,CF3,2.6105
2450,_SE9lYOcdEeet0YmmfbMwkw,CF1,2.4893
2451,_SE9lYOcdEeet0YmmfbMwkw,CF1,2.4893
2452,_SE9lYOcdEeet0YmmfbMwkw,CF1,2.4893
2453,_SE9lYOcdEeet0YmmfbMwkw,CF1,2.4893
2454,_SE9lYOcdEeet0YmmfbMwkw,CF1,2.4893
2455,_SE9lYOcdEeet0YmmfbMwkw,CF1,2.4893
2456,_SE9lYOcdEeet0YmmfbMwkw,CF1,2.4893
2457,_SE9lYOcdEeet0YmmfbMwkw,CF1,2.4893
2458,_SE9lYOcdEeet0YmmfbMwkw,CF1,2.4893
2459,_SFESrecdEeet0YmmfbMwkw,CF2,1.6162
2460,_SFESrecdEeet0YmmfbMwkw,CF2,1.6162
2461,_SFESrecdEeet0YmmfbMwkw,CF2,1.6162
2462,_SFACPucdEeet0YmmfbMwkw,CF2,1.5001
2463,_SFACPucdEeet0YmmfbMwkw,CF2,1.5001
2464,_SFACPucdEeet0YmmfbMwkw,CF2,1.5001
2465,_SE-MF-cdEeet0YmmfbMwkw,CF2,1.4661
2466,_SE-MF-cdEeet0YmmfbMwkw,CF2,1.4661
2467,_SE-MF-cdEeet0YmmfbMwkw,CF2,1.4661
2468,_SFGItOcdEeet0YmmfbMwkw,CF1,1.716
2469,_SFGItOcdEeet0YmmfbMwkw,CF1,1.716
2470,_SFGItOcdEeet0YmmfbMwkw,CF1,1.716
2471,_SFLB3ucdEeet0YmmfbMwkw,CF2,1.2882
2472,_SFLB3ucdEeet0YmmfbMwkw,CF2,1.2882
2473,_SFLB3ucdEeet0YmmfbMwkw,CF2,1.2882
2474,_SFDsX-cdEeet0YmmfbMwkw,CF1,2.3723
2475,_SFDsX-cdEeet0YmmfbMwkw,CF1,2.3723
2476,_SFDsX-cdEeet0YmmfbMwkw,CF1,2.3723
