,Optimal_Affected_Component_Uid,Optimal_Failure,ln
0,_SFJzUucdEeet0YmmfbMwkw,CF3,7.0432
1,_SFJzUucdEeet0YmmfbMwkw,CF3,7.0432
2,_SFJzUucdEeet0YmmfbMwkw,CF3,7.0432
3,_SFKZG-cdEeet0YmmfbMwkw,CF1,4.3519
4,_SFKZG-cdEeet0YmmfbMwkw,CF1,4.3519
5,_SFKZG-cdEeet0YmmfbMwkw,CF1,4.3519
6,_SE4FQucdEeet0YmmfbMwkw,CF3,6.2058
7,_SE4FQucdEeet0YmmfbMwkw,CF3,6.2058
8,_SE4FQucdEeet0YmmfbMwkw,CF3,6.2058
9,_SFMPb-cdEeet0YmmfbMwkw,CF1,4.3869
10,_SFMPb-cdEeet0YmmfbMwkw,CF1,4.3869
11,_SFMPb-cdEeet0YmmfbMwkw,CF1,4.3869
12,_SEu7lecdEeet0YmmfbMwkw,CF3,4.5847
13,_SEu7lecdEeet0YmmfbMwkw,CF3,4.5847
14,_SEu7lecdEeet0YmmfbMwkw,CF3,4.5847
15,_SEuUd-cdEeet0YmmfbMwkw,CF1,2.6704
16,_SEuUd-cdEeet0YmmfbMwkw,CF1,2.6704
17,_SEuUd-cdEeet0YmmfbMwkw,CF1,2.6704
18,_SE5TmucdEeet0YmmfbMwkw,CF1,4.2109
19,_SE5TmucdEeet0YmmfbMwkw,CF1,4.2109
20,_SE5TmucdEeet0YmmfbMwkw,CF1,4.2109
21,_SE5TmucdEeet0YmmfbMwkw,CF1,4.2109
22,_SE5TmucdEeet0YmmfbMwkw,CF1,4.2109
23,_SE5TmucdEeet0YmmfbMwkw,CF1,4.2109
24,_SFKajecdEeet0YmmfbMwkw,CF3,2.7134
25,_SFKajecdEeet0YmmfbMwkw,CF3,2.7134
26,_SFKajecdEeet0YmmfbMwkw,CF3,2.7134
27,_SEu7uucdEeet0YmmfbMwkw,CF3,2.8502
28,_SEu7uucdEeet0YmmfbMwkw,CF3,2.8502
29,_SEu7uucdEeet0YmmfbMwkw,CF3,2.8502
30,_SFLBJecdEeet0YmmfbMwkw,CF3,7.1897
31,_SFLBJecdEeet0YmmfbMwkw,CF3,7.1897
32,_SFLBJecdEeet0YmmfbMwkw,CF3,7.1897
33,_SExXzOcdEeet0YmmfbMwkw,CF1,2.4749
34,_SExXzOcdEeet0YmmfbMwkw,CF1,2.4749
35,_SExXzOcdEeet0YmmfbMwkw,CF1,2.4749
36,_SE_aWucdEeet0YmmfbMwkw,CF2,4.5275
37,_SE_aWucdEeet0YmmfbMwkw,CF2,4.5275
38,_SE_aWucdEeet0YmmfbMwkw,CF2,4.5275
39,_SE_aWucdEeet0YmmfbMwkw,CF2,4.5275
40,_SEx_IecdEeet0YmmfbMwkw,CF3,5.6959
41,_SEx_IecdEeet0YmmfbMwkw,CF3,5.6959
42,_SFLnWecdEeet0YmmfbMwkw,CF3,7.1907
43,_SFLnWecdEeet0YmmfbMwkw,CF3,7.1907
44,_SFLnWecdEeet0YmmfbMwkw,CF3,7.1907
45,_SFGIpOcdEeet0YmmfbMwkw,CF1,3.3627
46,_SFGIpOcdEeet0YmmfbMwkw,CF1,3.3627
47,_SFGIpOcdEeet0YmmfbMwkw,CF1,3.3627
48,_SFGIpOcdEeet0YmmfbMwkw,CF1,3.3627
49,_SFGIpOcdEeet0YmmfbMwkw,CF1,3.3627
50,_SFGIpOcdEeet0YmmfbMwkw,CF1,3.3627
51,_SFApHecdEeet0YmmfbMwkw,CF2,4.5887
52,_SFApHecdEeet0YmmfbMwkw,CF2,4.5887
53,_SFApHecdEeet0YmmfbMwkw,CF2,4.5887
54,_SFApHecdEeet0YmmfbMwkw,CF2,4.5887
55,_SFApHecdEeet0YmmfbMwkw,CF2,4.5887
56,_SEx-rucdEeet0YmmfbMwkw,CF2,2.2938
57,_SEx-rucdEeet0YmmfbMwkw,CF2,2.2938
58,_SEx-rucdEeet0YmmfbMwkw,CF2,2.2938
59,_SFNdmOcdEeet0YmmfbMwkw,CF3,3.3747
60,_SFNdmOcdEeet0YmmfbMwkw,CF3,3.3747
61,_SFNdmOcdEeet0YmmfbMwkw,CF3,3.3747
62,_SFODp-cdEeet0YmmfbMwkw,CF2,2.4929
63,_SFODp-cdEeet0YmmfbMwkw,CF2,2.4929
64,_SFODp-cdEeet0YmmfbMwkw,CF2,2.4929
65,_SFOri-cdEeet0YmmfbMwkw,CF3,3.5061
66,_SFOri-cdEeet0YmmfbMwkw,CF3,3.5061
67,_SFLBp-cdEeet0YmmfbMwkw,CF1,4.3719
68,_SFLBp-cdEeet0YmmfbMwkw,CF1,4.3719
69,_SFLBp-cdEeet0YmmfbMwkw,CF1,4.3719
70,_SFLBp-cdEeet0YmmfbMwkw,CF1,4.3719
71,_SFLBp-cdEeet0YmmfbMwkw,CF1,4.3719
72,_SFLBp-cdEeet0YmmfbMwkw,CF1,4.3719
73,_SFS9wOcdEeet0YmmfbMwkw,CF3,3.5091
74,_SFS9wOcdEeet0YmmfbMwkw,CF3,3.5091
75,_SFGwGecdEeet0YmmfbMwkw,CF1,7.1797
76,_SFGwGecdEeet0YmmfbMwkw,CF1,7.1797
77,_SFGwGecdEeet0YmmfbMwkw,CF1,7.1797
78,_SFGwGecdEeet0YmmfbMwkw,CF1,7.1797
79,_SFGwGecdEeet0YmmfbMwkw,CF1,7.1797
80,_SFGwGecdEeet0YmmfbMwkw,CF1,7.1797
81,_SEz0R-cdEeet0YmmfbMwkw,CF1,6.2128
82,_SEz0R-cdEeet0YmmfbMwkw,CF1,6.2128
83,_SEz0R-cdEeet0YmmfbMwkw,CF1,6.2128
84,_SFApLecdEeet0YmmfbMwkw,CF1,3.0026
85,_SFApLecdEeet0YmmfbMwkw,CF1,3.0026
86,_SFApLecdEeet0YmmfbMwkw,CF1,3.0026
87,_SE23oOcdEeet0YmmfbMwkw,CF1,37.9469
88,_SE23oOcdEeet0YmmfbMwkw,CF1,38.188
89,_SE23oOcdEeet0YmmfbMwkw,CF1,37.9469
90,_SE23oOcdEeet0YmmfbMwkw,CF1,38.188
91,_SE23oOcdEeet0YmmfbMwkw,CF1,37.9469
92,_SE23oOcdEeet0YmmfbMwkw,CF1,38.188
93,_SE3ehOcdEeet0YmmfbMwkw,CF1,59.3264
94,_SE3ehOcdEeet0YmmfbMwkw,CF1,59.3264
95,_SE3ehOcdEeet0YmmfbMwkw,CF1,59.3264
96,_SE3ehOcdEeet0YmmfbMwkw,CF1,59.3264
97,_SE3ehOcdEeet0YmmfbMwkw,CF1,59.3264
98,_SE3ehOcdEeet0YmmfbMwkw,CF1,59.3264
99,_SFMOcecdEeet0YmmfbMwkw,CF3,2.4899
100,_SFMOcecdEeet0YmmfbMwkw,CF3,2.4899
101,_SFMOcecdEeet0YmmfbMwkw,CF3,2.4899
102,_SFBPaucdEeet0YmmfbMwkw,CF1,4.2829
103,_SFBPaucdEeet0YmmfbMwkw,CF1,4.2829
104,_SFBPaucdEeet0YmmfbMwkw,CF1,4.2829
105,_SE7Iq-cdEeet0YmmfbMwkw,CF3,4.5837
106,_SE7Iq-cdEeet0YmmfbMwkw,CF3,4.5837
107,_SE7Iq-cdEeet0YmmfbMwkw,CF3,4.5837
108,_SFDr0ecdEeet0YmmfbMwkw,CF3,97.4226
109,_SFDr0ecdEeet0YmmfbMwkw,CF3,97.1349
110,_SFOraecdEeet0YmmfbMwkw,CF1,4.4049
111,_SFOraecdEeet0YmmfbMwkw,CF1,4.4049
112,_SFOraecdEeet0YmmfbMwkw,CF1,4.4049
113,_SE7wFecdEeet0YmmfbMwkw,CF1,3.3537
114,_SE7wFecdEeet0YmmfbMwkw,CF1,3.3537
115,_SFGv--cdEeet0YmmfbMwkw,CF1,4.3339
116,_SFGv--cdEeet0YmmfbMwkw,CF1,4.3339
117,_SFGv--cdEeet0YmmfbMwkw,CF1,4.3339
118,_SFLokecdEeet0YmmfbMwkw,CF2,4.3809
119,_SFLokecdEeet0YmmfbMwkw,CF2,4.3809
120,_SFLokecdEeet0YmmfbMwkw,CF2,4.3809
121,_SFLokecdEeet0YmmfbMwkw,CF2,4.3809
122,_SFLokecdEeet0YmmfbMwkw,CF2,4.3809
123,_SFLokecdEeet0YmmfbMwkw,CF2,4.3809
124,_SEzz3OcdEeet0YmmfbMwkw,CF1,2.6774
125,_SEzz3OcdEeet0YmmfbMwkw,CF1,2.6774
126,_SEzz3OcdEeet0YmmfbMwkw,CF1,2.6774
127,_SFLnfecdEeet0YmmfbMwkw,CF3,2.4869
128,_SFLnfecdEeet0YmmfbMwkw,CF3,2.4869
129,_SFLnfecdEeet0YmmfbMwkw,CF3,2.4869
130,_SE8XmecdEeet0YmmfbMwkw,CF1,4.5255
131,_SE8XmecdEeet0YmmfbMwkw,CF1,4.5255
132,_SE8XmecdEeet0YmmfbMwkw,CF1,4.5255
133,_SE8XmecdEeet0YmmfbMwkw,CF1,4.5255
134,_SFJLBecdEeet0YmmfbMwkw,CF1,5.7179
135,_SFJLBecdEeet0YmmfbMwkw,CF1,5.7179
136,_SFJLBecdEeet0YmmfbMwkw,CF1,5.7179
137,_SFMPjecdEeet0YmmfbMwkw,CF2,7.1947
138,_SFMPjecdEeet0YmmfbMwkw,CF2,7.1947
139,_SFMPjecdEeet0YmmfbMwkw,CF2,7.1947
140,_SFM2T-cdEeet0YmmfbMwkw,CF2,5.7349
141,_SFM2T-cdEeet0YmmfbMwkw,CF2,5.7349
142,_SFM2T-cdEeet0YmmfbMwkw,CF2,5.7349
143,_SFM2T-cdEeet0YmmfbMwkw,CF2,5.7349
144,_SFM2T-cdEeet0YmmfbMwkw,CF2,5.7349
145,_SFM2T-cdEeet0YmmfbMwkw,CF2,5.7349
146,_SFB2iucdEeet0YmmfbMwkw,CF1,4.2769
147,_SFB2iucdEeet0YmmfbMwkw,CF1,4.2769
148,_SFB2iucdEeet0YmmfbMwkw,CF1,4.2769
149,_SFSVIucdEeet0YmmfbMwkw,CF2,2.3108
150,_SFSVIucdEeet0YmmfbMwkw,CF2,2.3108
151,_SFSVIucdEeet0YmmfbMwkw,CF2,2.3108
152,_SE-MvecdEeet0YmmfbMwkw,CF2,2.4659
153,_SE-MvecdEeet0YmmfbMwkw,CF2,2.4659
154,_SE-MvecdEeet0YmmfbMwkw,CF2,2.4659
155,_SE-zLOcdEeet0YmmfbMwkw,CF1,3.3507
156,_SE-zLOcdEeet0YmmfbMwkw,CF1,3.3507
157,_SE-zLOcdEeet0YmmfbMwkw,CF1,3.3507
158,_SE-zLOcdEeet0YmmfbMwkw,CF1,3.3507
159,_SFETIecdEeet0YmmfbMwkw,CF1,3.0156
160,_SFETIecdEeet0YmmfbMwkw,CF1,3.0156
161,_SFETIecdEeet0YmmfbMwkw,CF1,3.0156
162,_SE_bAOcdEeet0YmmfbMwkw,CF1,2.9966
163,_SE_bAOcdEeet0YmmfbMwkw,CF1,2.9966
164,_SE_bAOcdEeet0YmmfbMwkw,CF1,2.9966
165,_SE7wA-cdEeet0YmmfbMwkw,CF1,4.2149
166,_SE7wA-cdEeet0YmmfbMwkw,CF1,4.2149
167,_SE7wA-cdEeet0YmmfbMwkw,CF1,4.2149
168,_SFGvW-cdEeet0YmmfbMwkw,CF1,4.3359
169,_SFGvW-cdEeet0YmmfbMwkw,CF1,4.3359
170,_SFGvW-cdEeet0YmmfbMwkw,CF1,4.3359
171,_SE0bSucdEeet0YmmfbMwkw,CF1,4.5185
172,_SE0bSucdEeet0YmmfbMwkw,CF1,4.5185
173,_SE0bSucdEeet0YmmfbMwkw,CF1,4.5185
174,_SFKaeecdEeet0YmmfbMwkw,CF2,7.1867
175,_SFKaeecdEeet0YmmfbMwkw,CF2,7.1867
176,_SFKaeecdEeet0YmmfbMwkw,CF2,7.1867
177,_SFGuxecdEeet0YmmfbMwkw,CF3,5.7149
178,_SFGuxecdEeet0YmmfbMwkw,CF3,5.7149
179,_SFGuxecdEeet0YmmfbMwkw,CF3,5.7149
180,_SFGu0ecdEeet0YmmfbMwkw,CF3,4.3319
181,_SFGu0ecdEeet0YmmfbMwkw,CF3,4.3319
182,_SFGu0ecdEeet0YmmfbMwkw,CF3,4.3319
183,_SFLBEecdEeet0YmmfbMwkw,CF2,5.7289
184,_SFLBEecdEeet0YmmfbMwkw,CF2,5.7289
185,_SFLBEecdEeet0YmmfbMwkw,CF2,5.7289
186,_SEz0QOcdEeet0YmmfbMwkw,CF2,4.2609
187,_SEz0QOcdEeet0YmmfbMwkw,CF2,4.2609
188,_SEz0QOcdEeet0YmmfbMwkw,CF2,4.2609
189,_SFSWMucdEeet0YmmfbMwkw,CF3,56.9527
190,_SFSWMucdEeet0YmmfbMwkw,CF3,56.7985
191,_SFDEyecdEeet0YmmfbMwkw,CF3,4.5907
192,_SFDEyecdEeet0YmmfbMwkw,CF3,4.5907
193,_SFS9TOcdEeet0YmmfbMwkw,CF2,2.8772
194,_SFS9TOcdEeet0YmmfbMwkw,CF2,2.8772
195,_SFS9TOcdEeet0YmmfbMwkw,CF2,2.8772
196,_SFGwKOcdEeet0YmmfbMwkw,CF1,2.7044
197,_SFGwKOcdEeet0YmmfbMwkw,CF1,2.7044
198,_SFGwKOcdEeet0YmmfbMwkw,CF1,2.7044
199,_SFS8_ucdEeet0YmmfbMwkw,CF1,4.4119
200,_SFS8_ucdEeet0YmmfbMwkw,CF1,4.4119
201,_SFS8_ucdEeet0YmmfbMwkw,CF1,4.4119
202,_SFGIkucdEeet0YmmfbMwkw,CF1,4.3279
203,_SFGIkucdEeet0YmmfbMwkw,CF1,4.3279
204,_SFGIkucdEeet0YmmfbMwkw,CF1,4.3279
205,_SFGIkucdEeet0YmmfbMwkw,CF1,4.3279
206,_SFGIkucdEeet0YmmfbMwkw,CF1,4.3279
207,_SFGIkucdEeet0YmmfbMwkw,CF1,4.3279
208,_SE6h9-cdEeet0YmmfbMwkw,CF3,5.2774
209,_SE6h9-cdEeet0YmmfbMwkw,CF3,5.2774
210,_SE6h9-cdEeet0YmmfbMwkw,CF3,5.2774
211,_SFLoe-cdEeet0YmmfbMwkw,CF1,4.3799
212,_SFLoe-cdEeet0YmmfbMwkw,CF1,4.3799
213,_SFLoe-cdEeet0YmmfbMwkw,CF1,4.3799
214,_SFKZQ-cdEeet0YmmfbMwkw,CF1,2.0934
215,_SFKZQ-cdEeet0YmmfbMwkw,CF1,2.0934
216,_SFKZQ-cdEeet0YmmfbMwkw,CF1,2.0934
217,_SE7wH-cdEeet0YmmfbMwkw,CF2,5.2794
218,_SE7wH-cdEeet0YmmfbMwkw,CF2,5.2794
219,_SE7wH-cdEeet0YmmfbMwkw,CF2,5.2794
220,_SFLpJecdEeet0YmmfbMwkw,CF3,5.7339
221,_SFLpJecdEeet0YmmfbMwkw,CF3,5.7339
222,_SFLpJecdEeet0YmmfbMwkw,CF3,5.7339
223,_SFGIFOcdEeet0YmmfbMwkw,CF1,3.0186
224,_SFGIFOcdEeet0YmmfbMwkw,CF1,3.0186
225,_SFGIFOcdEeet0YmmfbMwkw,CF1,3.0186
226,_SFOq3-cdEeet0YmmfbMwkw,CF3,4.4039
227,_SFOq3-cdEeet0YmmfbMwkw,CF3,4.4039
228,_SFB2rOcdEeet0YmmfbMwkw,CF1,3.0036
229,_SFB2rOcdEeet0YmmfbMwkw,CF1,3.0036
230,_SFB2rOcdEeet0YmmfbMwkw,CF1,3.0036
231,_SFOEBucdEeet0YmmfbMwkw,CF2,4.5967
232,_SFOEBucdEeet0YmmfbMwkw,CF2,4.5967
233,_SFOD9OcdEeet0YmmfbMwkw,CF3,4.3979
234,_SFOD9OcdEeet0YmmfbMwkw,CF3,4.3979
235,_SFS-XOcdEeet0YmmfbMwkw,CF3,61.9341
236,_SFS-XOcdEeet0YmmfbMwkw,CF3,61.7671
237,_SFDE2ecdEeet0YmmfbMwkw,CF1,3.0086
238,_SFDE2ecdEeet0YmmfbMwkw,CF1,3.0086
239,_SFDE2ecdEeet0YmmfbMwkw,CF1,3.0086
240,_SFKZ1-cdEeet0YmmfbMwkw,CF1,4.5445
241,_SFKZ1-cdEeet0YmmfbMwkw,CF1,4.5445
242,_SFKZ1-cdEeet0YmmfbMwkw,CF1,4.5445
243,_SFKZ1-cdEeet0YmmfbMwkw,CF1,4.5445
244,_SFNdBOcdEeet0YmmfbMwkw,CF2,7.1967
245,_SFNdBOcdEeet0YmmfbMwkw,CF2,7.1967
246,_SFNdBOcdEeet0YmmfbMwkw,CF2,7.1967
247,_SFSW3ecdEeet0YmmfbMwkw,CF3,4.6017
248,_SFSW3ecdEeet0YmmfbMwkw,CF3,4.6017
249,_SE1B6-cdEeet0YmmfbMwkw,CF1,4.1979
250,_SE1B6-cdEeet0YmmfbMwkw,CF1,4.1979
251,_SE1B6-cdEeet0YmmfbMwkw,CF1,4.1979
252,_SE1B6-cdEeet0YmmfbMwkw,CF1,4.1979
253,_SE1B6-cdEeet0YmmfbMwkw,CF1,4.1979
254,_SE1B6-cdEeet0YmmfbMwkw,CF1,4.1979
255,_SFKZMecdEeet0YmmfbMwkw,CF1,4.3539
256,_SFKZMecdEeet0YmmfbMwkw,CF1,4.3539
257,_SFKZMecdEeet0YmmfbMwkw,CF1,4.3539
258,_SFKZMecdEeet0YmmfbMwkw,CF1,4.3539
259,_SFKZMecdEeet0YmmfbMwkw,CF1,4.3539
260,_SFB3KucdEeet0YmmfbMwkw,CF1,4.2809
261,_SFB3KucdEeet0YmmfbMwkw,CF1,4.2809
262,_SFB3KucdEeet0YmmfbMwkw,CF1,4.2809
263,_SFB3KucdEeet0YmmfbMwkw,CF1,4.2809
264,_SFB3KucdEeet0YmmfbMwkw,CF1,4.2809
265,_SFB3KucdEeet0YmmfbMwkw,CF1,4.2809
266,_SEwJwecdEeet0YmmfbMwkw,CF2,4.5325
267,_SEwJwecdEeet0YmmfbMwkw,CF2,4.5325
268,_SEwJwecdEeet0YmmfbMwkw,CF2,4.5325
269,_SFCd1OcdEeet0YmmfbMwkw,CF2,2.6874
270,_SFCd1OcdEeet0YmmfbMwkw,CF2,2.6874
271,_SFCd1OcdEeet0YmmfbMwkw,CF2,2.6874
272,_SFMPeecdEeet0YmmfbMwkw,CF3,5.7359
273,_SFMPeecdEeet0YmmfbMwkw,CF3,5.7359
274,_SFMPeecdEeet0YmmfbMwkw,CF3,5.7359
275,_SFJyFecdEeet0YmmfbMwkw,CF1,5.7559
276,_SFJyFecdEeet0YmmfbMwkw,CF1,5.7559
277,_SFJyFecdEeet0YmmfbMwkw,CF1,5.7559
278,_SFJyFecdEeet0YmmfbMwkw,CF1,5.7559
279,_SFJyFecdEeet0YmmfbMwkw,CF1,5.7559
280,_SFJyFecdEeet0YmmfbMwkw,CF1,5.7559
281,_SFJyFecdEeet0YmmfbMwkw,CF1,5.7559
282,_SFJyFecdEeet0YmmfbMwkw,CF1,5.7559
283,_SFJyFecdEeet0YmmfbMwkw,CF1,5.7559
284,_SFOFUOcdEeet0YmmfbMwkw,CF3,6.064
285,_SFOFUOcdEeet0YmmfbMwkw,CF3,6.064
286,_SFFhGucdEeet0YmmfbMwkw,CF3,4.5927
287,_SFFhGucdEeet0YmmfbMwkw,CF3,4.5927
288,_SFFhGucdEeet0YmmfbMwkw,CF3,4.5927
289,_SFB2pucdEeet0YmmfbMwkw,CF3,63.9781
290,_SFB2pucdEeet0YmmfbMwkw,CF3,63.7958
291,_SE0bW-cdEeet0YmmfbMwkw,CF1,2.6464
292,_SE0bW-cdEeet0YmmfbMwkw,CF1,2.6464
293,_SE0bW-cdEeet0YmmfbMwkw,CF1,2.6464
294,_SFKag-cdEeet0YmmfbMwkw,CF1,2.0944
295,_SFKag-cdEeet0YmmfbMwkw,CF1,2.0944
296,_SFKag-cdEeet0YmmfbMwkw,CF1,2.0944
297,_SFGu9-cdEeet0YmmfbMwkw,CF2,2.7024
298,_SFGu9-cdEeet0YmmfbMwkw,CF2,2.7024
299,_SFGu9-cdEeet0YmmfbMwkw,CF2,2.7024
300,_SFGu9-cdEeet0YmmfbMwkw,CF2,2.7024
301,_SFGu9-cdEeet0YmmfbMwkw,CF2,2.7024
302,_SFGu9-cdEeet0YmmfbMwkw,CF2,2.7024
303,_SEwwnecdEeet0YmmfbMwkw,CF1,4.2489
304,_SEwwnecdEeet0YmmfbMwkw,CF1,4.2489
305,_SEwwnecdEeet0YmmfbMwkw,CF1,4.2489
306,_SFJzc-cdEeet0YmmfbMwkw,CF1,2.0894
307,_SFJzc-cdEeet0YmmfbMwkw,CF1,2.0894
308,_SFJzc-cdEeet0YmmfbMwkw,CF1,2.0894
309,_SFKZzecdEeet0YmmfbMwkw,CF3,3.3667
310,_SFKZzecdEeet0YmmfbMwkw,CF3,3.3667
311,_SFKZzecdEeet0YmmfbMwkw,CF3,3.3667
312,_SFLnUecdEeet0YmmfbMwkw,CF3,4.3789
313,_SFLnUecdEeet0YmmfbMwkw,CF3,4.3789
314,_SFLnUecdEeet0YmmfbMwkw,CF3,4.3789
315,_SFLBNOcdEeet0YmmfbMwkw,CF3,2.7174
316,_SFLBNOcdEeet0YmmfbMwkw,CF3,2.7174
317,_SFLBNOcdEeet0YmmfbMwkw,CF3,2.7174
318,_SFDsDecdEeet0YmmfbMwkw,CF2,2.8572
319,_SFDsDecdEeet0YmmfbMwkw,CF2,2.8572
320,_SFDsDecdEeet0YmmfbMwkw,CF2,2.8572
321,_SFETNucdEeet0YmmfbMwkw,CF1,2.2968
322,_SFETNucdEeet0YmmfbMwkw,CF1,2.2968
323,_SFETNucdEeet0YmmfbMwkw,CF1,2.2968
324,_SFNds-cdEeet0YmmfbMwkw,CF1,2.7234
325,_SFNds-cdEeet0YmmfbMwkw,CF1,2.7234
326,_SFNds-cdEeet0YmmfbMwkw,CF1,2.7234
327,_SFFgtucdEeet0YmmfbMwkw,CF2,2.8622
328,_SFFgtucdEeet0YmmfbMwkw,CF2,2.8622
329,_SFFgtucdEeet0YmmfbMwkw,CF2,2.8622
330,_SE23lOcdEeet0YmmfbMwkw,CF1,3.3527
331,_SE23lOcdEeet0YmmfbMwkw,CF1,3.3527
332,_SE23lOcdEeet0YmmfbMwkw,CF1,3.3527
333,_SE-MhecdEeet0YmmfbMwkw,CF3,5.6779
334,_SE-MhecdEeet0YmmfbMwkw,CF3,5.6779
335,_SE-MhecdEeet0YmmfbMwkw,CF3,5.6779
336,_SFKal-cdEeet0YmmfbMwkw,CF3,2.7144
337,_SFKal-cdEeet0YmmfbMwkw,CF3,2.7144
338,_SFKal-cdEeet0YmmfbMwkw,CF3,2.7144
339,_SFE58ucdEeet0YmmfbMwkw,CF1,3.0126
340,_SFE58ucdEeet0YmmfbMwkw,CF1,3.0126
341,_SFE58ucdEeet0YmmfbMwkw,CF1,3.0126
342,_SE9k1ucdEeet0YmmfbMwkw,CF3,4.2269
343,_SE9k1ucdEeet0YmmfbMwkw,CF3,4.2269
344,_SE9k1ucdEeet0YmmfbMwkw,CF3,4.2269
345,_SFLBB-cdEeet0YmmfbMwkw,CF2,4.3679
346,_SFLBB-cdEeet0YmmfbMwkw,CF2,4.3679
347,_SFLBB-cdEeet0YmmfbMwkw,CF2,4.3679
348,_SFLBB-cdEeet0YmmfbMwkw,CF2,4.3679
349,_SFLBB-cdEeet0YmmfbMwkw,CF2,4.3679
350,_SFLBrucdEeet0YmmfbMwkw,CF3,6.2158
351,_SFLBrucdEeet0YmmfbMwkw,CF3,6.2158
352,_SFLBrucdEeet0YmmfbMwkw,CF3,6.2158
353,_SFLnO-cdEeet0YmmfbMwkw,CF1,4.3769
354,_SFLnO-cdEeet0YmmfbMwkw,CF1,4.3769
355,_SFLnO-cdEeet0YmmfbMwkw,CF1,4.3769
356,_SFLnO-cdEeet0YmmfbMwkw,CF1,4.3769
357,_SFLnO-cdEeet0YmmfbMwkw,CF1,4.3769
358,_SFLnO-cdEeet0YmmfbMwkw,CF1,4.3769
359,_SFLnO-cdEeet0YmmfbMwkw,CF1,4.3769
360,_SFLnO-cdEeet0YmmfbMwkw,CF1,4.3769
361,_SFLnO-cdEeet0YmmfbMwkw,CF1,4.3769
362,_SFBPhucdEeet0YmmfbMwkw,CF2,5.6547
363,_SFBPhucdEeet0YmmfbMwkw,CF2,5.6547
364,_SFBPhucdEeet0YmmfbMwkw,CF2,5.6547
365,_SFBPhucdEeet0YmmfbMwkw,CF2,5.6547
366,_SFGwHecdEeet0YmmfbMwkw,CF1,3.0246
367,_SFGwHecdEeet0YmmfbMwkw,CF1,3.0246
368,_SFGwHecdEeet0YmmfbMwkw,CF1,3.0246
369,_SFNd2ecdEeet0YmmfbMwkw,CF2,2.4919
370,_SFNd2ecdEeet0YmmfbMwkw,CF2,2.4919
371,_SFNd2ecdEeet0YmmfbMwkw,CF2,2.4919
372,_SEyloOcdEeet0YmmfbMwkw,CF2,2.6754
373,_SEyloOcdEeet0YmmfbMwkw,CF2,2.6754
374,_SEyloOcdEeet0YmmfbMwkw,CF2,2.6754
375,_SFS9NecdEeet0YmmfbMwkw,CF2,2.3098
376,_SFS9NecdEeet0YmmfbMwkw,CF2,2.3098
377,_SFS9NecdEeet0YmmfbMwkw,CF2,2.3098
378,_SFMQD-cdEeet0YmmfbMwkw,CF1,4.3889
379,_SFMQD-cdEeet0YmmfbMwkw,CF1,4.3889
380,_SFMQD-cdEeet0YmmfbMwkw,CF1,4.3889
381,_SE_aXOcdEeet0YmmfbMwkw,CF2,7.1677
382,_SE_aXOcdEeet0YmmfbMwkw,CF2,7.1677
383,_SE_aXOcdEeet0YmmfbMwkw,CF2,7.1677
384,_SE_aXOcdEeet0YmmfbMwkw,CF2,7.1677
385,_SE8-WecdEeet0YmmfbMwkw,CF2,2.6574
386,_SE8-WecdEeet0YmmfbMwkw,CF2,2.6574
387,_SE8-WecdEeet0YmmfbMwkw,CF2,2.6574
388,_SE8XfecdEeet0YmmfbMwkw,CF1,4.2249
389,_SE8XfecdEeet0YmmfbMwkw,CF1,4.2249
390,_SE8XfecdEeet0YmmfbMwkw,CF1,4.2249
391,_SFDr3ecdEeet0YmmfbMwkw,CF3,29.752
392,_SFDr3ecdEeet0YmmfbMwkw,CF3,29.6184
393,_SFFgpOcdEeet0YmmfbMwkw,CF2,2.6974
394,_SFFgpOcdEeet0YmmfbMwkw,CF2,2.6974
395,_SFFgpOcdEeet0YmmfbMwkw,CF2,2.6974
396,_SFFgpOcdEeet0YmmfbMwkw,CF2,2.6974
397,_SFFgpOcdEeet0YmmfbMwkw,CF2,2.6974
398,_SFFgpOcdEeet0YmmfbMwkw,CF2,2.6974
399,_SFJyWecdEeet0YmmfbMwkw,CF2,2.8712
400,_SFJyWecdEeet0YmmfbMwkw,CF2,2.8712
401,_SFJyWecdEeet0YmmfbMwkw,CF2,2.8712
402,_SE8-HecdEeet0YmmfbMwkw,CF1,4.2199
403,_SE8-HecdEeet0YmmfbMwkw,CF1,4.2199
404,_SE8-HecdEeet0YmmfbMwkw,CF1,4.2199
405,_SFApIecdEeet0YmmfbMwkw,CF1,4.2749
406,_SFApIecdEeet0YmmfbMwkw,CF1,4.2749
407,_SFApIecdEeet0YmmfbMwkw,CF1,4.2749
408,_SFCd5ucdEeet0YmmfbMwkw,CF2,2.8522
409,_SFCd5ucdEeet0YmmfbMwkw,CF2,2.8522
410,_SFCd5ucdEeet0YmmfbMwkw,CF2,2.8522
411,_SEzNE-cdEeet0YmmfbMwkw,CF3,30.3919
412,_SEzNE-cdEeet0YmmfbMwkw,CF3,30.2377
413,_SFETFecdEeet0YmmfbMwkw,CF3,4.3199
414,_SFETFecdEeet0YmmfbMwkw,CF3,4.3199
415,_SFETFecdEeet0YmmfbMwkw,CF3,4.3199
416,_SFLBPucdEeet0YmmfbMwkw,CF2,2.3028
417,_SFLBPucdEeet0YmmfbMwkw,CF2,2.3028
418,_SFLBPucdEeet0YmmfbMwkw,CF2,2.3028
419,_SEz0d-cdEeet0YmmfbMwkw,CF2,2.2958
420,_SEz0d-cdEeet0YmmfbMwkw,CF2,2.2958
421,_SEz0d-cdEeet0YmmfbMwkw,CF2,2.2958
422,_SE6hd-cdEeet0YmmfbMwkw,CF2,2.6534
423,_SE6hd-cdEeet0YmmfbMwkw,CF2,2.6534
424,_SE6hd-cdEeet0YmmfbMwkw,CF2,2.6534
425,_SEvipucdEeet0YmmfbMwkw,CF3,5.6879
426,_SEvipucdEeet0YmmfbMwkw,CF3,5.6879
427,_SEvipucdEeet0YmmfbMwkw,CF3,5.6879
428,_SEvipucdEeet0YmmfbMwkw,CF3,5.6879
429,_SFLBvecdEeet0YmmfbMwkw,CF3,4.3729
430,_SFLBvecdEeet0YmmfbMwkw,CF3,4.3729
431,_SFLBvecdEeet0YmmfbMwkw,CF3,4.3729
432,_SFCeOOcdEeet0YmmfbMwkw,CF3,4.2919
433,_SFCeOOcdEeet0YmmfbMwkw,CF3,4.2919
434,_SFCeOOcdEeet0YmmfbMwkw,CF3,4.2919
435,_SFCeOOcdEeet0YmmfbMwkw,CF3,4.2919
436,_SFCeOOcdEeet0YmmfbMwkw,CF3,4.2919
437,_SFB2oOcdEeet0YmmfbMwkw,CF1,4.2789
438,_SFB2oOcdEeet0YmmfbMwkw,CF1,4.2789
439,_SFB2oOcdEeet0YmmfbMwkw,CF1,4.2789
440,_SFAojecdEeet0YmmfbMwkw,CF1,3.0016
441,_SFAojecdEeet0YmmfbMwkw,CF1,3.0016
442,_SFAojecdEeet0YmmfbMwkw,CF1,3.0016
443,_SFAojecdEeet0YmmfbMwkw,CF1,3.0016
444,_SFAojecdEeet0YmmfbMwkw,CF1,3.0016
445,_SFAojecdEeet0YmmfbMwkw,CF1,3.0016
446,_SFDFc-cdEeet0YmmfbMwkw,CF3,6.061
447,_SFDFc-cdEeet0YmmfbMwkw,CF3,6.061
448,_SFLnRecdEeet0YmmfbMwkw,CF2,5.7309
449,_SFLnRecdEeet0YmmfbMwkw,CF2,5.7309
450,_SFLnRecdEeet0YmmfbMwkw,CF2,5.7309
451,_SFLnRecdEeet0YmmfbMwkw,CF2,5.7309
452,_SFLnRecdEeet0YmmfbMwkw,CF2,5.7309
453,_SFLnRecdEeet0YmmfbMwkw,CF2,5.7309
454,_SFDr1ecdEeet0YmmfbMwkw,CF3,4.2999
455,_SFDr1ecdEeet0YmmfbMwkw,CF3,4.2999
456,_SFDr1ecdEeet0YmmfbMwkw,CF3,4.2999
457,_SFDr1ecdEeet0YmmfbMwkw,CF3,4.2999
458,_SFDr1ecdEeet0YmmfbMwkw,CF3,4.2999
459,_SE-zMOcdEeet0YmmfbMwkw,CF1,4.1939
460,_SE-zMOcdEeet0YmmfbMwkw,CF1,4.1939
461,_SFE55ucdEeet0YmmfbMwkw,CF3,4.3089
462,_SFE55ucdEeet0YmmfbMwkw,CF3,4.3089
463,_SFE55ucdEeet0YmmfbMwkw,CF3,4.3089
464,_SEzNFecdEeet0YmmfbMwkw,CF1,55.7556
465,_SEzNFecdEeet0YmmfbMwkw,CF1,55.6015
466,_SEzNFecdEeet0YmmfbMwkw,CF1,55.6015
467,_SEzNFecdEeet0YmmfbMwkw,CF1,55.6015
468,_SEuUcucdEeet0YmmfbMwkw,CF2,2.2918
469,_SEuUcucdEeet0YmmfbMwkw,CF2,2.2918
470,_SEuUcucdEeet0YmmfbMwkw,CF2,2.2918
471,_SFESjOcdEeet0YmmfbMwkw,CF1,2.6944
472,_SFESjOcdEeet0YmmfbMwkw,CF1,2.6944
473,_SFESjOcdEeet0YmmfbMwkw,CF1,2.6944
474,_SE4FWecdEeet0YmmfbMwkw,CF2,34.8071
475,_SE4FWecdEeet0YmmfbMwkw,CF2,34.8071
476,_SE4FWecdEeet0YmmfbMwkw,CF2,34.8071
477,_SFOE5-cdEeet0YmmfbMwkw,CF2,2.4939
478,_SFOE5-cdEeet0YmmfbMwkw,CF2,2.4939
479,_SFOE5-cdEeet0YmmfbMwkw,CF2,2.4939
480,_SFDEt-cdEeet0YmmfbMwkw,CF3,4.2949
481,_SFDEt-cdEeet0YmmfbMwkw,CF3,4.2949
482,_SFDEt-cdEeet0YmmfbMwkw,CF3,4.2949
483,_SFDEt-cdEeet0YmmfbMwkw,CF3,4.2949
484,_SFKZIucdEeet0YmmfbMwkw,CF3,7.0442
485,_SFKZIucdEeet0YmmfbMwkw,CF3,7.0442
486,_SFKZIucdEeet0YmmfbMwkw,CF3,7.0442
487,_SEwwuecdEeet0YmmfbMwkw,CF2,4.5335
488,_SEwwuecdEeet0YmmfbMwkw,CF2,4.5335
489,_SEwwuecdEeet0YmmfbMwkw,CF2,4.5335
490,_SFAop-cdEeet0YmmfbMwkw,CF2,2.6814
491,_SFAop-cdEeet0YmmfbMwkw,CF2,2.6814
492,_SFAop-cdEeet0YmmfbMwkw,CF2,2.6814
493,_SFOFPucdEeet0YmmfbMwkw,CF3,5.7419
494,_SFOFPucdEeet0YmmfbMwkw,CF3,5.7419
495,_SFGInOcdEeet0YmmfbMwkw,CF3,5.7139
496,_SFGInOcdEeet0YmmfbMwkw,CF3,5.7139
497,_SFGInOcdEeet0YmmfbMwkw,CF3,5.7139
498,_SFKaqecdEeet0YmmfbMwkw,CF2,2.8742
499,_SFKaqecdEeet0YmmfbMwkw,CF2,2.8742
500,_SFKaqecdEeet0YmmfbMwkw,CF2,2.8742
501,_SFDsm-cdEeet0YmmfbMwkw,CF2,2.6924
502,_SFDsm-cdEeet0YmmfbMwkw,CF2,2.6924
503,_SFDsm-cdEeet0YmmfbMwkw,CF2,2.6924
504,_SFDsm-cdEeet0YmmfbMwkw,CF2,2.6924
505,_SFDsm-cdEeet0YmmfbMwkw,CF2,2.6924
506,_SFDsm-cdEeet0YmmfbMwkw,CF2,2.6924
507,_SFOER-cdEeet0YmmfbMwkw,CF2,2.4949
508,_SFOER-cdEeet0YmmfbMwkw,CF2,2.4949
509,_SFOER-cdEeet0YmmfbMwkw,CF2,2.4949
510,_SFS8XucdEeet0YmmfbMwkw,CF1,4.4109
511,_SFS8XucdEeet0YmmfbMwkw,CF1,4.4109
512,_SFS8XucdEeet0YmmfbMwkw,CF1,4.4109
513,_SFLosucdEeet0YmmfbMwkw,CF2,2.3038
514,_SFLosucdEeet0YmmfbMwkw,CF2,2.3038
515,_SFLosucdEeet0YmmfbMwkw,CF2,2.3038
516,_SE23vucdEeet0YmmfbMwkw,CF3,2.6494
517,_SE23vucdEeet0YmmfbMwkw,CF3,2.6494
518,_SE23vucdEeet0YmmfbMwkw,CF3,2.6494
519,_SFDs_-cdEeet0YmmfbMwkw,CF1,4.3049
520,_SFDs_-cdEeet0YmmfbMwkw,CF1,4.3049
521,_SFDs_-cdEeet0YmmfbMwkw,CF1,4.3049
522,_SFGvd-cdEeet0YmmfbMwkw,CF1,4.5435
523,_SFGvd-cdEeet0YmmfbMwkw,CF1,4.5435
524,_SFGvd-cdEeet0YmmfbMwkw,CF1,4.5435
525,_SFGvd-cdEeet0YmmfbMwkw,CF1,4.5435
526,_SFGvd-cdEeet0YmmfbMwkw,CF1,4.5435
527,_SFGvd-cdEeet0YmmfbMwkw,CF1,4.5435
528,_SE-z0OcdEeet0YmmfbMwkw,CF3,4.1919
529,_SE-z0OcdEeet0YmmfbMwkw,CF3,4.1919
530,_SE-z0OcdEeet0YmmfbMwkw,CF3,4.1919
531,_SFODducdEeet0YmmfbMwkw,CF1,3.0286
532,_SFODducdEeet0YmmfbMwkw,CF1,3.0286
533,_SFODducdEeet0YmmfbMwkw,CF1,3.0286
534,_SFODkOcdEeet0YmmfbMwkw,CF2,2.7264
535,_SFODkOcdEeet0YmmfbMwkw,CF2,2.7264
536,_SFODkOcdEeet0YmmfbMwkw,CF2,2.7264
537,_SEx_M-cdEeet0YmmfbMwkw,CF1,4.5355
538,_SEx_M-cdEeet0YmmfbMwkw,CF1,4.5355
539,_SEx_M-cdEeet0YmmfbMwkw,CF1,4.5355
540,_SEu7tecdEeet0YmmfbMwkw,CF3,2.6664
541,_SEu7tecdEeet0YmmfbMwkw,CF3,2.6664
542,_SEu7tecdEeet0YmmfbMwkw,CF3,2.6664
543,_SE-L8ecdEeet0YmmfbMwkw,CF3,4.1879
544,_SE-L8ecdEeet0YmmfbMwkw,CF3,4.1879
545,_SE-L8ecdEeet0YmmfbMwkw,CF3,4.1879
546,_SFLn7ecdEeet0YmmfbMwkw,CF3,4.5957
547,_SFLn7ecdEeet0YmmfbMwkw,CF3,4.5957
548,_SFLn7ecdEeet0YmmfbMwkw,CF3,4.5957
549,_SE56uecdEeet0YmmfbMwkw,CF2,2.6514
550,_SE56uecdEeet0YmmfbMwkw,CF2,2.6514
551,_SE56uecdEeet0YmmfbMwkw,CF2,2.6514
552,_SE56qecdEeet0YmmfbMwkw,CF1,2.9876
553,_SE56qecdEeet0YmmfbMwkw,CF1,2.9876
554,_SE56qecdEeet0YmmfbMwkw,CF1,2.9876
555,_SEwwr-cdEeet0YmmfbMwkw,CF3,3.3567
556,_SEwwr-cdEeet0YmmfbMwkw,CF3,3.3567
557,_SEwwr-cdEeet0YmmfbMwkw,CF3,3.3567
558,_SFOEpucdEeet0YmmfbMwkw,CF3,4.5987
559,_SFOEpucdEeet0YmmfbMwkw,CF3,4.5987
560,_SE_a1OcdEeet0YmmfbMwkw,CF2,4.2319
561,_SE_a1OcdEeet0YmmfbMwkw,CF2,4.2319
562,_SE_a1OcdEeet0YmmfbMwkw,CF2,4.2319
563,_SE_a1OcdEeet0YmmfbMwkw,CF2,4.2319
564,_SExYNOcdEeet0YmmfbMwkw,CF2,5.6939
565,_SExYNOcdEeet0YmmfbMwkw,CF2,5.6939
566,_SExYNOcdEeet0YmmfbMwkw,CF2,5.6939
567,_SExYNOcdEeet0YmmfbMwkw,CF2,5.6939
568,_SFB2xucdEeet0YmmfbMwkw,CF2,2.6844
569,_SFB2xucdEeet0YmmfbMwkw,CF2,2.6844
570,_SFB2xucdEeet0YmmfbMwkw,CF2,2.6844
571,_SFB2xucdEeet0YmmfbMwkw,CF2,2.6844
572,_SFB2xucdEeet0YmmfbMwkw,CF2,2.6844
573,_SFB2xucdEeet0YmmfbMwkw,CF2,2.6844
574,_SE_aPucdEeet0YmmfbMwkw,CF1,4.2349
575,_SE_aPucdEeet0YmmfbMwkw,CF1,4.2349
576,_SE_aPucdEeet0YmmfbMwkw,CF1,4.2349
577,_SFGIqOcdEeet0YmmfbMwkw,CF3,4.3299
578,_SFGIqOcdEeet0YmmfbMwkw,CF3,4.3299
579,_SFGIqOcdEeet0YmmfbMwkw,CF3,4.3299
580,_SEu7mecdEeet0YmmfbMwkw,CF3,4.2399
581,_SEu7mecdEeet0YmmfbMwkw,CF3,4.2399
582,_SEu7mecdEeet0YmmfbMwkw,CF3,4.2399
583,_SFHWA-cdEeet0YmmfbMwkw,CF2,2.8702
584,_SFHWA-cdEeet0YmmfbMwkw,CF2,2.8702
585,_SFHWA-cdEeet0YmmfbMwkw,CF2,2.8702
586,_SE8W-ecdEeet0YmmfbMwkw,CF1,4.5245
587,_SE8W-ecdEeet0YmmfbMwkw,CF1,4.5245
588,_SE8W-ecdEeet0YmmfbMwkw,CF1,4.5245
589,_SE8W-ecdEeet0YmmfbMwkw,CF1,4.5245
590,_SE8W-ecdEeet0YmmfbMwkw,CF1,4.5245
591,_SE8W-ecdEeet0YmmfbMwkw,CF1,4.5245
592,_SEu7sOcdEeet0YmmfbMwkw,CF1,2.6644
593,_SEu7sOcdEeet0YmmfbMwkw,CF1,2.6644
594,_SEu7sOcdEeet0YmmfbMwkw,CF1,2.6644
595,_SFFhyucdEeet0YmmfbMwkw,CF1,3.0176
596,_SFFhyucdEeet0YmmfbMwkw,CF1,3.0176
597,_SFFhyucdEeet0YmmfbMwkw,CF1,3.0176
598,_SFMOz-cdEeet0YmmfbMwkw,CF1,4.3849
599,_SFMOz-cdEeet0YmmfbMwkw,CF1,4.3849
600,_SFMOz-cdEeet0YmmfbMwkw,CF1,4.3849
601,_SEvizucdEeet0YmmfbMwkw,CF2,2.6724
602,_SEvizucdEeet0YmmfbMwkw,CF2,2.6724
603,_SEvizucdEeet0YmmfbMwkw,CF2,2.6724
604,_SFOFcOcdEeet0YmmfbMwkw,CF2,2.7324
605,_SFOFcOcdEeet0YmmfbMwkw,CF2,2.7324
606,_SFOFcOcdEeet0YmmfbMwkw,CF2,2.7324
607,_SFOD_ucdEeet0YmmfbMwkw,CF3,5.7399
608,_SFOD_ucdEeet0YmmfbMwkw,CF3,5.7399
609,_SEwwu-cdEeet0YmmfbMwkw,CF1,39.5903
610,_SEwwu-cdEeet0YmmfbMwkw,CF1,39.7573
611,_SEwwu-cdEeet0YmmfbMwkw,CF1,39.7573
612,_SEwwu-cdEeet0YmmfbMwkw,CF1,39.7573
613,_SEwwu-cdEeet0YmmfbMwkw,CF1,39.7573
614,_SEwwu-cdEeet0YmmfbMwkw,CF1,39.7573
615,_SEwwu-cdEeet0YmmfbMwkw,CF1,39.7573
616,_SFMQLecdEeet0YmmfbMwkw,CF2,7.1957
617,_SFMQLecdEeet0YmmfbMwkw,CF2,7.1957
618,_SFMQLecdEeet0YmmfbMwkw,CF2,7.1957
619,_SE23gucdEeet0YmmfbMwkw,CF3,4.2009
620,_SE23gucdEeet0YmmfbMwkw,CF3,4.2009
621,_SE23gucdEeet0YmmfbMwkw,CF3,4.2009
622,_SFJyvecdEeet0YmmfbMwkw,CF1,3.3647
623,_SFJyvecdEeet0YmmfbMwkw,CF1,3.3647
624,_SFJyvecdEeet0YmmfbMwkw,CF1,3.3647
625,_SFJyvecdEeet0YmmfbMwkw,CF1,3.3647
626,_SE-zLOcdEeet0YmmfbMwkw,CF2,3.3517
627,_SE-zLOcdEeet0YmmfbMwkw,CF2,3.3517
628,_SFABhOcdEeet0YmmfbMwkw,CF1,2.9996
629,_SFABhOcdEeet0YmmfbMwkw,CF1,2.9996
630,_SFABhOcdEeet0YmmfbMwkw,CF1,2.9996
631,_SFS9FOcdEeet0YmmfbMwkw,CF3,4.4139
632,_SFS9FOcdEeet0YmmfbMwkw,CF3,4.4139
633,_SEz0XOcdEeet0YmmfbMwkw,CF1,4.5365
634,_SEz0XOcdEeet0YmmfbMwkw,CF1,4.5365
635,_SEz0XOcdEeet0YmmfbMwkw,CF1,4.5365
636,_SE8-O-cdEeet0YmmfbMwkw,CF1,7.1657
637,_SE8-O-cdEeet0YmmfbMwkw,CF1,7.1657
638,_SE8-O-cdEeet0YmmfbMwkw,CF1,7.1657
639,_SE8-O-cdEeet0YmmfbMwkw,CF1,7.1657
640,_SE8-O-cdEeet0YmmfbMwkw,CF1,7.1657
641,_SE8Xn-cdEeet0YmmfbMwkw,CF1,2.9926
642,_SE8Xn-cdEeet0YmmfbMwkw,CF1,2.9926
643,_SE8Xn-cdEeet0YmmfbMwkw,CF1,2.9926
644,_SFFhMOcdEeet0YmmfbMwkw,CF3,2.0874
645,_SFFhMOcdEeet0YmmfbMwkw,CF3,2.0874
646,_SFFhMOcdEeet0YmmfbMwkw,CF3,2.0874
647,_SEz0cucdEeet0YmmfbMwkw,CF1,2.6764
648,_SEz0cucdEeet0YmmfbMwkw,CF1,2.6764
649,_SEz0cucdEeet0YmmfbMwkw,CF1,2.6764
650,_SEymIOcdEeet0YmmfbMwkw,CF1,89.1603
651,_SEymIOcdEeet0YmmfbMwkw,CF1,88.6903
652,_SEymIOcdEeet0YmmfbMwkw,CF1,88.6903
653,_SEymIOcdEeet0YmmfbMwkw,CF1,88.6903
654,_SEu7xecdEeet0YmmfbMwkw,CF1,2.4729
655,_SEu7xecdEeet0YmmfbMwkw,CF1,2.4729
656,_SEu7xecdEeet0YmmfbMwkw,CF1,2.4729
657,_SFMOXOcdEeet0YmmfbMwkw,CF1,2.7204
658,_SFMOXOcdEeet0YmmfbMwkw,CF1,2.7204
659,_SFMOXOcdEeet0YmmfbMwkw,CF1,2.7204
660,_SExXkecdEeet0YmmfbMwkw,CF3,6.2098
661,_SExXkecdEeet0YmmfbMwkw,CF3,6.2098
662,_SExXkecdEeet0YmmfbMwkw,CF3,6.2098
663,_SFKZXecdEeet0YmmfbMwkw,CF2,2.4819
664,_SFKZXecdEeet0YmmfbMwkw,CF2,2.4819
665,_SFKZXecdEeet0YmmfbMwkw,CF2,2.4819
666,_SFOEIecdEeet0YmmfbMwkw,CF1,2.7284
667,_SFOEIecdEeet0YmmfbMwkw,CF1,2.7284
668,_SFOEIecdEeet0YmmfbMwkw,CF1,2.7284
669,_SFFhCOcdEeet0YmmfbMwkw,CF1,4.3209
670,_SFFhCOcdEeet0YmmfbMwkw,CF1,4.3209
671,_SFFhCOcdEeet0YmmfbMwkw,CF1,4.3209
672,_SFFhCOcdEeet0YmmfbMwkw,CF1,4.3209
673,_SFFhCOcdEeet0YmmfbMwkw,CF1,4.3209
674,_SFFhCOcdEeet0YmmfbMwkw,CF1,4.3209
675,_SFFhCOcdEeet0YmmfbMwkw,CF1,4.3209
676,_SFFhCOcdEeet0YmmfbMwkw,CF1,4.3209
677,_SFFhCOcdEeet0YmmfbMwkw,CF1,4.3209
678,_SFFhCOcdEeet0YmmfbMwkw,CF1,4.3209
679,_SFFhCOcdEeet0YmmfbMwkw,CF1,4.3209
680,_SFDrv-cdEeet0YmmfbMwkw,CF3,4.3019
681,_SFDrv-cdEeet0YmmfbMwkw,CF3,4.3019
682,_SFDrv-cdEeet0YmmfbMwkw,CF3,4.3019
683,_SFCdn-cdEeet0YmmfbMwkw,CF3,24.4012
684,_SFCdn-cdEeet0YmmfbMwkw,CF3,24.247
685,_SFCdn-cdEeet0YmmfbMwkw,CF3,24.247
686,_SFCdn-cdEeet0YmmfbMwkw,CF3,24.247
687,_SFLBxecdEeet0YmmfbMwkw,CF3,7.843999999999999
688,_SFLBxecdEeet0YmmfbMwkw,CF3,7.843999999999999
689,_SFLBxecdEeet0YmmfbMwkw,CF3,7.843999999999999
690,_SFMOS-cdEeet0YmmfbMwkw,CF2,4.5505
691,_SFMOS-cdEeet0YmmfbMwkw,CF2,4.5505
692,_SFMOS-cdEeet0YmmfbMwkw,CF2,4.5505
693,_SFMOS-cdEeet0YmmfbMwkw,CF2,4.5505
694,_SFMOS-cdEeet0YmmfbMwkw,CF2,4.5505
695,_SFMOS-cdEeet0YmmfbMwkw,CF2,4.5505
696,_SFGIQOcdEeet0YmmfbMwkw,CF2,2.8662
697,_SFGIQOcdEeet0YmmfbMwkw,CF2,2.8662
698,_SFGIQOcdEeet0YmmfbMwkw,CF2,2.8662
699,_SE8W5OcdEeet0YmmfbMwkw,CF3,6.2068
700,_SE8W5OcdEeet0YmmfbMwkw,CF3,6.2068
701,_SE8W5OcdEeet0YmmfbMwkw,CF3,6.2068
702,_SEu7uucdEeet0YmmfbMwkw,CF1,2.2898
703,_SEu7uucdEeet0YmmfbMwkw,CF1,2.2898
704,_SEu7uucdEeet0YmmfbMwkw,CF1,2.2898
705,_SE6h_ecdEeet0YmmfbMwkw,CF1,2.9896
706,_SE6h_ecdEeet0YmmfbMwkw,CF1,2.9896
707,_SE6h_ecdEeet0YmmfbMwkw,CF1,2.9896
708,_SEu7jecdEeet0YmmfbMwkw,CF3,5.6869
709,_SEu7jecdEeet0YmmfbMwkw,CF3,5.6869
710,_SEu7jecdEeet0YmmfbMwkw,CF3,5.6869
711,_SEu7jecdEeet0YmmfbMwkw,CF3,5.6869
712,_SE8W8-cdEeet0YmmfbMwkw,CF1,4.2239
713,_SE8W8-cdEeet0YmmfbMwkw,CF1,4.2239
714,_SE8W8-cdEeet0YmmfbMwkw,CF1,4.2239
715,_SFE6hucdEeet0YmmfbMwkw,CF3,4.3149
716,_SFE6hucdEeet0YmmfbMwkw,CF3,4.3149
717,_SFE6hucdEeet0YmmfbMwkw,CF3,4.3149
718,_SFLomecdEeet0YmmfbMwkw,CF2,7.1917
719,_SFLomecdEeet0YmmfbMwkw,CF2,7.1917
720,_SFLomecdEeet0YmmfbMwkw,CF2,7.1917
721,_SFOq5-cdEeet0YmmfbMwkw,CF3,51.4379
722,_SFOq5-cdEeet0YmmfbMwkw,CF3,51.3043
723,_SFLn8ecdEeet0YmmfbMwkw,CF2,4.3759
724,_SFLn8ecdEeet0YmmfbMwkw,CF2,4.3759
725,_SFLn8ecdEeet0YmmfbMwkw,CF2,4.3759
726,_SFLn8ecdEeet0YmmfbMwkw,CF2,4.3759
727,_SFGIBOcdEeet0YmmfbMwkw,CF1,3.3617
728,_SFGIBOcdEeet0YmmfbMwkw,CF1,3.3617
729,_SFGIBOcdEeet0YmmfbMwkw,CF1,3.3617
730,_SFGIBOcdEeet0YmmfbMwkw,CF1,3.3617
731,_SE2QdecdEeet0YmmfbMwkw,CF1,5.2744
732,_SE2QdecdEeet0YmmfbMwkw,CF1,5.2744
733,_SE2QdecdEeet0YmmfbMwkw,CF1,5.2744
734,_SFS8dOcdEeet0YmmfbMwkw,CF3,4.4129
735,_SFS8dOcdEeet0YmmfbMwkw,CF3,4.4129
736,_SFGwN-cdEeet0YmmfbMwkw,CF2,2.7064
737,_SFGwN-cdEeet0YmmfbMwkw,CF2,2.7064
738,_SFGwN-cdEeet0YmmfbMwkw,CF2,2.7064
739,_SFGwN-cdEeet0YmmfbMwkw,CF2,2.7064
740,_SFGwN-cdEeet0YmmfbMwkw,CF2,2.7064
741,_SFGwN-cdEeet0YmmfbMwkw,CF2,2.7064
742,_SFHV8ecdEeet0YmmfbMwkw,CF2,2.7074
743,_SFHV8ecdEeet0YmmfbMwkw,CF2,2.7074
744,_SFHV8ecdEeet0YmmfbMwkw,CF2,2.7074
745,_SFACGOcdEeet0YmmfbMwkw,CF3,4.2709
746,_SFACGOcdEeet0YmmfbMwkw,CF3,4.2709
747,_SFACGOcdEeet0YmmfbMwkw,CF3,4.2709
748,_SFBPgOcdEeet0YmmfbMwkw,CF1,4.2839
749,_SFBPgOcdEeet0YmmfbMwkw,CF1,4.2839
750,_SFBPgOcdEeet0YmmfbMwkw,CF1,4.2839
751,_SFB3QOcdEeet0YmmfbMwkw,CF1,4.2819
752,_SFB3QOcdEeet0YmmfbMwkw,CF1,4.2819
753,_SFB3QOcdEeet0YmmfbMwkw,CF1,4.2819
754,_SFJytecdEeet0YmmfbMwkw,CF3,5.7219
755,_SFJytecdEeet0YmmfbMwkw,CF3,5.7219
756,_SFJytecdEeet0YmmfbMwkw,CF3,5.7219
757,_SFLAfecdEeet0YmmfbMwkw,CF2,4.3659
758,_SFLAfecdEeet0YmmfbMwkw,CF2,4.3659
759,_SFLAfecdEeet0YmmfbMwkw,CF2,4.3659
760,_SE-zOOcdEeet0YmmfbMwkw,CF1,22.1898
761,_SE-zOOcdEeet0YmmfbMwkw,CF1,22.1898
762,_SE-zOOcdEeet0YmmfbMwkw,CF1,22.1898
763,_SFLn7ecdEeet0YmmfbMwkw,CF2,3.3707
764,_SFLn7ecdEeet0YmmfbMwkw,CF2,3.3707
765,_SFLn7ecdEeet0YmmfbMwkw,CF2,3.3707
766,_SFLn7ecdEeet0YmmfbMwkw,CF2,3.3707
767,_SFLn7ecdEeet0YmmfbMwkw,CF2,3.3707
768,_SFLn7ecdEeet0YmmfbMwkw,CF2,3.3707
769,_SE-z3OcdEeet0YmmfbMwkw,CF1,2.9846
770,_SE-z3OcdEeet0YmmfbMwkw,CF1,2.9846
771,_SE-z3OcdEeet0YmmfbMwkw,CF1,2.9846
772,_SFHVy-cdEeet0YmmfbMwkw,CF3,4.3419
773,_SFHVy-cdEeet0YmmfbMwkw,CF3,4.3419
774,_SFHVy-cdEeet0YmmfbMwkw,CF3,4.3419
775,_SFES_-cdEeet0YmmfbMwkw,CF3,4.3169
776,_SFES_-cdEeet0YmmfbMwkw,CF3,4.3169
777,_SFES_-cdEeet0YmmfbMwkw,CF3,4.3169
778,_SE7Iq-cdEeet0YmmfbMwkw,CF1,37.2554
779,_SE7Iq-cdEeet0YmmfbMwkw,CF1,37.5431
780,_SE7Iq-cdEeet0YmmfbMwkw,CF1,37.5431
781,_SE7Iq-cdEeet0YmmfbMwkw,CF1,37.5431
782,_SEzNDecdEeet0YmmfbMwkw,CF3,4.2639
783,_SEzNDecdEeet0YmmfbMwkw,CF3,4.2639
784,_SEuUfecdEeet0YmmfbMwkw,CF1,2.4739
785,_SEuUfecdEeet0YmmfbMwkw,CF1,2.4739
786,_SEuUfecdEeet0YmmfbMwkw,CF1,2.4739
787,_SE5TwucdEeet0YmmfbMwkw,CF3,2.0734
788,_SE5TwucdEeet0YmmfbMwkw,CF3,2.0734
789,_SE5TwucdEeet0YmmfbMwkw,CF3,2.0734
790,_SEuUQucdEeet0YmmfbMwkw,CF1,6.2078
791,_SEuUQucdEeet0YmmfbMwkw,CF1,6.2078
792,_SEuUQucdEeet0YmmfbMwkw,CF1,6.2078
793,_SFKaCecdEeet0YmmfbMwkw,CF2,2.8732
794,_SFKaCecdEeet0YmmfbMwkw,CF2,2.8732
795,_SFKaCecdEeet0YmmfbMwkw,CF2,2.8732
796,_SFKZ0ecdEeet0YmmfbMwkw,CF2,4.3509
797,_SFKZ0ecdEeet0YmmfbMwkw,CF2,4.3509
798,_SFKZ0ecdEeet0YmmfbMwkw,CF2,4.3509
799,_SE23HucdEeet0YmmfbMwkw,CF3,2.6474
800,_SE23HucdEeet0YmmfbMwkw,CF3,2.6474
801,_SE23HucdEeet0YmmfbMwkw,CF3,2.6474
802,_SEzM9-cdEeet0YmmfbMwkw,CF1,4.2629
803,_SEzM9-cdEeet0YmmfbMwkw,CF1,4.2629
804,_SEzM9-cdEeet0YmmfbMwkw,CF1,4.2629
805,_SEvinOcdEeet0YmmfbMwkw,CF3,4.2449
806,_SEvinOcdEeet0YmmfbMwkw,CF3,4.2449
807,_SEvinOcdEeet0YmmfbMwkw,CF3,4.2449
808,_SEvinOcdEeet0YmmfbMwkw,CF3,4.2449
809,_SFKZwucdEeet0YmmfbMwkw,CF3,6.6649
810,_SFKZwucdEeet0YmmfbMwkw,CF3,6.6649
811,_SFKZwucdEeet0YmmfbMwkw,CF3,6.6649
812,_SFKaeecdEeet0YmmfbMwkw,CF3,7.1877
813,_SFKaeecdEeet0YmmfbMwkw,CF3,7.1877
814,_SFKaeecdEeet0YmmfbMwkw,CF3,7.1877
815,_SEx-lecdEeet0YmmfbMwkw,CF1,8.0249
816,_SEx-lecdEeet0YmmfbMwkw,CF1,8.0249
817,_SEx-lecdEeet0YmmfbMwkw,CF1,8.0249
818,_SFKacecdEeet0YmmfbMwkw,CF2,4.3609
819,_SFKacecdEeet0YmmfbMwkw,CF2,4.3609
820,_SFKacecdEeet0YmmfbMwkw,CF2,4.3609
821,_SEu7g-cdEeet0YmmfbMwkw,CF3,4.2389
822,_SEu7g-cdEeet0YmmfbMwkw,CF3,4.2389
823,_SFS9xucdEeet0YmmfbMwkw,CF1,2.1054
824,_SFS9xucdEeet0YmmfbMwkw,CF1,2.1054
825,_SFS9xucdEeet0YmmfbMwkw,CF1,2.1054
826,_SFGILucdEeet0YmmfbMwkw,CF2,2.7004
827,_SFGILucdEeet0YmmfbMwkw,CF2,2.7004
828,_SFGILucdEeet0YmmfbMwkw,CF2,2.7004
829,_SFGwLecdEeet0YmmfbMwkw,CF1,2.7054
830,_SFGwLecdEeet0YmmfbMwkw,CF1,2.7054
831,_SFGwLecdEeet0YmmfbMwkw,CF1,2.7054
832,_SFAoa-cdEeet0YmmfbMwkw,CF1,4.2719
833,_SFAoa-cdEeet0YmmfbMwkw,CF1,4.2719
834,_SFAoa-cdEeet0YmmfbMwkw,CF1,4.2719
835,_SFAoa-cdEeet0YmmfbMwkw,CF1,4.2719
836,_SFAoa-cdEeet0YmmfbMwkw,CF1,4.2719
837,_SFAoa-cdEeet0YmmfbMwkw,CF1,4.2719
838,_SFMO7ecdEeet0YmmfbMwkw,CF2,7.2007
839,_SFMO7ecdEeet0YmmfbMwkw,CF2,7.2007
840,_SFMO7ecdEeet0YmmfbMwkw,CF2,7.2007
841,_SFMO7ecdEeet0YmmfbMwkw,CF2,7.2007
842,_SFMO7ecdEeet0YmmfbMwkw,CF2,7.2007
843,_SFMO7ecdEeet0YmmfbMwkw,CF2,7.2007
844,_SFMO7ecdEeet0YmmfbMwkw,CF2,7.2007
845,_SFMO7ecdEeet0YmmfbMwkw,CF2,7.2007
846,_SFMO7ecdEeet0YmmfbMwkw,CF2,7.2007
847,_SE9laucdEeet0YmmfbMwkw,CF1,5.6849
848,_SE9laucdEeet0YmmfbMwkw,CF1,5.6849
849,_SE9laucdEeet0YmmfbMwkw,CF1,5.6849
850,_SFNdqOcdEeet0YmmfbMwkw,CF2,3.5021
851,_SFNdqOcdEeet0YmmfbMwkw,CF2,3.5021
852,_SFNdqOcdEeet0YmmfbMwkw,CF2,3.5021
853,_SFNdqOcdEeet0YmmfbMwkw,CF2,3.5021
854,_SFOFYecdEeet0YmmfbMwkw,CF1,2.7314
855,_SFOFYecdEeet0YmmfbMwkw,CF1,2.7314
856,_SFOFYecdEeet0YmmfbMwkw,CF1,2.7314
857,_SFGu0ecdEeet0YmmfbMwkw,CF1,4.3309
858,_SFGu0ecdEeet0YmmfbMwkw,CF1,4.3309
859,_SFGu0ecdEeet0YmmfbMwkw,CF1,4.3309
860,_SFGu0ecdEeet0YmmfbMwkw,CF1,4.3309
861,_SFGu0ecdEeet0YmmfbMwkw,CF1,4.3309
862,_SFGu0ecdEeet0YmmfbMwkw,CF1,4.3309
863,_SEz0YucdEeet0YmmfbMwkw,CF3,2.9986
864,_SEz0YucdEeet0YmmfbMwkw,CF3,2.9986
865,_SEz0YucdEeet0YmmfbMwkw,CF3,2.9986
866,_SFM27OcdEeet0YmmfbMwkw,CF3,6.2168
867,_SFM27OcdEeet0YmmfbMwkw,CF3,6.2168
868,_SFM27OcdEeet0YmmfbMwkw,CF3,6.2168
869,_SEvio-cdEeet0YmmfbMwkw,CF3,54.552
870,_SEvio-cdEeet0YmmfbMwkw,CF3,54.3697
871,_SFACAucdEeet0YmmfbMwkw,CF2,4.2699
872,_SFACAucdEeet0YmmfbMwkw,CF2,4.2699
873,_SFACAucdEeet0YmmfbMwkw,CF2,4.2699
874,_SFACAucdEeet0YmmfbMwkw,CF2,4.2699
875,_SFACAucdEeet0YmmfbMwkw,CF2,4.2699
876,_SFACAucdEeet0YmmfbMwkw,CF2,4.2699
877,_SFDr2-cdEeet0YmmfbMwkw,CF3,56.6874
878,_SFDr2-cdEeet0YmmfbMwkw,CF3,56.5539
879,_SFETHecdEeet0YmmfbMwkw,CF3,7.1777
880,_SFETHecdEeet0YmmfbMwkw,CF3,7.1777
881,_SFOD--cdEeet0YmmfbMwkw,CF1,6.2218
882,_SFOD--cdEeet0YmmfbMwkw,CF1,6.2218
883,_SFOD--cdEeet0YmmfbMwkw,CF1,6.2218
884,_SE-Mo-cdEeet0YmmfbMwkw,CF1,1.6094
885,_SE-Mo-cdEeet0YmmfbMwkw,CF1,1.6094
886,_SE-Mo-cdEeet0YmmfbMwkw,CF1,1.6094
887,_SFDFk-cdEeet0YmmfbMwkw,CF2,2.6904
888,_SFDFk-cdEeet0YmmfbMwkw,CF2,2.6904
889,_SFDFk-cdEeet0YmmfbMwkw,CF2,2.6904
890,_SFDFk-cdEeet0YmmfbMwkw,CF2,2.6904
891,_SFDFk-cdEeet0YmmfbMwkw,CF2,2.6904
892,_SFDFk-cdEeet0YmmfbMwkw,CF2,2.6904
893,_SFKaW-cdEeet0YmmfbMwkw,CF3,4.3589
894,_SFKaW-cdEeet0YmmfbMwkw,CF3,4.3589
895,_SFKaW-cdEeet0YmmfbMwkw,CF3,4.3589
896,_SFTjB-cdEeet0YmmfbMwkw,CF3,2.5779
897,_SFTjB-cdEeet0YmmfbMwkw,CF3,2.5779
898,_SFKZ7ecdEeet0YmmfbMwkw,CF1,2.7114
899,_SFKZ7ecdEeet0YmmfbMwkw,CF1,2.7114
900,_SFKZ7ecdEeet0YmmfbMwkw,CF1,2.7114
901,_SFDFaecdEeet0YmmfbMwkw,CF3,4.5917
902,_SFDFaecdEeet0YmmfbMwkw,CF3,4.5917
903,_SFMPBucdEeet0YmmfbMwkw,CF2,2.3048
904,_SFMPBucdEeet0YmmfbMwkw,CF2,2.3048
905,_SFMPBucdEeet0YmmfbMwkw,CF2,2.3048
906,_SFM1w-cdEeet0YmmfbMwkw,CF2,7.1927
907,_SFM1w-cdEeet0YmmfbMwkw,CF2,7.1927
908,_SFM1w-cdEeet0YmmfbMwkw,CF2,7.1927
909,_SE-zPOcdEeet0YmmfbMwkw,CF1,2.9856
910,_SE-zPOcdEeet0YmmfbMwkw,CF1,2.9856
911,_SE-zPOcdEeet0YmmfbMwkw,CF1,2.9856
912,_SE2QYOcdEeet0YmmfbMwkw,CF1,6.6629
913,_SE2QYOcdEeet0YmmfbMwkw,CF1,6.6629
914,_SE2QYOcdEeet0YmmfbMwkw,CF1,6.6629
915,_SFOD9OcdEeet0YmmfbMwkw,CF1,4.3969
916,_SFOD9OcdEeet0YmmfbMwkw,CF1,4.3969
917,_SFOD9OcdEeet0YmmfbMwkw,CF1,4.3969
918,_SFOq5ecdEeet0YmmfbMwkw,CF3,49.1158
919,_SFOq5ecdEeet0YmmfbMwkw,CF3,48.9823
920,_SE23mOcdEeet0YmmfbMwkw,CF1,4.2019
921,_SE23mOcdEeet0YmmfbMwkw,CF1,4.2019
922,_SE23mOcdEeet0YmmfbMwkw,CF1,4.2019
923,_SE23mOcdEeet0YmmfbMwkw,CF1,4.2019
924,_SE23mOcdEeet0YmmfbMwkw,CF1,4.2019
925,_SE23mOcdEeet0YmmfbMwkw,CF1,4.2019
926,_SE-zMOcdEeet0YmmfbMwkw,CF2,4.1949
927,_SE-zMOcdEeet0YmmfbMwkw,CF2,4.1949
928,_SExYMecdEeet0YmmfbMwkw,CF1,6.2108
929,_SExYMecdEeet0YmmfbMwkw,CF1,6.2108
930,_SExYMecdEeet0YmmfbMwkw,CF1,6.2108
931,_SFLAcecdEeet0YmmfbMwkw,CF1,5.7269
932,_SFLAcecdEeet0YmmfbMwkw,CF1,5.7269
933,_SFLAcecdEeet0YmmfbMwkw,CF1,5.7269
934,_SFJyC-cdEeet0YmmfbMwkw,CF3,4.3439
935,_SFJyC-cdEeet0YmmfbMwkw,CF3,4.3439
936,_SFJyC-cdEeet0YmmfbMwkw,CF3,4.3439
937,_SE_a3ucdEeet0YmmfbMwkw,CF1,4.2329
938,_SE_a3ucdEeet0YmmfbMwkw,CF1,4.2329
939,_SE_a3ucdEeet0YmmfbMwkw,CF1,4.2329
940,_SE-zTOcdEeet0YmmfbMwkw,CF2,2.6444
941,_SE-zTOcdEeet0YmmfbMwkw,CF2,2.6444
942,_SE-zTOcdEeet0YmmfbMwkw,CF2,2.6444
943,_SFGH8ucdEeet0YmmfbMwkw,CF1,4.3259
944,_SFGH8ucdEeet0YmmfbMwkw,CF1,4.3259
945,_SFGH8ucdEeet0YmmfbMwkw,CF1,4.3259
946,_SE-MjecdEeet0YmmfbMwkw,CF3,4.5827
947,_SE-MjecdEeet0YmmfbMwkw,CF3,4.5827
948,_SE-MjecdEeet0YmmfbMwkw,CF3,4.5827
949,_SFLBDucdEeet0YmmfbMwkw,CF3,6.6679
950,_SFLBDucdEeet0YmmfbMwkw,CF3,6.6679
951,_SFLBDucdEeet0YmmfbMwkw,CF3,6.6679
952,_SFHV1-cdEeet0YmmfbMwkw,CF1,3.0256
953,_SFHV1-cdEeet0YmmfbMwkw,CF1,3.0256
954,_SFHV1-cdEeet0YmmfbMwkw,CF1,3.0256
955,_SFDFBecdEeet0YmmfbMwkw,CF2,2.8552
956,_SFDFBecdEeet0YmmfbMwkw,CF2,2.8552
957,_SFDFBecdEeet0YmmfbMwkw,CF2,2.8552
958,_SFCeQucdEeet0YmmfbMwkw,CF3,5.7019
959,_SFCeQucdEeet0YmmfbMwkw,CF3,5.7019
960,_SFCeQucdEeet0YmmfbMwkw,CF3,5.7019
961,_SFCeQucdEeet0YmmfbMwkw,CF3,5.7019
962,_SFCeQucdEeet0YmmfbMwkw,CF3,5.7019
963,_SE6h2-cdEeet0YmmfbMwkw,CF1,4.2119
964,_SE6h2-cdEeet0YmmfbMwkw,CF1,4.2119
965,_SE6h2-cdEeet0YmmfbMwkw,CF1,4.2119
966,_SFDEU-cdEeet0YmmfbMwkw,CF2,2.6894
967,_SFDEU-cdEeet0YmmfbMwkw,CF2,2.6894
968,_SFDEU-cdEeet0YmmfbMwkw,CF2,2.6894
969,_SFDEU-cdEeet0YmmfbMwkw,CF2,2.6894
970,_SFDEU-cdEeet0YmmfbMwkw,CF2,2.6894
971,_SFDEU-cdEeet0YmmfbMwkw,CF2,2.6894
972,_SFBPjOcdEeet0YmmfbMwkw,CF1,3.0056
973,_SFBPjOcdEeet0YmmfbMwkw,CF1,3.0056
974,_SFBPjOcdEeet0YmmfbMwkw,CF1,3.0056
975,_SFJyzecdEeet0YmmfbMwkw,CF1,3.0266
976,_SFJyzecdEeet0YmmfbMwkw,CF1,3.0266
977,_SFJyzecdEeet0YmmfbMwkw,CF1,3.0266
978,_SE9kwOcdEeet0YmmfbMwkw,CF1,4.2279
979,_SE9kwOcdEeet0YmmfbMwkw,CF1,4.2279
980,_SE9kwOcdEeet0YmmfbMwkw,CF1,4.2279
981,_SE9kwOcdEeet0YmmfbMwkw,CF1,4.2279
982,_SE9kwOcdEeet0YmmfbMwkw,CF1,4.2279
983,_SE9kwOcdEeet0YmmfbMwkw,CF1,4.2279
984,_SE9kwOcdEeet0YmmfbMwkw,CF1,4.2279
985,_SFCeTucdEeet0YmmfbMwkw,CF3,4.2929
986,_SFCeTucdEeet0YmmfbMwkw,CF3,4.2929
987,_SFCeTucdEeet0YmmfbMwkw,CF3,4.2929
988,_SFCeTucdEeet0YmmfbMwkw,CF3,4.2929
989,_SFKZ2ecdEeet0YmmfbMwkw,CF2,7.1827
990,_SFKZ2ecdEeet0YmmfbMwkw,CF2,7.1827
991,_SEymFucdEeet0YmmfbMwkw,CF3,50.4568
992,_SEymFucdEeet0YmmfbMwkw,CF3,50.1691
993,_SFS-WucdEeet0YmmfbMwkw,CF3,64.3648
994,_SFS-WucdEeet0YmmfbMwkw,CF3,64.1825
995,_SFLBz-cdEeet0YmmfbMwkw,CF3,2.1004
996,_SFLBz-cdEeet0YmmfbMwkw,CF3,2.1004
997,_SFLBz-cdEeet0YmmfbMwkw,CF3,2.1004
998,_SFS97OcdEeet0YmmfbMwkw,CF2,2.8762
999,_SFS97OcdEeet0YmmfbMwkw,CF2,2.8762
1000,_SFS97OcdEeet0YmmfbMwkw,CF2,2.8762
1001,_SFLAXecdEeet0YmmfbMwkw,CF2,4.3629
1002,_SFLAXecdEeet0YmmfbMwkw,CF2,4.3629
1003,_SFLAXecdEeet0YmmfbMwkw,CF2,4.3629
1004,_SFLAXecdEeet0YmmfbMwkw,CF2,4.3629
1005,_SFLBB-cdEeet0YmmfbMwkw,CF3,4.3689
1006,_SFLBB-cdEeet0YmmfbMwkw,CF3,4.3689
1007,_SFLBB-cdEeet0YmmfbMwkw,CF3,4.3689
1008,_SFLn5ecdEeet0YmmfbMwkw,CF3,5.7299
1009,_SFLn5ecdEeet0YmmfbMwkw,CF3,5.7299
1010,_SFLn5ecdEeet0YmmfbMwkw,CF3,5.7299
1011,_SFLnUecdEeet0YmmfbMwkw,CF1,4.3779
1012,_SFLnUecdEeet0YmmfbMwkw,CF1,4.3779
1013,_SFLnUecdEeet0YmmfbMwkw,CF1,4.3779
1014,_SFS91ecdEeet0YmmfbMwkw,CF2,2.3088
1015,_SFS91ecdEeet0YmmfbMwkw,CF2,2.3088
1016,_SFS91ecdEeet0YmmfbMwkw,CF2,2.3088
1017,_SFGvcecdEeet0YmmfbMwkw,CF3,4.3369
1018,_SFGvcecdEeet0YmmfbMwkw,CF3,4.3369
1019,_SFGvcecdEeet0YmmfbMwkw,CF3,4.3369
1020,_SE5TtucdEeet0YmmfbMwkw,CF1,4.5235
1021,_SE5TtucdEeet0YmmfbMwkw,CF1,4.5235
1022,_SE5TtucdEeet0YmmfbMwkw,CF1,4.5235
1023,_SE2Qd-cdEeet0YmmfbMwkw,CF1,7.1637
1024,_SE2Qd-cdEeet0YmmfbMwkw,CF1,7.1637
1025,_SE2Qd-cdEeet0YmmfbMwkw,CF1,7.1637
1026,_SFOsK-cdEeet0YmmfbMwkw,CF3,3.5071
1027,_SFOsK-cdEeet0YmmfbMwkw,CF3,3.5071
1028,_SFCeSucdEeet0YmmfbMwkw,CF3,4.5897
1029,_SFCeSucdEeet0YmmfbMwkw,CF3,4.5897
1030,_SE3epOcdEeet0YmmfbMwkw,CF3,2.6504
1031,_SE3epOcdEeet0YmmfbMwkw,CF3,2.6504
1032,_SE3epOcdEeet0YmmfbMwkw,CF3,2.6504
1033,_SFMPZecdEeet0YmmfbMwkw,CF2,4.3859
1034,_SFMPZecdEeet0YmmfbMwkw,CF2,4.3859
1035,_SFMPZecdEeet0YmmfbMwkw,CF2,4.3859
1036,_SFMPZecdEeet0YmmfbMwkw,CF2,4.3859
1037,_SFMPZecdEeet0YmmfbMwkw,CF2,4.3859
1038,_SFMPZecdEeet0YmmfbMwkw,CF2,4.3859
1039,_SFOrc-cdEeet0YmmfbMwkw,CF1,5.7439
1040,_SFOrc-cdEeet0YmmfbMwkw,CF1,5.7439
1041,_SFOrc-cdEeet0YmmfbMwkw,CF1,5.7439
1042,_SE-MhecdEeet0YmmfbMwkw,CF1,5.6759
1043,_SE-MhecdEeet0YmmfbMwkw,CF1,5.6759
1044,_SE-MhecdEeet0YmmfbMwkw,CF1,5.6759
1045,_SE-MhecdEeet0YmmfbMwkw,CF1,5.6759
1046,_SE-MhecdEeet0YmmfbMwkw,CF1,5.6759
1047,_SE1B8ucdEeet0YmmfbMwkw,CF3,6.2028
1048,_SE1B8ucdEeet0YmmfbMwkw,CF3,6.2028
1049,_SE1B8ucdEeet0YmmfbMwkw,CF3,6.2028
1050,_SFE6ZucdEeet0YmmfbMwkw,CF1,4.3109
1051,_SFE6ZucdEeet0YmmfbMwkw,CF1,4.3109
1052,_SFE6ZucdEeet0YmmfbMwkw,CF1,4.3109
1053,_SFE6ZucdEeet0YmmfbMwkw,CF1,4.3109
1054,_SEvi5OcdEeet0YmmfbMwkw,CF2,2.0784
1055,_SEvi5OcdEeet0YmmfbMwkw,CF2,2.0784
1056,_SEvi5OcdEeet0YmmfbMwkw,CF2,2.0784
1057,_SFDFYecdEeet0YmmfbMwkw,CF3,5.7039
1058,_SFDFYecdEeet0YmmfbMwkw,CF3,5.7039
1059,_SFDFYecdEeet0YmmfbMwkw,CF3,5.7039
1060,_SFDFYecdEeet0YmmfbMwkw,CF3,5.7039
1061,_SFDFYecdEeet0YmmfbMwkw,CF3,5.7039
1062,_SFOEMOcdEeet0YmmfbMwkw,CF2,2.7294
1063,_SFOEMOcdEeet0YmmfbMwkw,CF2,2.7294
1064,_SFOEMOcdEeet0YmmfbMwkw,CF2,2.7294
1065,_SFJzYecdEeet0YmmfbMwkw,CF3,4.3499
1066,_SFJzYecdEeet0YmmfbMwkw,CF3,4.3499
1067,_SFJzYecdEeet0YmmfbMwkw,CF3,4.3499
1068,_SE9lYOcdEeet0YmmfbMwkw,CF3,4.2299
1069,_SE9lYOcdEeet0YmmfbMwkw,CF3,4.2299
1070,_SE9lYOcdEeet0YmmfbMwkw,CF3,4.2299
1071,_SFSWPecdEeet0YmmfbMwkw,CF3,4.6027
1072,_SFSWPecdEeet0YmmfbMwkw,CF3,4.6027
1073,_SFM2V-cdEeet0YmmfbMwkw,CF2,3.3737
1074,_SFM2V-cdEeet0YmmfbMwkw,CF2,3.3737
1075,_SFM2V-cdEeet0YmmfbMwkw,CF2,3.3737
1076,_SFM2V-cdEeet0YmmfbMwkw,CF2,3.3737
1077,_SFODgecdEeet0YmmfbMwkw,CF2,3.2249
1078,_SFODgecdEeet0YmmfbMwkw,CF2,3.2249
1079,_SFODgecdEeet0YmmfbMwkw,CF2,3.2249
1080,_SExXpucdEeet0YmmfbMwkw,CF1,4.5345
1081,_SExXpucdEeet0YmmfbMwkw,CF1,4.5345
1082,_SExXpucdEeet0YmmfbMwkw,CF1,4.5345
1083,_SExXpucdEeet0YmmfbMwkw,CF1,4.5345
1084,_SExXpucdEeet0YmmfbMwkw,CF1,4.5345
1085,_SExXpucdEeet0YmmfbMwkw,CF1,4.5345
1086,_SEz0SucdEeet0YmmfbMwkw,CF1,5.6979
1087,_SEz0SucdEeet0YmmfbMwkw,CF1,5.6979
1088,_SEz0SucdEeet0YmmfbMwkw,CF1,5.6979
1089,_SFLnRecdEeet0YmmfbMwkw,CF3,5.7319
1090,_SFLnRecdEeet0YmmfbMwkw,CF3,5.7319
1091,_SFLnRecdEeet0YmmfbMwkw,CF3,5.7319
1092,_SE56necdEeet0YmmfbMwkw,CF3,4.2069
1093,_SE56necdEeet0YmmfbMwkw,CF3,4.2069
1094,_SE56necdEeet0YmmfbMwkw,CF3,4.2069
1095,_SEymC-cdEeet0YmmfbMwkw,CF1,6.2118
1096,_SEymC-cdEeet0YmmfbMwkw,CF1,6.2118
1097,_SEymC-cdEeet0YmmfbMwkw,CF1,6.2118
1098,_SFOEFucdEeet0YmmfbMwkw,CF1,3.0296
1099,_SFOEFucdEeet0YmmfbMwkw,CF1,3.0296
1100,_SFOEFucdEeet0YmmfbMwkw,CF1,3.0296
1101,_SFABWOcdEeet0YmmfbMwkw,CF2,4.2649
1102,_SFABWOcdEeet0YmmfbMwkw,CF2,4.2649
1103,_SFABWOcdEeet0YmmfbMwkw,CF2,4.2649
1104,_SFABWOcdEeet0YmmfbMwkw,CF2,4.2649
1105,_SFABWOcdEeet0YmmfbMwkw,CF2,4.2649
1106,_SFABWOcdEeet0YmmfbMwkw,CF2,4.2649
1107,_SFS9HOcdEeet0YmmfbMwkw,CF3,51.5324
1108,_SFS9HOcdEeet0YmmfbMwkw,CF3,51.3988
1109,_SFDsX-cdEeet0YmmfbMwkw,CF3,4.3039
1110,_SFDsX-cdEeet0YmmfbMwkw,CF3,4.3039
1111,_SFDsX-cdEeet0YmmfbMwkw,CF3,4.3039
1112,_SFCeOOcdEeet0YmmfbMwkw,CF1,4.2909
1113,_SFCeOOcdEeet0YmmfbMwkw,CF1,4.2909
1114,_SFCeOOcdEeet0YmmfbMwkw,CF1,4.2909
1115,_SFGwEecdEeet0YmmfbMwkw,CF3,4.3379
1116,_SFGwEecdEeet0YmmfbMwkw,CF3,4.3379
1117,_SFGwEecdEeet0YmmfbMwkw,CF3,4.3379
1118,_SFLAZ-cdEeet0YmmfbMwkw,CF2,4.3639
1119,_SFLAZ-cdEeet0YmmfbMwkw,CF2,4.3639
1120,_SFLAZ-cdEeet0YmmfbMwkw,CF2,4.3639
1121,_SFLAZ-cdEeet0YmmfbMwkw,CF2,4.3639
1122,_SFOrhecdEeet0YmmfbMwkw,CF3,55.4572
1123,_SFOrhecdEeet0YmmfbMwkw,CF3,55.303000000000004
1124,_SFGwPecdEeet0YmmfbMwkw,CF3,2.4789
1125,_SFGwPecdEeet0YmmfbMwkw,CF3,2.4789
1126,_SFGwPecdEeet0YmmfbMwkw,CF3,2.4789
1127,_SFABYucdEeet0YmmfbMwkw,CF2,4.2669
1128,_SFABYucdEeet0YmmfbMwkw,CF2,4.2669
1129,_SFABYucdEeet0YmmfbMwkw,CF2,4.2669
1130,_SFABYucdEeet0YmmfbMwkw,CF2,4.2669
1131,_SFLpG-cdEeet0YmmfbMwkw,CF1,4.3819
1132,_SFLpG-cdEeet0YmmfbMwkw,CF1,4.3819
1133,_SFLpG-cdEeet0YmmfbMwkw,CF1,4.3819
1134,_SFFhVucdEeet0YmmfbMwkw,CF2,2.8632
1135,_SFFhVucdEeet0YmmfbMwkw,CF2,2.8632
1136,_SFFhVucdEeet0YmmfbMwkw,CF2,2.8632
1137,_SFOFSucdEeet0YmmfbMwkw,CF3,4.4029
1138,_SFOFSucdEeet0YmmfbMwkw,CF3,4.4029
1139,_SFS8hucdEeet0YmmfbMwkw,CF1,2.1034
1140,_SFS8hucdEeet0YmmfbMwkw,CF1,2.1034
1141,_SFS8hucdEeet0YmmfbMwkw,CF1,2.1034
1142,_SFBPiOcdEeet0YmmfbMwkw,CF2,7.843
1143,_SFBPiOcdEeet0YmmfbMwkw,CF2,7.843
1144,_SE1CB-cdEeet0YmmfbMwkw,CF1,4.5205
1145,_SE1CB-cdEeet0YmmfbMwkw,CF1,4.5205
1146,_SE1CB-cdEeet0YmmfbMwkw,CF1,4.5205
1147,_SFDFbecdEeet0YmmfbMwkw,CF3,4.2989
1148,_SFDFbecdEeet0YmmfbMwkw,CF3,4.2989
1149,_SFDFbecdEeet0YmmfbMwkw,CF3,4.2989
1150,_SFDFbecdEeet0YmmfbMwkw,CF3,4.2989
1151,_SFDFbecdEeet0YmmfbMwkw,CF3,4.2989
1152,_SExYKucdEeet0YmmfbMwkw,CF1,4.2549
1153,_SExYKucdEeet0YmmfbMwkw,CF1,4.2549
1154,_SExYKucdEeet0YmmfbMwkw,CF1,4.2549
1155,_SEuUY-cdEeet0YmmfbMwkw,CF1,2.0774
1156,_SEuUY-cdEeet0YmmfbMwkw,CF1,2.0774
1157,_SEuUY-cdEeet0YmmfbMwkw,CF1,2.0774
1158,_SFCeP-cdEeet0YmmfbMwkw,CF3,70.4131
1159,_SFCeP-cdEeet0YmmfbMwkw,CF3,70.2589
1160,_SFLozucdEeet0YmmfbMwkw,CF2,2.4879
1161,_SFLozucdEeet0YmmfbMwkw,CF2,2.4879
1162,_SFLozucdEeet0YmmfbMwkw,CF2,2.4879
1163,_SFGvl-cdEeet0YmmfbMwkw,CF2,2.7034
1164,_SFGvl-cdEeet0YmmfbMwkw,CF2,2.7034
1165,_SFGvl-cdEeet0YmmfbMwkw,CF2,2.7034
1166,_SFE50OcdEeet0YmmfbMwkw,CF1,4.3079
1167,_SFE50OcdEeet0YmmfbMwkw,CF1,4.3079
1168,_SFE50OcdEeet0YmmfbMwkw,CF1,4.3079
1169,_SFE50OcdEeet0YmmfbMwkw,CF1,4.3079
1170,_SFE50OcdEeet0YmmfbMwkw,CF1,4.3079
1171,_SFE50OcdEeet0YmmfbMwkw,CF1,4.3079
1172,_SE9k_OcdEeet0YmmfbMwkw,CF2,2.6604
1173,_SE9k_OcdEeet0YmmfbMwkw,CF2,2.6604
1174,_SE9k_OcdEeet0YmmfbMwkw,CF2,2.6604
1175,_SFMQV-cdEeet0YmmfbMwkw,CF3,2.1024
1176,_SFMQV-cdEeet0YmmfbMwkw,CF3,2.1024
1177,_SFMQV-cdEeet0YmmfbMwkw,CF3,2.1024
1178,_SEwJ8-cdEeet0YmmfbMwkw,CF2,2.8512
1179,_SEwJ8-cdEeet0YmmfbMwkw,CF2,2.8512
1180,_SEwJ8-cdEeet0YmmfbMwkw,CF2,2.8512
1181,_SFKaUecdEeet0YmmfbMwkw,CF2,4.3579
1182,_SFKaUecdEeet0YmmfbMwkw,CF2,4.3579
1183,_SFKaUecdEeet0YmmfbMwkw,CF2,4.3579
1184,_SFLB1OcdEeet0YmmfbMwkw,CF3,3.2239
1185,_SFLB1OcdEeet0YmmfbMwkw,CF3,3.2239
1186,_SFLB1OcdEeet0YmmfbMwkw,CF3,3.2239
1187,_SE0bNecdEeet0YmmfbMwkw,CF1,6.2018
1188,_SE0bNecdEeet0YmmfbMwkw,CF1,6.2018
1189,_SE0bNecdEeet0YmmfbMwkw,CF1,6.2018
1190,_SExYNOcdEeet0YmmfbMwkw,CF3,5.6949
1191,_SExYNOcdEeet0YmmfbMwkw,CF3,5.6949
1192,_SExYNOcdEeet0YmmfbMwkw,CF3,5.6949
1193,_SEviuucdEeet0YmmfbMwkw,CF2,8.0239
1194,_SEviuucdEeet0YmmfbMwkw,CF2,8.0239
1195,_SEviuucdEeet0YmmfbMwkw,CF2,8.0239
1196,_SE57SecdEeet0YmmfbMwkw,CF1,2.9886
1197,_SE57SecdEeet0YmmfbMwkw,CF1,2.9886
1198,_SE57SecdEeet0YmmfbMwkw,CF1,2.9886
1199,_SEx_TucdEeet0YmmfbMwkw,CF1,2.2948
1200,_SEx_TucdEeet0YmmfbMwkw,CF1,2.2948
1201,_SEx_TucdEeet0YmmfbMwkw,CF1,2.2948
1202,_SFOFRucdEeet0YmmfbMwkw,CF1,3.3787
1203,_SFOFRucdEeet0YmmfbMwkw,CF1,3.3787
1204,_SFOFRucdEeet0YmmfbMwkw,CF1,3.3787
1205,_SFApM-cdEeet0YmmfbMwkw,CF1,2.0824
1206,_SFApM-cdEeet0YmmfbMwkw,CF1,2.0824
1207,_SFApM-cdEeet0YmmfbMwkw,CF1,2.0824
1208,_SFFh5OcdEeet0YmmfbMwkw,CF2,2.6984
1209,_SFFh5OcdEeet0YmmfbMwkw,CF2,2.6984
1210,_SFFh5OcdEeet0YmmfbMwkw,CF2,2.6984
1211,_SE1B9ecdEeet0YmmfbMwkw,CF2,5.6799
1212,_SE1B9ecdEeet0YmmfbMwkw,CF2,5.6799
1213,_SE1B9ecdEeet0YmmfbMwkw,CF2,5.6799
1214,_SFGu3ecdEeet0YmmfbMwkw,CF3,3.0226
1215,_SFGu3ecdEeet0YmmfbMwkw,CF3,3.0226
1216,_SFGu3ecdEeet0YmmfbMwkw,CF3,3.0226
1217,_SEvixOcdEeet0YmmfbMwkw,CF2,2.0814
1218,_SEvixOcdEeet0YmmfbMwkw,CF2,2.0814
1219,_SEvixOcdEeet0YmmfbMwkw,CF2,2.0814
1220,_SE9lducdEeet0YmmfbMwkw,CF3,4.2309
1221,_SE9lducdEeet0YmmfbMwkw,CF3,4.2309
1222,_SE9lducdEeet0YmmfbMwkw,CF3,4.2309
1223,_SFLol-cdEeet0YmmfbMwkw,CF2,4.5485
1224,_SFLol-cdEeet0YmmfbMwkw,CF2,4.5485
1225,_SFLol-cdEeet0YmmfbMwkw,CF2,4.5485
1226,_SFLol-cdEeet0YmmfbMwkw,CF2,4.5485
1227,_SFJysucdEeet0YmmfbMwkw,CF1,7.0422
1228,_SFJysucdEeet0YmmfbMwkw,CF1,7.0422
1229,_SFJysucdEeet0YmmfbMwkw,CF1,7.0422
1230,_SFESgecdEeet0YmmfbMwkw,CF1,3.0146
1231,_SFESgecdEeet0YmmfbMwkw,CF1,3.0146
1232,_SFESgecdEeet0YmmfbMwkw,CF1,3.0146
1233,_SFSWQecdEeet0YmmfbMwkw,CF1,4.4239
1234,_SFSWQecdEeet0YmmfbMwkw,CF1,4.4239
1235,_SFSWQecdEeet0YmmfbMwkw,CF1,4.4239
1236,_SFKabecdEeet0YmmfbMwkw,CF3,3.3677
1237,_SFKabecdEeet0YmmfbMwkw,CF3,3.3677
1238,_SFKabecdEeet0YmmfbMwkw,CF3,3.3677
1239,_SFOEpucdEeet0YmmfbMwkw,CF1,3.3777
1240,_SFOEpucdEeet0YmmfbMwkw,CF1,3.3777
1241,_SFOEpucdEeet0YmmfbMwkw,CF1,3.3777
1242,_SFE6cOcdEeet0YmmfbMwkw,CF3,4.3139
1243,_SFE6cOcdEeet0YmmfbMwkw,CF3,4.3139
1244,_SFE6cOcdEeet0YmmfbMwkw,CF3,4.3139
1245,_SFFhEucdEeet0YmmfbMwkw,CF3,5.7119
1246,_SFFhEucdEeet0YmmfbMwkw,CF3,5.7119
1247,_SFFhEucdEeet0YmmfbMwkw,CF3,5.7119
1248,_SE6h8ecdEeet0YmmfbMwkw,CF3,4.2129
1249,_SE6h8ecdEeet0YmmfbMwkw,CF3,4.2129
1250,_SE6h8ecdEeet0YmmfbMwkw,CF3,4.2129
1251,_SFFhr-cdEeet0YmmfbMwkw,CF3,7.0412
1252,_SFFhr-cdEeet0YmmfbMwkw,CF3,7.0412
1253,_SFFhr-cdEeet0YmmfbMwkw,CF3,7.0412
1254,_SFCeWucdEeet0YmmfbMwkw,CF1,3.0076
1255,_SFCeWucdEeet0YmmfbMwkw,CF1,3.0076
1256,_SFCeWucdEeet0YmmfbMwkw,CF1,3.0076
1257,_SFBPpucdEeet0YmmfbMwkw,CF2,2.6864
1258,_SFBPpucdEeet0YmmfbMwkw,CF2,2.6864
1259,_SFBPpucdEeet0YmmfbMwkw,CF2,2.6864
1260,_SFKao-cdEeet0YmmfbMwkw,CF2,2.0964
1261,_SFKao-cdEeet0YmmfbMwkw,CF2,2.0964
1262,_SFKao-cdEeet0YmmfbMwkw,CF2,2.0964
1263,_SFS9COcdEeet0YmmfbMwkw,CF3,5.7469
1264,_SFS9COcdEeet0YmmfbMwkw,CF3,5.7469
1265,_SFS9COcdEeet0YmmfbMwkw,CF3,5.7469
1266,_SFS9COcdEeet0YmmfbMwkw,CF3,5.7469
1267,_SEvisucdEeet0YmmfbMwkw,CF3,4.2459
1268,_SEvisucdEeet0YmmfbMwkw,CF3,4.2459
1269,_SEvisucdEeet0YmmfbMwkw,CF3,4.2459
1270,_SFSVCecdEeet0YmmfbMwkw,CF3,7.1997
1271,_SFSVCecdEeet0YmmfbMwkw,CF3,7.1997
1272,_SEu7v-cdEeet0YmmfbMwkw,CF2,2.6674
1273,_SEu7v-cdEeet0YmmfbMwkw,CF2,2.6674
1274,_SEu7v-cdEeet0YmmfbMwkw,CF2,2.6674
1275,_SFMPb-cdEeet0YmmfbMwkw,CF2,4.3879
1276,_SFMPb-cdEeet0YmmfbMwkw,CF2,4.3879
1277,_SFMPb-cdEeet0YmmfbMwkw,CF2,4.3879
1278,_SFMPb-cdEeet0YmmfbMwkw,CF2,4.3879
1279,_SE23gucdEeet0YmmfbMwkw,CF1,4.1999
1280,_SE23gucdEeet0YmmfbMwkw,CF1,4.1999
1281,_SE23gucdEeet0YmmfbMwkw,CF1,4.1999
1282,_SE23gucdEeet0YmmfbMwkw,CF1,4.1999
1283,_SE23gucdEeet0YmmfbMwkw,CF1,4.1999
1284,_SE23gucdEeet0YmmfbMwkw,CF1,4.1999
1285,_SE23gucdEeet0YmmfbMwkw,CF1,4.1999
1286,_SE23gucdEeet0YmmfbMwkw,CF1,4.1999
1287,_SE23gucdEeet0YmmfbMwkw,CF1,4.1999
1288,_SFLoA-cdEeet0YmmfbMwkw,CF2,2.1014
1289,_SFLoA-cdEeet0YmmfbMwkw,CF2,2.1014
1290,_SFLoA-cdEeet0YmmfbMwkw,CF2,2.1014
1291,_SFFhHucdEeet0YmmfbMwkw,CF3,4.3219
1292,_SFFhHucdEeet0YmmfbMwkw,CF3,4.3219
1293,_SFFhHucdEeet0YmmfbMwkw,CF3,4.3219
1294,_SFTjAecdEeet0YmmfbMwkw,CF3,3.5121
1295,_SFTjAecdEeet0YmmfbMwkw,CF3,3.5121
1296,_SE_aeucdEeet0YmmfbMwkw,CF2,2.6624
1297,_SE_aeucdEeet0YmmfbMwkw,CF2,2.6624
1298,_SE_aeucdEeet0YmmfbMwkw,CF2,2.6624
1299,_SFGvqecdEeet0YmmfbMwkw,CF2,2.8682
1300,_SFGvqecdEeet0YmmfbMwkw,CF2,2.8682
1301,_SFGvqecdEeet0YmmfbMwkw,CF2,2.8682
1302,_SE3eiucdEeet0YmmfbMwkw,CF1,2.9866
1303,_SE3eiucdEeet0YmmfbMwkw,CF1,2.9866
1304,_SE3eiucdEeet0YmmfbMwkw,CF1,2.9866
1305,_SEx-s-cdEeet0YmmfbMwkw,CF2,2.6744
1306,_SEx-s-cdEeet0YmmfbMwkw,CF2,2.6744
1307,_SEx-s-cdEeet0YmmfbMwkw,CF2,2.6744
1308,_SFDsrecdEeet0YmmfbMwkw,CF2,2.8582
1309,_SFDsrecdEeet0YmmfbMwkw,CF2,2.8582
1310,_SFDsrecdEeet0YmmfbMwkw,CF2,2.8582
1311,_SE_aWucdEeet0YmmfbMwkw,CF1,4.5265
1312,_SE_aWucdEeet0YmmfbMwkw,CF1,4.5265
1313,_SFLohecdEeet0YmmfbMwkw,CF1,5.7329
1314,_SFLohecdEeet0YmmfbMwkw,CF1,5.7329
1315,_SFLohecdEeet0YmmfbMwkw,CF1,5.7329
1316,_SFOFh-cdEeet0YmmfbMwkw,CF2,2.4959
1317,_SFOFh-cdEeet0YmmfbMwkw,CF2,2.4959
1318,_SFOFh-cdEeet0YmmfbMwkw,CF2,2.4959
1319,_SE3efucdEeet0YmmfbMwkw,CF2,4.2049
1320,_SE3efucdEeet0YmmfbMwkw,CF2,4.2049
1321,_SE3efucdEeet0YmmfbMwkw,CF2,4.2049
1322,_SFLAj-cdEeet0YmmfbMwkw,CF1,2.0974
1323,_SFLAj-cdEeet0YmmfbMwkw,CF1,2.0974
1324,_SFLAj-cdEeet0YmmfbMwkw,CF1,2.0974
1325,_SFKZJecdEeet0YmmfbMwkw,CF3,5.7239
1326,_SFKZJecdEeet0YmmfbMwkw,CF3,5.7239
1327,_SFKZJecdEeet0YmmfbMwkw,CF3,5.7239
1328,_SEx-rucdEeet0YmmfbMwkw,CF1,2.2928
1329,_SEx-rucdEeet0YmmfbMwkw,CF1,2.2928
1330,_SEx-rucdEeet0YmmfbMwkw,CF1,2.2928
1331,_SFDrv-cdEeet0YmmfbMwkw,CF1,4.3009
1332,_SFDrv-cdEeet0YmmfbMwkw,CF1,4.3009
1333,_SFDrv-cdEeet0YmmfbMwkw,CF1,4.3009
1334,_SFETJ-cdEeet0YmmfbMwkw,CF1,2.0854
1335,_SFETJ-cdEeet0YmmfbMwkw,CF1,2.0854
1336,_SFETJ-cdEeet0YmmfbMwkw,CF1,2.0854
1337,_SE7vtucdEeet0YmmfbMwkw,CF1,2.4709
1338,_SE7vtucdEeet0YmmfbMwkw,CF1,2.4709
1339,_SE7vtucdEeet0YmmfbMwkw,CF1,2.4709
1340,_SFMQK-cdEeet0YmmfbMwkw,CF3,5.2814
1341,_SFMQK-cdEeet0YmmfbMwkw,CF3,5.2814
1342,_SFMQK-cdEeet0YmmfbMwkw,CF3,5.2814
1343,_SE3ehOcdEeet0YmmfbMwkw,CF2,5.2754
1344,_SE3ehOcdEeet0YmmfbMwkw,CF2,5.2754
1345,_SE3ehOcdEeet0YmmfbMwkw,CF2,5.2754
1346,_SFE5-OcdEeet0YmmfbMwkw,CF3,2.0844
1347,_SFE5-OcdEeet0YmmfbMwkw,CF3,2.0844
1348,_SFE5-OcdEeet0YmmfbMwkw,CF3,2.0844
1349,_SFS8AOcdEeet0YmmfbMwkw,CF1,2.4969
1350,_SFS8AOcdEeet0YmmfbMwkw,CF1,2.4969
1351,_SFS8AOcdEeet0YmmfbMwkw,CF1,2.4969
1352,_SE56vucdEeet0YmmfbMwkw,CF2,2.2888
1353,_SE56vucdEeet0YmmfbMwkw,CF2,2.2888
1354,_SE56vucdEeet0YmmfbMwkw,CF2,2.2888
1355,_SFESoecdEeet0YmmfbMwkw,CF3,2.4769
1356,_SFESoecdEeet0YmmfbMwkw,CF3,2.4769
1357,_SFESoecdEeet0YmmfbMwkw,CF3,2.4769
1358,_SFDrbecdEeet0YmmfbMwkw,CF2,2.8562
1359,_SFDrbecdEeet0YmmfbMwkw,CF2,2.8562
1360,_SFDrbecdEeet0YmmfbMwkw,CF2,2.8562
1361,_SFSW0ucdEeet0YmmfbMwkw,CF3,65.7543
1362,_SFSW0ucdEeet0YmmfbMwkw,CF3,65.572
1363,_SFFgkOcdEeet0YmmfbMwkw,CF3,2.0864
1364,_SFFgkOcdEeet0YmmfbMwkw,CF3,2.0864
1365,_SFFgkOcdEeet0YmmfbMwkw,CF3,2.0864
1366,_SFSVwucdEeet0YmmfbMwkw,CF2,2.3118
1367,_SFSVwucdEeet0YmmfbMwkw,CF2,2.3118
1368,_SFSVwucdEeet0YmmfbMwkw,CF2,2.3118
1369,_SFJzXecdEeet0YmmfbMwkw,CF3,4.5947
1370,_SFJzXecdEeet0YmmfbMwkw,CF3,4.5947
1371,_SFJzXecdEeet0YmmfbMwkw,CF3,4.5947
1372,_SFACJOcdEeet0YmmfbMwkw,CF1,3.0006
1373,_SFACJOcdEeet0YmmfbMwkw,CF1,3.0006
1374,_SFACJOcdEeet0YmmfbMwkw,CF1,3.0006
1375,_SFGveecdEeet0YmmfbMwkw,CF1,7.1787
1376,_SFGveecdEeet0YmmfbMwkw,CF1,7.1787
1377,_SFGveecdEeet0YmmfbMwkw,CF1,7.1787
1378,_SFGveecdEeet0YmmfbMwkw,CF1,7.1787
1379,_SFB2iucdEeet0YmmfbMwkw,CF2,4.2779
1380,_SFB2iucdEeet0YmmfbMwkw,CF2,4.2779
1381,_SFB2iucdEeet0YmmfbMwkw,CF2,4.2779
1382,_SFOElOcdEeet0YmmfbMwkw,CF1,4.3989
1383,_SFOElOcdEeet0YmmfbMwkw,CF1,4.3989
1384,_SFOElOcdEeet0YmmfbMwkw,CF1,4.3989
1385,_SFGvCecdEeet0YmmfbMwkw,CF2,2.8672
1386,_SFGvCecdEeet0YmmfbMwkw,CF2,2.8672
1387,_SFGvCecdEeet0YmmfbMwkw,CF2,2.8672
1388,_SE9k4ucdEeet0YmmfbMwkw,CF1,2.9936
1389,_SE9k4ucdEeet0YmmfbMwkw,CF1,2.9936
1390,_SE9k4ucdEeet0YmmfbMwkw,CF1,2.9936
1391,_SFDtCecdEeet0YmmfbMwkw,CF3,5.7069
1392,_SFDtCecdEeet0YmmfbMwkw,CF3,5.7069
1393,_SFDtCecdEeet0YmmfbMwkw,CF3,5.7069
1394,_SE7wA-cdEeet0YmmfbMwkw,CF2,4.2159
1395,_SE7wA-cdEeet0YmmfbMwkw,CF2,4.2159
1396,_SE7wA-cdEeet0YmmfbMwkw,CF2,4.2159
1397,_SFLAhecdEeet0YmmfbMwkw,CF3,7.1887
1398,_SFLAhecdEeet0YmmfbMwkw,CF3,7.1887
1399,_SFLAhecdEeet0YmmfbMwkw,CF3,7.1887
1400,_SFFhSucdEeet0YmmfbMwkw,CF3,2.4779
1401,_SFFhSucdEeet0YmmfbMwkw,CF3,2.4779
1402,_SFFhSucdEeet0YmmfbMwkw,CF3,2.4779
1403,_SFKanecdEeet0YmmfbMwkw,CF2,2.4839
1404,_SFKanecdEeet0YmmfbMwkw,CF2,2.4839
1405,_SFKanecdEeet0YmmfbMwkw,CF2,2.4839
1406,_SEvinOcdEeet0YmmfbMwkw,CF1,4.2439
1407,_SEvinOcdEeet0YmmfbMwkw,CF1,4.2439
1408,_SEvinOcdEeet0YmmfbMwkw,CF1,4.2439
1409,_SFKaeecdEeet0YmmfbMwkw,CF1,7.1857
1410,_SFKaeecdEeet0YmmfbMwkw,CF1,7.1857
1411,_SFKaeecdEeet0YmmfbMwkw,CF1,7.1857
1412,_SE-L2-cdEeet0YmmfbMwkw,CF1,50.9493
1413,_SE-L2-cdEeet0YmmfbMwkw,CF1,50.9493
1414,_SE-L2-cdEeet0YmmfbMwkw,CF1,50.9493
1415,_SE4F4ucdEeet0YmmfbMwkw,CF3,6.2048
1416,_SE4F4ucdEeet0YmmfbMwkw,CF3,6.2048
1417,_SE4F4ucdEeet0YmmfbMwkw,CF3,6.2048
1418,_SFLBEecdEeet0YmmfbMwkw,CF1,5.7279
1419,_SFLBEecdEeet0YmmfbMwkw,CF1,5.7279
1420,_SFLBEecdEeet0YmmfbMwkw,CF1,5.7279
1421,_SFOrf-cdEeet0YmmfbMwkw,CF3,4.4069
1422,_SFOrf-cdEeet0YmmfbMwkw,CF3,4.4069
1423,_SEz0QOcdEeet0YmmfbMwkw,CF1,4.2599
1424,_SEz0QOcdEeet0YmmfbMwkw,CF1,4.2599
1425,_SEz0QOcdEeet0YmmfbMwkw,CF1,4.2599
1426,_SEz0QOcdEeet0YmmfbMwkw,CF1,4.2599
1427,_SEz0QOcdEeet0YmmfbMwkw,CF1,4.2599
1428,_SEz0QOcdEeet0YmmfbMwkw,CF1,4.2599
1429,_SEz0QOcdEeet0YmmfbMwkw,CF1,4.2599
1430,_SEz0QOcdEeet0YmmfbMwkw,CF1,4.2599
1431,_SEz0QOcdEeet0YmmfbMwkw,CF1,4.2599
1432,_SFDEvucdEeet0YmmfbMwkw,CF3,65.6254
1433,_SFDEvucdEeet0YmmfbMwkw,CF3,65.4431
1434,_SE3ehucdEeet0YmmfbMwkw,CF1,7.1647
1435,_SE3ehucdEeet0YmmfbMwkw,CF1,7.1647
1436,_SE3ehucdEeet0YmmfbMwkw,CF1,7.1647
1437,_SFSU6-cdEeet0YmmfbMwkw,CF1,4.4169
1438,_SFSU6-cdEeet0YmmfbMwkw,CF1,4.4169
1439,_SFSU6-cdEeet0YmmfbMwkw,CF1,4.4169
1440,_SE8-M-cdEeet0YmmfbMwkw,CF1,4.2209
1441,_SE8-M-cdEeet0YmmfbMwkw,CF1,4.2209
1442,_SE8-M-cdEeet0YmmfbMwkw,CF1,4.2209
1443,_SE56w-cdEeet0YmmfbMwkw,CF2,2.6524
1444,_SE56w-cdEeet0YmmfbMwkw,CF2,2.6524
1445,_SE56w-cdEeet0YmmfbMwkw,CF2,2.6524
1446,_SFDEzecdEeet0YmmfbMwkw,CF3,4.2959
1447,_SFDEzecdEeet0YmmfbMwkw,CF3,4.2959
1448,_SFDEzecdEeet0YmmfbMwkw,CF3,4.2959
1449,_SFDEzecdEeet0YmmfbMwkw,CF3,4.2959
1450,_SFDEzecdEeet0YmmfbMwkw,CF3,4.2959
1451,_SFKajecdEeet0YmmfbMwkw,CF1,2.7124
1452,_SFKajecdEeet0YmmfbMwkw,CF1,2.7124
1453,_SFKajecdEeet0YmmfbMwkw,CF1,2.7124
1454,_SE7IwecdEeet0YmmfbMwkw,CF1,2.0744
1455,_SE7IwecdEeet0YmmfbMwkw,CF1,2.0744
1456,_SE7IwecdEeet0YmmfbMwkw,CF1,2.0744
1457,_SEu7g-cdEeet0YmmfbMwkw,CF1,4.2379
1458,_SEu7g-cdEeet0YmmfbMwkw,CF1,4.2379
1459,_SEu7g-cdEeet0YmmfbMwkw,CF1,4.2379
1460,_SEu7g-cdEeet0YmmfbMwkw,CF1,4.2379
1461,_SEu7g-cdEeet0YmmfbMwkw,CF1,4.2379
1462,_SEu7g-cdEeet0YmmfbMwkw,CF1,4.2379
1463,_SEuUbecdEeet0YmmfbMwkw,CF2,2.6694
1464,_SEuUbecdEeet0YmmfbMwkw,CF2,2.6694
1465,_SEuUbecdEeet0YmmfbMwkw,CF2,2.6694
1466,_SEuUbecdEeet0YmmfbMwkw,CF2,2.6694
1467,_SEuUbecdEeet0YmmfbMwkw,CF2,2.6694
1468,_SEuUbecdEeet0YmmfbMwkw,CF2,2.6694
1469,_SFKZ4-cdEeet0YmmfbMwkw,CF3,2.0924
1470,_SFKZ4-cdEeet0YmmfbMwkw,CF3,2.0924
1471,_SFKZ4-cdEeet0YmmfbMwkw,CF3,2.0924
1472,_SFJyIecdEeet0YmmfbMwkw,CF3,4.3449
1473,_SFJyIecdEeet0YmmfbMwkw,CF3,4.3449
1474,_SFJyIecdEeet0YmmfbMwkw,CF3,4.3449
1475,_SFJzVecdEeet0YmmfbMwkw,CF3,5.7229
1476,_SFJzVecdEeet0YmmfbMwkw,CF3,5.7229
1477,_SFJzVecdEeet0YmmfbMwkw,CF3,5.7229
1478,_SFAomOcdEeet0YmmfbMwkw,CF1,2.6804
1479,_SFAomOcdEeet0YmmfbMwkw,CF1,2.6804
1480,_SFAomOcdEeet0YmmfbMwkw,CF1,2.6804
1481,_SFESdecdEeet0YmmfbMwkw,CF3,4.3189
1482,_SFESdecdEeet0YmmfbMwkw,CF3,4.3189
1483,_SFESdecdEeet0YmmfbMwkw,CF3,4.3189
1484,_SFESdecdEeet0YmmfbMwkw,CF3,4.3189
1485,_SE_aYOcdEeet0YmmfbMwkw,CF1,2.9956
1486,_SE_aYOcdEeet0YmmfbMwkw,CF1,2.9956
1487,_SE_aYOcdEeet0YmmfbMwkw,CF1,2.9956
1488,_SFJyx-cdEeet0YmmfbMwkw,CF3,6.063
1489,_SFJyx-cdEeet0YmmfbMwkw,CF3,6.063
1490,_SFJyx-cdEeet0YmmfbMwkw,CF3,6.063
1491,_SFNeLecdEeet0YmmfbMwkw,CF1,6.2208
1492,_SFNeLecdEeet0YmmfbMwkw,CF1,6.2208
1493,_SFNeLecdEeet0YmmfbMwkw,CF1,6.2208
1494,_SFE6HucdEeet0YmmfbMwkw,CF2,2.8592
1495,_SFE6HucdEeet0YmmfbMwkw,CF2,2.8592
1496,_SFE6HucdEeet0YmmfbMwkw,CF2,2.8592
1497,_SFOEBucdEeet0YmmfbMwkw,CF1,3.3767
1498,_SFOEBucdEeet0YmmfbMwkw,CF1,3.3767
1499,_SFOEBucdEeet0YmmfbMwkw,CF1,3.3767
1500,_SEvio-cdEeet0YmmfbMwkw,CF1,6.6639
1501,_SEvio-cdEeet0YmmfbMwkw,CF1,6.6639
1502,_SEvio-cdEeet0YmmfbMwkw,CF1,6.6639
1503,_SFApR-cdEeet0YmmfbMwkw,CF2,2.6824
1504,_SFApR-cdEeet0YmmfbMwkw,CF2,2.6824
1505,_SFApR-cdEeet0YmmfbMwkw,CF2,2.6824
1506,_SFE6jOcdEeet0YmmfbMwkw,CF1,6.062
1507,_SFE6jOcdEeet0YmmfbMwkw,CF1,6.062
1508,_SFE6jOcdEeet0YmmfbMwkw,CF1,6.062
1509,_SFNcYucdEeet0YmmfbMwkw,CF3,4.5515
1510,_SFNcYucdEeet0YmmfbMwkw,CF3,4.5515
1511,_SFNcYucdEeet0YmmfbMwkw,CF3,4.5515
1512,_SFKZ1-cdEeet0YmmfbMwkw,CF2,4.5455
1513,_SFKZ1-cdEeet0YmmfbMwkw,CF2,4.5455
1514,_SFETHecdEeet0YmmfbMwkw,CF1,7.1767
1515,_SFETHecdEeet0YmmfbMwkw,CF1,7.1767
1516,_SE-zMOcdEeet0YmmfbMwkw,CF3,4.1959
1517,_SE-zMOcdEeet0YmmfbMwkw,CF3,4.1959
1518,_SE-zMOcdEeet0YmmfbMwkw,CF3,4.1959
1519,_SFNdwucdEeet0YmmfbMwkw,CF2,2.7244
1520,_SFNdwucdEeet0YmmfbMwkw,CF2,2.7244
1521,_SFNdwucdEeet0YmmfbMwkw,CF2,2.7244
1522,_SFOFNOcdEeet0YmmfbMwkw,CF1,4.4019
1523,_SFOFNOcdEeet0YmmfbMwkw,CF1,4.4019
1524,_SFOFNOcdEeet0YmmfbMwkw,CF1,4.4019
1525,_SE9lgucdEeet0YmmfbMwkw,CF1,2.9946
1526,_SE9lgucdEeet0YmmfbMwkw,CF1,2.9946
1527,_SE9lgucdEeet0YmmfbMwkw,CF1,2.9946
1528,_SFLBsecdEeet0YmmfbMwkw,CF2,5.7569
1529,_SFLBsecdEeet0YmmfbMwkw,CF2,5.7569
1530,_SFLBsecdEeet0YmmfbMwkw,CF2,5.7569
1531,_SFLBsecdEeet0YmmfbMwkw,CF2,5.7569
1532,_SFLBsecdEeet0YmmfbMwkw,CF2,5.7569
1533,_SFLBsecdEeet0YmmfbMwkw,CF2,5.7569
1534,_SFLBsecdEeet0YmmfbMwkw,CF2,5.7569
1535,_SFLBsecdEeet0YmmfbMwkw,CF2,5.7569
1536,_SFLBsecdEeet0YmmfbMwkw,CF2,5.7569
1537,_SE-zUecdEeet0YmmfbMwkw,CF2,2.2878
1538,_SE-zUecdEeet0YmmfbMwkw,CF2,2.2878
1539,_SE-zUecdEeet0YmmfbMwkw,CF2,2.2878
1540,_SFLAg-cdEeet0YmmfbMwkw,CF3,5.6557
1541,_SFLAg-cdEeet0YmmfbMwkw,CF3,5.6557
1542,_SFLAg-cdEeet0YmmfbMwkw,CF3,5.6557
1543,_SFDEZecdEeet0YmmfbMwkw,CF2,2.8542
1544,_SFDEZecdEeet0YmmfbMwkw,CF2,2.8542
1545,_SFDEZecdEeet0YmmfbMwkw,CF2,2.8542
1546,_SEwJwecdEeet0YmmfbMwkw,CF1,4.5315
1547,_SEwJwecdEeet0YmmfbMwkw,CF1,4.5315
1548,_SEwJwecdEeet0YmmfbMwkw,CF1,4.5315
1549,_SEtGKOcdEeet0YmmfbMwkw,CF3,3.2149
1550,_SEtGKOcdEeet0YmmfbMwkw,CF3,3.2149
1551,_SE7wNecdEeet0YmmfbMwkw,CF2,2.6554
1552,_SE7wNecdEeet0YmmfbMwkw,CF2,2.6554
1553,_SE7wNecdEeet0YmmfbMwkw,CF2,2.6554
1554,_SE7wP-cdEeet0YmmfbMwkw,CF2,2.6564
1555,_SE7wP-cdEeet0YmmfbMwkw,CF2,2.6564
1556,_SE7wP-cdEeet0YmmfbMwkw,CF2,2.6564
1557,_SEwwz-cdEeet0YmmfbMwkw,CF2,2.6734
1558,_SEwwz-cdEeet0YmmfbMwkw,CF2,2.6734
1559,_SEwwz-cdEeet0YmmfbMwkw,CF2,2.6734
1560,_SFE5xucdEeet0YmmfbMwkw,CF1,4.3099
1561,_SFE5xucdEeet0YmmfbMwkw,CF1,4.3099
1562,_SFE5xucdEeet0YmmfbMwkw,CF1,4.3099
1563,_SE9lnOcdEeet0YmmfbMwkw,CF2,2.6614
1564,_SE9lnOcdEeet0YmmfbMwkw,CF2,2.6614
1565,_SE9lnOcdEeet0YmmfbMwkw,CF2,2.6614
1566,_SE7ImecdEeet0YmmfbMwkw,CF1,4.2139
1567,_SE7ImecdEeet0YmmfbMwkw,CF1,4.2139
1568,_SE7ImecdEeet0YmmfbMwkw,CF1,4.2139
1569,_SE7ImecdEeet0YmmfbMwkw,CF1,4.2139
1570,_SE7ImecdEeet0YmmfbMwkw,CF1,4.2139
1571,_SE7ImecdEeet0YmmfbMwkw,CF1,4.2139
1572,_SFKZ2ecdEeet0YmmfbMwkw,CF3,7.1837
1573,_SFKZ2ecdEeet0YmmfbMwkw,CF3,7.1837
1574,_SFKZ2ecdEeet0YmmfbMwkw,CF3,7.1837
1575,_SFS8cOcdEeet0YmmfbMwkw,CF3,4.6007
1576,_SFS8cOcdEeet0YmmfbMwkw,CF3,4.6007
1577,_SFLnY-cdEeet0YmmfbMwkw,CF2,2.1054
1578,_SFLnY-cdEeet0YmmfbMwkw,CF2,2.1054
1579,_SFLnY-cdEeet0YmmfbMwkw,CF2,2.1054
1580,_SFLnY-cdEeet0YmmfbMwkw,CF2,2.1054
1581,_SFLnY-cdEeet0YmmfbMwkw,CF2,2.1054
1582,_SFLnY-cdEeet0YmmfbMwkw,CF2,2.1054
1583,_SFDsgecdEeet0YmmfbMwkw,CF1,3.0116
1584,_SFDsgecdEeet0YmmfbMwkw,CF1,3.0116
1585,_SFDsgecdEeet0YmmfbMwkw,CF1,3.0116
1586,_SFSWK-cdEeet0YmmfbMwkw,CF3,4.4229
1587,_SFSWK-cdEeet0YmmfbMwkw,CF3,4.4229
1588,_SFSWK-cdEeet0YmmfbMwkw,CF3,4.4229
1589,_SFSWK-cdEeet0YmmfbMwkw,CF3,4.4229
1590,_SFSWK-cdEeet0YmmfbMwkw,CF3,4.4229
1591,_SEuUV-cdEeet0YmmfbMwkw,CF1,4.5305
1592,_SEuUV-cdEeet0YmmfbMwkw,CF1,4.5305
1593,_SEuUV-cdEeet0YmmfbMwkw,CF1,4.5305
1594,_SFLAeecdEeet0YmmfbMwkw,CF3,3.3687
1595,_SFLAeecdEeet0YmmfbMwkw,CF3,3.3687
1596,_SFLAeecdEeet0YmmfbMwkw,CF3,3.3687
1597,_SFDsaecdEeet0YmmfbMwkw,CF3,5.7059
1598,_SFDsaecdEeet0YmmfbMwkw,CF3,5.7059
1599,_SFDsaecdEeet0YmmfbMwkw,CF3,5.7059
1600,_SFGvbecdEeet0YmmfbMwkw,CF2,3.3637
1601,_SFGvbecdEeet0YmmfbMwkw,CF2,3.3637
1602,_SFGvbecdEeet0YmmfbMwkw,CF2,3.3637
1603,_SEwwnecdEeet0YmmfbMwkw,CF2,4.2499
1604,_SEwwnecdEeet0YmmfbMwkw,CF2,4.2499
1605,_SEwwnecdEeet0YmmfbMwkw,CF2,4.2499
1606,_SEu7n-cdEeet0YmmfbMwkw,CF1,4.5295
1607,_SEu7n-cdEeet0YmmfbMwkw,CF1,4.5295
1608,_SEu7n-cdEeet0YmmfbMwkw,CF1,4.5295
1609,_SE1Cp-cdEeet0YmmfbMwkw,CF1,4.5215
1610,_SE1Cp-cdEeet0YmmfbMwkw,CF1,4.5215
1611,_SE1Cp-cdEeet0YmmfbMwkw,CF1,4.5215
1612,_SFE6eucdEeet0YmmfbMwkw,CF3,5.7089
1613,_SFE6eucdEeet0YmmfbMwkw,CF3,5.7089
1614,_SFE6eucdEeet0YmmfbMwkw,CF3,5.7089
1615,_SFB3ZucdEeet0YmmfbMwkw,CF2,2.6854
1616,_SFB3ZucdEeet0YmmfbMwkw,CF2,2.6854
1617,_SFB3ZucdEeet0YmmfbMwkw,CF2,2.6854
1618,_SFE52ucdEeet0YmmfbMwkw,CF3,5.7079
1619,_SFE52ucdEeet0YmmfbMwkw,CF3,5.7079
1620,_SFE52ucdEeet0YmmfbMwkw,CF3,5.7079
1621,_SFSVlecdEeet0YmmfbMwkw,CF1,5.7499
1622,_SFSVlecdEeet0YmmfbMwkw,CF1,5.7499
1623,_SFSVlecdEeet0YmmfbMwkw,CF1,5.7499
1624,_SE_bGucdEeet0YmmfbMwkw,CF2,2.6634
1625,_SE_bGucdEeet0YmmfbMwkw,CF2,2.6634
1626,_SE_bGucdEeet0YmmfbMwkw,CF2,2.6634
1627,_SEvi5OcdEeet0YmmfbMwkw,CF3,2.0794
1628,_SEvi5OcdEeet0YmmfbMwkw,CF3,2.0794
1629,_SEvi5OcdEeet0YmmfbMwkw,CF3,2.0794
1630,_SE57Q-cdEeet0YmmfbMwkw,CF1,5.2764
1631,_SE57Q-cdEeet0YmmfbMwkw,CF1,5.2764
1632,_SE57Q-cdEeet0YmmfbMwkw,CF1,5.2764
1633,_SFFhsucdEeet0YmmfbMwkw,CF1,5.7549
1634,_SFFhsucdEeet0YmmfbMwkw,CF1,5.7549
1635,_SFFhsucdEeet0YmmfbMwkw,CF1,5.7549
1636,_SFFhsucdEeet0YmmfbMwkw,CF1,5.7549
1637,_SFFhsucdEeet0YmmfbMwkw,CF1,5.7549
1638,_SFFhsucdEeet0YmmfbMwkw,CF1,5.7549
1639,_SFFhsucdEeet0YmmfbMwkw,CF1,5.7549
1640,_SFFhsucdEeet0YmmfbMwkw,CF1,5.7549
1641,_SFFhsucdEeet0YmmfbMwkw,CF1,5.7549
1642,_SFE6kucdEeet0YmmfbMwkw,CF1,3.0136
1643,_SFE6kucdEeet0YmmfbMwkw,CF1,3.0136
1644,_SFE6kucdEeet0YmmfbMwkw,CF1,3.0136
1645,_SFMQD-cdEeet0YmmfbMwkw,CF2,4.3899
1646,_SFMQD-cdEeet0YmmfbMwkw,CF2,4.3899
1647,_SFMQD-cdEeet0YmmfbMwkw,CF2,4.3899
1648,_SFMQD-cdEeet0YmmfbMwkw,CF2,4.3899
1649,_SFMQD-cdEeet0YmmfbMwkw,CF2,4.3899
1650,_SFMQD-cdEeet0YmmfbMwkw,CF2,4.3899
1651,_SFKZUucdEeet0YmmfbMwkw,CF2,2.3008
1652,_SFKZUucdEeet0YmmfbMwkw,CF2,2.3008
1653,_SFKZUucdEeet0YmmfbMwkw,CF2,2.3008
1654,_SFLBHecdEeet0YmmfbMwkw,CF2,4.3699
1655,_SFLBHecdEeet0YmmfbMwkw,CF2,4.3699
1656,_SFLBHecdEeet0YmmfbMwkw,CF2,4.3699
1657,_SFS9tOcdEeet0YmmfbMwkw,CF3,4.4159
1658,_SFS9tOcdEeet0YmmfbMwkw,CF3,4.4159
1659,_SFNdjecdEeet0YmmfbMwkw,CF1,6.2198
1660,_SFNdjecdEeet0YmmfbMwkw,CF1,6.2198
1661,_SFNdjecdEeet0YmmfbMwkw,CF1,6.2198
1662,_SFApIecdEeet0YmmfbMwkw,CF2,4.2759
1663,_SFApIecdEeet0YmmfbMwkw,CF2,4.2759
1664,_SFApIecdEeet0YmmfbMwkw,CF2,4.2759
1665,_SFSW1ecdEeet0YmmfbMwkw,CF3,5.7519
1666,_SFSW1ecdEeet0YmmfbMwkw,CF3,5.7519
1667,_SFJyQucdEeet0YmmfbMwkw,CF2,2.2998
1668,_SFJyQucdEeet0YmmfbMwkw,CF2,2.2998
1669,_SFJyQucdEeet0YmmfbMwkw,CF2,2.2998
1670,_SFDr--cdEeet0YmmfbMwkw,CF2,2.6914
1671,_SFDr--cdEeet0YmmfbMwkw,CF2,2.6914
1672,_SFDr--cdEeet0YmmfbMwkw,CF2,2.6914
1673,_SFDr--cdEeet0YmmfbMwkw,CF2,2.6914
1674,_SFDr--cdEeet0YmmfbMwkw,CF2,2.6914
1675,_SFDr--cdEeet0YmmfbMwkw,CF2,2.6914
1676,_SFFhvucdEeet0YmmfbMwkw,CF3,4.3249
1677,_SFFhvucdEeet0YmmfbMwkw,CF3,4.3249
1678,_SFFhvucdEeet0YmmfbMwkw,CF3,4.3249
1679,_SFACDOcdEeet0YmmfbMwkw,CF2,5.6989
1680,_SFACDOcdEeet0YmmfbMwkw,CF2,5.6989
1681,_SFACDOcdEeet0YmmfbMwkw,CF2,5.6989
1682,_SFLAZ-cdEeet0YmmfbMwkw,CF3,4.3649
1683,_SFLAZ-cdEeet0YmmfbMwkw,CF3,4.3649
1684,_SFLAZ-cdEeet0YmmfbMwkw,CF3,4.3649
1685,_SFJzYecdEeet0YmmfbMwkw,CF1,4.3489
1686,_SFJzYecdEeet0YmmfbMwkw,CF1,4.3489
1687,_SFJzYecdEeet0YmmfbMwkw,CF1,4.3489
1688,_SFJzYecdEeet0YmmfbMwkw,CF1,4.3489
1689,_SFJy5-cdEeet0YmmfbMwkw,CF2,2.7084
1690,_SFJy5-cdEeet0YmmfbMwkw,CF2,2.7084
1691,_SFJy5-cdEeet0YmmfbMwkw,CF2,2.7084
1692,_SFDsdecdEeet0YmmfbMwkw,CF3,4.3069
1693,_SFDsdecdEeet0YmmfbMwkw,CF3,4.3069
1694,_SFDsdecdEeet0YmmfbMwkw,CF3,4.3069
1695,_SFDsdecdEeet0YmmfbMwkw,CF3,4.3069
1696,_SFDsdecdEeet0YmmfbMwkw,CF3,4.3069
1697,_SFS8aOcdEeet0YmmfbMwkw,CF3,5.7459
1698,_SFS8aOcdEeet0YmmfbMwkw,CF3,5.7459
1699,_SFS8aOcdEeet0YmmfbMwkw,CF3,5.7459
1700,_SFS8aOcdEeet0YmmfbMwkw,CF3,5.7459
1701,_SFS8aOcdEeet0YmmfbMwkw,CF3,5.7459
1702,_SFOsE-cdEeet0YmmfbMwkw,CF1,5.7449
1703,_SFOsE-cdEeet0YmmfbMwkw,CF1,5.7449
1704,_SFOsE-cdEeet0YmmfbMwkw,CF1,5.7449
1705,_SE_a9OcdEeet0YmmfbMwkw,CF3,4.2339
1706,_SE_a9OcdEeet0YmmfbMwkw,CF3,4.2339
1707,_SE_a9OcdEeet0YmmfbMwkw,CF3,4.2339
1708,_SFLBKecdEeet0YmmfbMwkw,CF3,3.5011
1709,_SFLBKecdEeet0YmmfbMwkw,CF3,3.5011
1710,_SFLBKecdEeet0YmmfbMwkw,CF3,3.5011
1711,_SFApC-cdEeet0YmmfbMwkw,CF1,4.2739
1712,_SFApC-cdEeet0YmmfbMwkw,CF1,4.2739
1713,_SFApC-cdEeet0YmmfbMwkw,CF1,4.2739
1714,_SFApC-cdEeet0YmmfbMwkw,CF1,4.2739
1715,_SFApC-cdEeet0YmmfbMwkw,CF1,4.2739
1716,_SFApC-cdEeet0YmmfbMwkw,CF1,4.2739
1717,_SFGwBecdEeet0YmmfbMwkw,CF3,5.7159
1718,_SFGwBecdEeet0YmmfbMwkw,CF3,5.7159
1719,_SFGwBecdEeet0YmmfbMwkw,CF3,5.7159
1720,_SEuUcucdEeet0YmmfbMwkw,CF1,2.2908
1721,_SEuUcucdEeet0YmmfbMwkw,CF1,2.2908
1722,_SEuUcucdEeet0YmmfbMwkw,CF1,2.2908
1723,_SEwJt-cdEeet0YmmfbMwkw,CF1,3.3557
1724,_SEwJt-cdEeet0YmmfbMwkw,CF1,3.3557
1725,_SEwJt-cdEeet0YmmfbMwkw,CF1,3.3557
1726,_SFDFV-cdEeet0YmmfbMwkw,CF3,4.2979
1727,_SFDFV-cdEeet0YmmfbMwkw,CF3,4.2979
1728,_SFDFV-cdEeet0YmmfbMwkw,CF3,4.2979
1729,_SE2QWecdEeet0YmmfbMwkw,CF3,4.2029
1730,_SE2QWecdEeet0YmmfbMwkw,CF3,4.2029
1731,_SE2QWecdEeet0YmmfbMwkw,CF3,4.2029
1732,_SFJyOOcdEeet0YmmfbMwkw,CF2,2.7094
1733,_SFJyOOcdEeet0YmmfbMwkw,CF2,2.7094
1734,_SFJyOOcdEeet0YmmfbMwkw,CF2,2.7094
1735,_SE4s9ecdEeet0YmmfbMwkw,CF2,2.4669
1736,_SE4s9ecdEeet0YmmfbMwkw,CF2,2.4669
1737,_SE4s9ecdEeet0YmmfbMwkw,CF2,2.4669
1738,_SFFhqOcdEeet0YmmfbMwkw,CF3,4.3239
1739,_SFFhqOcdEeet0YmmfbMwkw,CF3,4.3239
1740,_SFFhqOcdEeet0YmmfbMwkw,CF3,4.3239
1741,_SE8Xk-cdEeet0YmmfbMwkw,CF1,4.2259
1742,_SE8Xk-cdEeet0YmmfbMwkw,CF1,4.2259
1743,_SE8Xk-cdEeet0YmmfbMwkw,CF1,4.2259
1744,_SFNeOOcdEeet0YmmfbMwkw,CF3,3.3757
1745,_SFNeOOcdEeet0YmmfbMwkw,CF3,3.3757
1746,_SFNeOOcdEeet0YmmfbMwkw,CF3,3.3757
1747,_SE57PecdEeet0YmmfbMwkw,CF3,4.2099
1748,_SE57PecdEeet0YmmfbMwkw,CF3,4.2099
1749,_SE57PecdEeet0YmmfbMwkw,CF3,4.2099
1750,_SFDFeecdEeet0YmmfbMwkw,CF1,3.0096
1751,_SFDFeecdEeet0YmmfbMwkw,CF1,3.0096
1752,_SFDFeecdEeet0YmmfbMwkw,CF1,3.0096
1753,_SFS9JucdEeet0YmmfbMwkw,CF1,2.1044
1754,_SFS9JucdEeet0YmmfbMwkw,CF1,2.1044
1755,_SFS9JucdEeet0YmmfbMwkw,CF1,2.1044
1756,_SFOEtucdEeet0YmmfbMwkw,CF1,3.0306
1757,_SFOEtucdEeet0YmmfbMwkw,CF1,3.0306
1758,_SFOEtucdEeet0YmmfbMwkw,CF1,3.0306
1759,_SE8XCucdEeet0YmmfbMwkw,CF1,2.6594
1760,_SE8XCucdEeet0YmmfbMwkw,CF1,2.6594
1761,_SE8XCucdEeet0YmmfbMwkw,CF1,2.6594
1762,_SFJyq-cdEeet0YmmfbMwkw,CF3,4.3469
1763,_SFJyq-cdEeet0YmmfbMwkw,CF3,4.3469
1764,_SFJyq-cdEeet0YmmfbMwkw,CF3,4.3469
1765,_SFESm-cdEeet0YmmfbMwkw,CF2,2.6954
1766,_SFESm-cdEeet0YmmfbMwkw,CF2,2.6954
1767,_SFESm-cdEeet0YmmfbMwkw,CF2,2.6954
1768,_SFESm-cdEeet0YmmfbMwkw,CF2,2.6954
1769,_SFESm-cdEeet0YmmfbMwkw,CF2,2.6954
1770,_SFESm-cdEeet0YmmfbMwkw,CF2,2.6954
1771,_SFJzfecdEeet0YmmfbMwkw,CF1,2.7104
1772,_SFJzfecdEeet0YmmfbMwkw,CF1,2.7104
1773,_SFJzfecdEeet0YmmfbMwkw,CF1,2.7104
1774,_SE8W3ecdEeet0YmmfbMwkw,CF1,4.2229
1775,_SE8W3ecdEeet0YmmfbMwkw,CF1,4.2229
1776,_SE8W3ecdEeet0YmmfbMwkw,CF1,4.2229
1777,_SFJyKecdEeet0YmmfbMwkw,CF1,7.1807
1778,_SFJyKecdEeet0YmmfbMwkw,CF1,7.1807
1779,_SFJyKecdEeet0YmmfbMwkw,CF1,7.1807
1780,_SFBPgOcdEeet0YmmfbMwkw,CF3,4.2849
1781,_SFBPgOcdEeet0YmmfbMwkw,CF3,4.2849
1782,_SFLAqecdEeet0YmmfbMwkw,CF2,2.4849
1783,_SFLAqecdEeet0YmmfbMwkw,CF2,2.4849
1784,_SFLAqecdEeet0YmmfbMwkw,CF2,2.4849
1785,_SFMQGecdEeet0YmmfbMwkw,CF2,5.7369
1786,_SFMQGecdEeet0YmmfbMwkw,CF2,5.7369
1787,_SFMQGecdEeet0YmmfbMwkw,CF2,5.7369
1788,_SFGuu-cdEeet0YmmfbMwkw,CF1,4.3329
1789,_SFGuu-cdEeet0YmmfbMwkw,CF1,4.3329
1790,_SFGuu-cdEeet0YmmfbMwkw,CF1,4.3329
1791,_SFGuu-cdEeet0YmmfbMwkw,CF1,4.3329
1792,_SFGuu-cdEeet0YmmfbMwkw,CF1,4.3329
1793,_SFGuu-cdEeet0YmmfbMwkw,CF1,4.3329
1794,_SFFh3-cdEeet0YmmfbMwkw,CF1,2.2978
1795,_SFFh3-cdEeet0YmmfbMwkw,CF1,2.2978
1796,_SFFh3-cdEeet0YmmfbMwkw,CF1,2.2978
1797,_SFJy8-cdEeet0YmmfbMwkw,CF2,2.0884
1798,_SFJy8-cdEeet0YmmfbMwkw,CF2,2.0884
1799,_SFJy8-cdEeet0YmmfbMwkw,CF2,2.0884
1800,_SFMPsecdEeet0YmmfbMwkw,CF3,2.4909
1801,_SFMPsecdEeet0YmmfbMwkw,CF3,2.4909
1802,_SFMPsecdEeet0YmmfbMwkw,CF3,2.4909
1803,_SFGwm-cdEeet0YmmfbMwkw,CF3,4.3409
1804,_SFGwm-cdEeet0YmmfbMwkw,CF3,4.3409
1805,_SFGwm-cdEeet0YmmfbMwkw,CF3,4.3409
1806,_SFDE8-cdEeet0YmmfbMwkw,CF2,2.6884
1807,_SFDE8-cdEeet0YmmfbMwkw,CF2,2.6884
1808,_SFDE8-cdEeet0YmmfbMwkw,CF2,2.6884
1809,_SFDE8-cdEeet0YmmfbMwkw,CF2,2.6884
1810,_SFDE8-cdEeet0YmmfbMwkw,CF2,2.6884
1811,_SFDE8-cdEeet0YmmfbMwkw,CF2,2.6884
1812,_SFAogecdEeet0YmmfbMwkw,CF1,4.2729
1813,_SFAogecdEeet0YmmfbMwkw,CF1,4.2729
1814,_SFAogecdEeet0YmmfbMwkw,CF1,4.2729
1815,_SFApEucdEeet0YmmfbMwkw,CF1,6.2148
1816,_SFApEucdEeet0YmmfbMwkw,CF1,6.2148
1817,_SFApEucdEeet0YmmfbMwkw,CF1,6.2148
1818,_SExYNOcdEeet0YmmfbMwkw,CF1,5.6929
1819,_SExYNOcdEeet0YmmfbMwkw,CF1,5.6929
1820,_SE7wGecdEeet0YmmfbMwkw,CF3,4.2179
1821,_SE7wGecdEeet0YmmfbMwkw,CF3,4.2179
1822,_SE7wGecdEeet0YmmfbMwkw,CF3,4.2179
1823,_SEvi2OcdEeet0YmmfbMwkw,CF2,2.6714
1824,_SEvi2OcdEeet0YmmfbMwkw,CF2,2.6714
1825,_SEvi2OcdEeet0YmmfbMwkw,CF2,2.6714
1826,_SE7wJecdEeet0YmmfbMwkw,CF1,2.9906
1827,_SE7wJecdEeet0YmmfbMwkw,CF1,2.9906
1828,_SE7wJecdEeet0YmmfbMwkw,CF1,2.9906
1829,_SEz0XucdEeet0YmmfbMwkw,CF3,34.4147
1830,_SEz0XucdEeet0YmmfbMwkw,CF3,34.2477
1831,_SFCdQOcdEeet0YmmfbMwkw,CF3,2.0834
1832,_SFCdQOcdEeet0YmmfbMwkw,CF3,2.0834
1833,_SFCdQOcdEeet0YmmfbMwkw,CF3,2.0834
1834,_SEzNE-cdEeet0YmmfbMwkw,CF1,4.5375
1835,_SEzNE-cdEeet0YmmfbMwkw,CF1,4.5375
1836,_SEzNE-cdEeet0YmmfbMwkw,CF1,4.5375
1837,_SFOEnucdEeet0YmmfbMwkw,CF3,5.7409
1838,_SFOEnucdEeet0YmmfbMwkw,CF3,5.7409
1839,_SFKZ_ecdEeet0YmmfbMwkw,CF2,2.4829
1840,_SFKZ_ecdEeet0YmmfbMwkw,CF2,2.4829
1841,_SFKZ_ecdEeet0YmmfbMwkw,CF2,2.4829
1842,_SFKZxecdEeet0YmmfbMwkw,CF3,5.7249
1843,_SFKZxecdEeet0YmmfbMwkw,CF3,5.7249
1844,_SFKZxecdEeet0YmmfbMwkw,CF3,5.7249
1845,_SFGItOcdEeet0YmmfbMwkw,CF3,3.0206
1846,_SFGItOcdEeet0YmmfbMwkw,CF3,3.0206
1847,_SFGItOcdEeet0YmmfbMwkw,CF3,3.0206
1848,_SE89uecdEeet0YmmfbMwkw,CF2,2.6584
1849,_SE89uecdEeet0YmmfbMwkw,CF2,2.6584
1850,_SE89uecdEeet0YmmfbMwkw,CF2,2.6584
1851,_SE8-s-cdEeet0YmmfbMwkw,CF1,4.2219
1852,_SE8-s-cdEeet0YmmfbMwkw,CF1,4.2219
1853,_SE8-s-cdEeet0YmmfbMwkw,CF1,4.2219
1854,_SE8-s-cdEeet0YmmfbMwkw,CF1,4.2219
1855,_SE8-s-cdEeet0YmmfbMwkw,CF1,4.2219
1856,_SE8-s-cdEeet0YmmfbMwkw,CF1,4.2219
1857,_SFGu3ecdEeet0YmmfbMwkw,CF1,3.0216
1858,_SFGu3ecdEeet0YmmfbMwkw,CF1,3.0216
1859,_SFGu3ecdEeet0YmmfbMwkw,CF1,3.0216
1860,_SE7vpecdEeet0YmmfbMwkw,CF2,2.4699
1861,_SE7vpecdEeet0YmmfbMwkw,CF2,2.4699
1862,_SE7vpecdEeet0YmmfbMwkw,CF2,2.4699
1863,_SFSWNecdEeet0YmmfbMwkw,CF3,5.7529
1864,_SFSWNecdEeet0YmmfbMwkw,CF3,5.7529
1865,_SFKZG-cdEeet0YmmfbMwkw,CF3,4.3529
1866,_SFKZG-cdEeet0YmmfbMwkw,CF3,4.3529
1867,_SFKZG-cdEeet0YmmfbMwkw,CF3,4.3529
1868,_SE8Xm-cdEeet0YmmfbMwkw,CF1,7.1667
1869,_SE8Xm-cdEeet0YmmfbMwkw,CF1,7.1667
1870,_SE8Xm-cdEeet0YmmfbMwkw,CF1,7.1667
1871,_SE8Xm-cdEeet0YmmfbMwkw,CF1,7.1667
1872,_SEtGI-cdEeet0YmmfbMwkw,CF3,2.5659
1873,_SEtGI-cdEeet0YmmfbMwkw,CF3,2.5659
1874,_SFE6cOcdEeet0YmmfbMwkw,CF1,4.3129
1875,_SFE6cOcdEeet0YmmfbMwkw,CF1,4.3129
1876,_SFE6cOcdEeet0YmmfbMwkw,CF1,4.3129
1877,_SFE6cOcdEeet0YmmfbMwkw,CF1,4.3129
1878,_SFE6cOcdEeet0YmmfbMwkw,CF1,4.3129
1879,_SFE6cOcdEeet0YmmfbMwkw,CF1,4.3129
1880,_SFE6cOcdEeet0YmmfbMwkw,CF1,4.3129
1881,_SFE6cOcdEeet0YmmfbMwkw,CF1,4.3129
1882,_SFE6cOcdEeet0YmmfbMwkw,CF1,4.3129
1883,_SFE6cOcdEeet0YmmfbMwkw,CF1,4.3129
1884,_SFSW7ecdEeet0YmmfbMwkw,CF2,3.0326
1885,_SFSW7ecdEeet0YmmfbMwkw,CF2,3.0326
1886,_SFSW7ecdEeet0YmmfbMwkw,CF2,3.0326
1887,_SFFhEucdEeet0YmmfbMwkw,CF1,5.7109
1888,_SFFhEucdEeet0YmmfbMwkw,CF1,5.7109
1889,_SFFhEucdEeet0YmmfbMwkw,CF1,5.7109
1890,_SFM2h-cdEeet0YmmfbMwkw,CF3,2.4889
1891,_SFM2h-cdEeet0YmmfbMwkw,CF3,2.4889
1892,_SFM2h-cdEeet0YmmfbMwkw,CF3,2.4889
1893,_SEwJpecdEeet0YmmfbMwkw,CF2,4.2469
1894,_SEwJpecdEeet0YmmfbMwkw,CF2,4.2469
1895,_SEwJpecdEeet0YmmfbMwkw,CF2,4.2469
1896,_SFLAo-cdEeet0YmmfbMwkw,CF2,2.7164
1897,_SFLAo-cdEeet0YmmfbMwkw,CF2,2.7164
1898,_SFLAo-cdEeet0YmmfbMwkw,CF2,2.7164
1899,_SFDse-cdEeet0YmmfbMwkw,CF3,34.9788
1900,_SFDse-cdEeet0YmmfbMwkw,CF3,34.8246
1901,_SFDse-cdEeet0YmmfbMwkw,CF3,35.1123
1902,_SFDse-cdEeet0YmmfbMwkw,CF3,35.1123
1903,_SFDse-cdEeet0YmmfbMwkw,CF3,35.1123
1904,_SE4F5ecdEeet0YmmfbMwkw,CF2,5.6819
1905,_SE4F5ecdEeet0YmmfbMwkw,CF2,5.6819
1906,_SE4F5ecdEeet0YmmfbMwkw,CF2,5.6819
1907,_SFJzS-cdEeet0YmmfbMwkw,CF3,4.3479
1908,_SFJzS-cdEeet0YmmfbMwkw,CF3,4.3479
1909,_SFJzS-cdEeet0YmmfbMwkw,CF3,4.3479
1910,_SFOE0OcdEeet0YmmfbMwkw,CF2,2.7274
1911,_SFOE0OcdEeet0YmmfbMwkw,CF2,2.7274
1912,_SFOE0OcdEeet0YmmfbMwkw,CF2,2.7274
1913,_SE7ItecdEeet0YmmfbMwkw,CF3,5.2784
1914,_SE7ItecdEeet0YmmfbMwkw,CF3,5.2784
1915,_SE7ItecdEeet0YmmfbMwkw,CF3,5.2784
1916,_SFLoF-cdEeet0YmmfbMwkw,CF1,2.7184
1917,_SFLoF-cdEeet0YmmfbMwkw,CF1,2.7184
1918,_SFLoF-cdEeet0YmmfbMwkw,CF1,2.7184
1919,_SEu7oecdEeet0YmmfbMwkw,CF1,19.8955
1920,_SEu7oecdEeet0YmmfbMwkw,CF1,19.8955
1921,_SEu7oecdEeet0YmmfbMwkw,CF1,19.8955
1922,_SFJy7ecdEeet0YmmfbMwkw,CF2,2.4799
1923,_SFJy7ecdEeet0YmmfbMwkw,CF2,2.4799
1924,_SFJy7ecdEeet0YmmfbMwkw,CF2,2.4799
1925,_SFOEm-cdEeet0YmmfbMwkw,CF3,25.0058
1926,_SFOEm-cdEeet0YmmfbMwkw,CF3,24.8235
1927,_SFOEm-cdEeet0YmmfbMwkw,CF3,24.8235
1928,_SFOEm-cdEeet0YmmfbMwkw,CF3,24.8235
1929,_SFOEm-cdEeet0YmmfbMwkw,CF3,24.8235
1930,_SFAodecdEeet0YmmfbMwkw,CF2,5.7539
1931,_SFAodecdEeet0YmmfbMwkw,CF2,5.7539
1932,_SFAodecdEeet0YmmfbMwkw,CF2,5.7539
1933,_SFAodecdEeet0YmmfbMwkw,CF2,5.7539
1934,_SFAodecdEeet0YmmfbMwkw,CF2,5.7539
1935,_SFAodecdEeet0YmmfbMwkw,CF2,5.7539
1936,_SFAodecdEeet0YmmfbMwkw,CF2,5.7539
1937,_SFAodecdEeet0YmmfbMwkw,CF2,5.7539
1938,_SFAodecdEeet0YmmfbMwkw,CF2,5.7539
1939,_SFGIzucdEeet0YmmfbMwkw,CF2,2.7014
1940,_SFGIzucdEeet0YmmfbMwkw,CF2,2.7014
1941,_SFGIzucdEeet0YmmfbMwkw,CF2,2.7014
1942,_SFGIzucdEeet0YmmfbMwkw,CF2,2.7014
1943,_SFGIzucdEeet0YmmfbMwkw,CF2,2.7014
1944,_SFGIzucdEeet0YmmfbMwkw,CF2,2.7014
1945,_SFB3TOcdEeet0YmmfbMwkw,CF1,3.0046
1946,_SFB3TOcdEeet0YmmfbMwkw,CF1,3.0046
1947,_SFB3TOcdEeet0YmmfbMwkw,CF1,3.0046
1948,_SFGI4OcdEeet0YmmfbMwkw,CF2,2.8652
1949,_SFGI4OcdEeet0YmmfbMwkw,CF2,2.8652
1950,_SFGI4OcdEeet0YmmfbMwkw,CF2,2.8652
1951,_SE-Me-cdEeet0YmmfbMwkw,CF1,4.1889
1952,_SE-Me-cdEeet0YmmfbMwkw,CF1,4.1889
1953,_SE-Me-cdEeet0YmmfbMwkw,CF1,4.1889
1954,_SE_a_OcdEeet0YmmfbMwkw,CF2,7.1697
1955,_SE_a_OcdEeet0YmmfbMwkw,CF2,7.1697
1956,_SE_a_OcdEeet0YmmfbMwkw,CF2,7.1697
1957,_SE_a_OcdEeet0YmmfbMwkw,CF2,7.1697
1958,_SE_a_OcdEeet0YmmfbMwkw,CF2,7.1697
1959,_SFS9qOcdEeet0YmmfbMwkw,CF3,5.7479
1960,_SFS9qOcdEeet0YmmfbMwkw,CF3,5.7479
1961,_SFS9qOcdEeet0YmmfbMwkw,CF3,5.7479
1962,_SFDEt-cdEeet0YmmfbMwkw,CF1,4.2939
1963,_SFDEt-cdEeet0YmmfbMwkw,CF1,4.2939
1964,_SFDEt-cdEeet0YmmfbMwkw,CF1,4.2939
1965,_SE5T3OcdEeet0YmmfbMwkw,CF2,2.4689
1966,_SE5T3OcdEeet0YmmfbMwkw,CF2,2.4689
1967,_SE5T3OcdEeet0YmmfbMwkw,CF2,2.4689
1968,_SFM2TOcdEeet0YmmfbMwkw,CF1,6.2178
1969,_SFM2TOcdEeet0YmmfbMwkw,CF1,6.2178
1970,_SFM2TOcdEeet0YmmfbMwkw,CF1,6.2178
1971,_SE-zGucdEeet0YmmfbMwkw,CF1,4.1929
1972,_SE-zGucdEeet0YmmfbMwkw,CF1,4.1929
1973,_SE-zGucdEeet0YmmfbMwkw,CF1,4.1929
1974,_SFMOTecdEeet0YmmfbMwkw,CF2,7.1937
1975,_SFMOTecdEeet0YmmfbMwkw,CF2,7.1937
1976,_SFMOTecdEeet0YmmfbMwkw,CF2,7.1937
1977,_SFMOTecdEeet0YmmfbMwkw,CF2,7.1937
1978,_SFGwpecdEeet0YmmfbMwkw,CF3,5.7169
1979,_SFGwpecdEeet0YmmfbMwkw,CF3,5.7169
1980,_SFGwpecdEeet0YmmfbMwkw,CF3,5.7169
1981,_SFOEwecdEeet0YmmfbMwkw,CF1,2.7304
1982,_SFOEwecdEeet0YmmfbMwkw,CF1,2.7304
1983,_SFOEwecdEeet0YmmfbMwkw,CF1,2.7304
1984,_SEzM_ucdEeet0YmmfbMwkw,CF3,6.2138
1985,_SEzM_ucdEeet0YmmfbMwkw,CF3,6.2138
1986,_SEzM_ucdEeet0YmmfbMwkw,CF3,6.2138
1987,_SFLn8ecdEeet0YmmfbMwkw,CF1,4.3749
1988,_SFLn8ecdEeet0YmmfbMwkw,CF1,4.3749
1989,_SFLn8ecdEeet0YmmfbMwkw,CF1,4.3749
1990,_SE23vucdEeet0YmmfbMwkw,CF1,2.6484
1991,_SE23vucdEeet0YmmfbMwkw,CF1,2.6484
1992,_SE23vucdEeet0YmmfbMwkw,CF1,2.6484
1993,_SE23vucdEeet0YmmfbMwkw,CF1,2.6484
1994,_SE23vucdEeet0YmmfbMwkw,CF1,2.6484
1995,_SE23vucdEeet0YmmfbMwkw,CF1,2.6484
1996,_SFE6DOcdEeet0YmmfbMwkw,CF2,2.6934
1997,_SFE6DOcdEeet0YmmfbMwkw,CF2,2.6934
1998,_SFE6DOcdEeet0YmmfbMwkw,CF2,2.6934
1999,_SFE6DOcdEeet0YmmfbMwkw,CF2,2.6934
2000,_SFE6DOcdEeet0YmmfbMwkw,CF2,2.6934
2001,_SFE6DOcdEeet0YmmfbMwkw,CF2,2.6934
2002,_SFLBuecdEeet0YmmfbMwkw,CF3,3.3697
2003,_SFLBuecdEeet0YmmfbMwkw,CF3,3.3697
2004,_SFLBuecdEeet0YmmfbMwkw,CF3,3.3697
2005,_SFMOxecdEeet0YmmfbMwkw,CF2,4.3839
2006,_SFMOxecdEeet0YmmfbMwkw,CF2,4.3839
2007,_SFMOxecdEeet0YmmfbMwkw,CF2,4.3839
2008,_SFMOxecdEeet0YmmfbMwkw,CF2,4.3839
2009,_SFOEqucdEeet0YmmfbMwkw,CF3,4.4009
2010,_SFOEqucdEeet0YmmfbMwkw,CF3,4.4009
2011,_SEuUaOcdEeet0YmmfbMwkw,CF1,2.6684
2012,_SEuUaOcdEeet0YmmfbMwkw,CF1,2.6684
2013,_SEuUaOcdEeet0YmmfbMwkw,CF1,2.6684
2014,_SFETTecdEeet0YmmfbMwkw,CF2,2.8612
2015,_SFETTecdEeet0YmmfbMwkw,CF2,2.8612
2016,_SFETTecdEeet0YmmfbMwkw,CF2,2.8612
2017,_SE-z0OcdEeet0YmmfbMwkw,CF1,4.1899
2018,_SE-z0OcdEeet0YmmfbMwkw,CF1,4.1899
2019,_SE-z0OcdEeet0YmmfbMwkw,CF1,4.1899
2020,_SFM2YecdEeet0YmmfbMwkw,CF2,4.5495
2021,_SFM2YecdEeet0YmmfbMwkw,CF2,4.5495
2022,_SFM2YecdEeet0YmmfbMwkw,CF2,4.5495
2023,_SFM2YecdEeet0YmmfbMwkw,CF2,4.5495
2024,_SFM2YecdEeet0YmmfbMwkw,CF2,4.5495
2025,_SFM2YecdEeet0YmmfbMwkw,CF2,4.5495
2026,_SFJLBecdEeet0YmmfbMwkw,CF3,5.7189
2027,_SFJLBecdEeet0YmmfbMwkw,CF3,5.7189
2028,_SFJLBecdEeet0YmmfbMwkw,CF3,5.7189
2029,_SFABnucdEeet0YmmfbMwkw,CF2,2.6784
2030,_SFABnucdEeet0YmmfbMwkw,CF2,2.6784
2031,_SFABnucdEeet0YmmfbMwkw,CF2,2.6784
2032,_SFFhKucdEeet0YmmfbMwkw,CF1,3.0166
2033,_SFFhKucdEeet0YmmfbMwkw,CF1,3.0166
2034,_SFFhKucdEeet0YmmfbMwkw,CF1,3.0166
2035,_SFKaZecdEeet0YmmfbMwkw,CF3,5.7259
2036,_SFKaZecdEeet0YmmfbMwkw,CF3,5.7259
2037,_SFKaZecdEeet0YmmfbMwkw,CF3,5.7259
2038,_SE_aVOcdEeet0YmmfbMwkw,CF3,4.2359
2039,_SE_aVOcdEeet0YmmfbMwkw,CF3,4.2359
2040,_SE_aVOcdEeet0YmmfbMwkw,CF3,4.2359
2041,_SFGHoOcdEeet0YmmfbMwkw,CF2,2.8642
2042,_SFGHoOcdEeet0YmmfbMwkw,CF2,2.8642
2043,_SFGHoOcdEeet0YmmfbMwkw,CF2,2.8642
2044,_SE3equcdEeet0YmmfbMwkw,CF2,3.0814
2045,_SE3equcdEeet0YmmfbMwkw,CF2,3.0814
2046,_SE3equcdEeet0YmmfbMwkw,CF2,3.0814
2047,_SE4sVecdEeet0YmmfbMwkw,CF2,2.4679
2048,_SE4sVecdEeet0YmmfbMwkw,CF2,2.4679
2049,_SE4sVecdEeet0YmmfbMwkw,CF2,2.4679
2050,_SFB2qOcdEeet0YmmfbMwkw,CF3,61.5799
2051,_SFB2qOcdEeet0YmmfbMwkw,CF3,61.4129
2052,_SFGIqOcdEeet0YmmfbMwkw,CF1,4.3289
2053,_SFGIqOcdEeet0YmmfbMwkw,CF1,4.3289
2054,_SFGIqOcdEeet0YmmfbMwkw,CF1,4.3289
2055,_SFGIqOcdEeet0YmmfbMwkw,CF1,4.3289
2056,_SFETO-cdEeet0YmmfbMwkw,CF2,2.6964
2057,_SFETO-cdEeet0YmmfbMwkw,CF2,2.6964
2058,_SFETO-cdEeet0YmmfbMwkw,CF2,2.6964
2059,_SFETO-cdEeet0YmmfbMwkw,CF2,2.6964
2060,_SFETO-cdEeet0YmmfbMwkw,CF2,2.6964
2061,_SFETO-cdEeet0YmmfbMwkw,CF2,2.6964
2062,_SFJzXecdEeet0YmmfbMwkw,CF1,3.3657
2063,_SFJzXecdEeet0YmmfbMwkw,CF1,3.3657
2064,_SFJzXecdEeet0YmmfbMwkw,CF1,3.3657
2065,_SFJzXecdEeet0YmmfbMwkw,CF1,3.3657
2066,_SFJzXecdEeet0YmmfbMwkw,CF1,3.3657
2067,_SFJzXecdEeet0YmmfbMwkw,CF1,3.3657
2068,_SE4FUecdEeet0YmmfbMwkw,CF2,4.2059
2069,_SE4FUecdEeet0YmmfbMwkw,CF2,4.2059
2070,_SE4FUecdEeet0YmmfbMwkw,CF2,4.2059
2071,_SFLn2-cdEeet0YmmfbMwkw,CF1,4.3739
2072,_SFLn2-cdEeet0YmmfbMwkw,CF1,4.3739
2073,_SFLn2-cdEeet0YmmfbMwkw,CF1,4.3739
2074,_SFLnTecdEeet0YmmfbMwkw,CF2,3.3717
2075,_SFLnTecdEeet0YmmfbMwkw,CF2,3.3717
2076,_SFLnTecdEeet0YmmfbMwkw,CF2,3.3717
2077,_SFLnTecdEeet0YmmfbMwkw,CF2,3.3717
2078,_SEu7n-cdEeet0YmmfbMwkw,CF2,5.2804
2079,_SEu7n-cdEeet0YmmfbMwkw,CF2,5.2804
2080,_SEu7n-cdEeet0YmmfbMwkw,CF2,5.2804
2081,_SFACROcdEeet0YmmfbMwkw,CF3,2.4759
2082,_SFACROcdEeet0YmmfbMwkw,CF3,2.4759
2083,_SFACROcdEeet0YmmfbMwkw,CF3,2.4759
2084,_SFS9GucdEeet0YmmfbMwkw,CF3,49.2102
2085,_SFS9GucdEeet0YmmfbMwkw,CF3,49.0767
2086,_SEymGucdEeet0YmmfbMwkw,CF3,4.2589
2087,_SEymGucdEeet0YmmfbMwkw,CF3,4.2589
2088,_SFKacecdEeet0YmmfbMwkw,CF1,4.3599
2089,_SFKacecdEeet0YmmfbMwkw,CF1,4.3599
2090,_SFKacecdEeet0YmmfbMwkw,CF1,4.3599
2091,_SFLB6ecdEeet0YmmfbMwkw,CF1,2.4859
2092,_SFLB6ecdEeet0YmmfbMwkw,CF1,2.4859
2093,_SFLB6ecdEeet0YmmfbMwkw,CF1,2.4859
2094,_SFOFVucdEeet0YmmfbMwkw,CF1,3.0316
2095,_SFOFVucdEeet0YmmfbMwkw,CF1,3.0316
2096,_SFOFVucdEeet0YmmfbMwkw,CF1,3.0316
2097,_SFLAbucdEeet0YmmfbMwkw,CF3,6.6669
2098,_SFLAbucdEeet0YmmfbMwkw,CF3,6.6669
2099,_SFLAbucdEeet0YmmfbMwkw,CF3,6.6669
2100,_SFNdqOcdEeet0YmmfbMwkw,CF1,3.0276
2101,_SFNdqOcdEeet0YmmfbMwkw,CF1,3.0276
2102,_SFNdqOcdEeet0YmmfbMwkw,CF1,3.0276
2103,_SFOrf-cdEeet0YmmfbMwkw,CF1,4.4059
2104,_SFOrf-cdEeet0YmmfbMwkw,CF1,4.4059
2105,_SFOrf-cdEeet0YmmfbMwkw,CF1,4.4059
2106,_SFDEwecdEeet0YmmfbMwkw,CF3,5.7029
2107,_SFDEwecdEeet0YmmfbMwkw,CF3,5.7029
2108,_SFDEwecdEeet0YmmfbMwkw,CF3,5.7029
2109,_SFDEwecdEeet0YmmfbMwkw,CF3,5.7029
2110,_SFDEwecdEeet0YmmfbMwkw,CF3,5.7029
2111,_SE3eaOcdEeet0YmmfbMwkw,CF3,4.2039
2112,_SE3eaOcdEeet0YmmfbMwkw,CF3,4.2039
2113,_SE3eaOcdEeet0YmmfbMwkw,CF3,4.2039
2114,_SFNdpOcdEeet0YmmfbMwkw,CF3,7.1977
2115,_SFNdpOcdEeet0YmmfbMwkw,CF3,7.1977
2116,_SFMPnOcdEeet0YmmfbMwkw,CF1,2.7214
2117,_SFMPnOcdEeet0YmmfbMwkw,CF1,2.7214
2118,_SFMPnOcdEeet0YmmfbMwkw,CF1,2.7214
2119,_SFApR-cdEeet0YmmfbMwkw,CF3,2.6834
2120,_SFApR-cdEeet0YmmfbMwkw,CF3,2.6834
2121,_SFApR-cdEeet0YmmfbMwkw,CF3,2.6834
2122,_SFACAucdEeet0YmmfbMwkw,CF1,4.2689
2123,_SFACAucdEeet0YmmfbMwkw,CF1,4.2689
2124,_SFACAucdEeet0YmmfbMwkw,CF1,4.2689
2125,_SEu7iucdEeet0YmmfbMwkw,CF3,71.2848
2126,_SEu7iucdEeet0YmmfbMwkw,CF3,71.1306
2127,_SEu7iucdEeet0YmmfbMwkw,CF3,70.9483
2128,_SEu7iucdEeet0YmmfbMwkw,CF3,70.9483
2129,_SEu7iucdEeet0YmmfbMwkw,CF3,70.9483
2130,_SEu7jecdEeet0YmmfbMwkw,CF1,5.6859
2131,_SEu7jecdEeet0YmmfbMwkw,CF1,5.6859
2132,_SEu7jecdEeet0YmmfbMwkw,CF1,5.6859
2133,_SFGwkecdEeet0YmmfbMwkw,CF1,4.3389
2134,_SFGwkecdEeet0YmmfbMwkw,CF1,4.3389
2135,_SFGwkecdEeet0YmmfbMwkw,CF1,4.3389
2136,_SFGwkecdEeet0YmmfbMwkw,CF1,4.3389
2137,_SFGwkecdEeet0YmmfbMwkw,CF1,4.3389
2138,_SFGwkecdEeet0YmmfbMwkw,CF1,4.3389
2139,_SFKZ4-cdEeet0YmmfbMwkw,CF1,2.0914
2140,_SFKZ4-cdEeet0YmmfbMwkw,CF1,2.0914
2141,_SFKZ4-cdEeet0YmmfbMwkw,CF1,2.0914
2142,_SFLAmecdEeet0YmmfbMwkw,CF3,2.7154
2143,_SFLAmecdEeet0YmmfbMwkw,CF3,2.7154
2144,_SFLAmecdEeet0YmmfbMwkw,CF3,2.7154
2145,_SEtGGecdEeet0YmmfbMwkw,CF3,7.1707
2146,_SEtGGecdEeet0YmmfbMwkw,CF3,7.1707
2147,_SFDryecdEeet0YmmfbMwkw,CF3,5.7049
2148,_SFDryecdEeet0YmmfbMwkw,CF3,5.7049
2149,_SFDryecdEeet0YmmfbMwkw,CF3,5.7049
2150,_SFDryecdEeet0YmmfbMwkw,CF3,5.7049
2151,_SFS8eucdEeet0YmmfbMwkw,CF3,6.065
2152,_SFS8eucdEeet0YmmfbMwkw,CF3,6.065
2153,_SFLB7-cdEeet0YmmfbMwkw,CF3,2.0994
2154,_SFLB7-cdEeet0YmmfbMwkw,CF3,2.0994
2155,_SFLB7-cdEeet0YmmfbMwkw,CF3,2.0994
2156,_SE8-E-cdEeet0YmmfbMwkw,CF1,4.2189
2157,_SE8-E-cdEeet0YmmfbMwkw,CF1,4.2189
2158,_SE8-E-cdEeet0YmmfbMwkw,CF1,4.2189
2159,_SE8-E-cdEeet0YmmfbMwkw,CF1,4.2189
2160,_SE8XH-cdEeet0YmmfbMwkw,CF2,2.4719
2161,_SE8XH-cdEeet0YmmfbMwkw,CF2,2.4719
2162,_SE8XH-cdEeet0YmmfbMwkw,CF2,2.4719
2163,_SFJzmecdEeet0YmmfbMwkw,CF2,2.8722
2164,_SFJzmecdEeet0YmmfbMwkw,CF2,2.8722
2165,_SFJzmecdEeet0YmmfbMwkw,CF2,2.8722
2166,_SFJyFecdEeet0YmmfbMwkw,CF3,5.7199
2167,_SFJyFecdEeet0YmmfbMwkw,CF3,5.7199
2168,_SFJyFecdEeet0YmmfbMwkw,CF3,5.7199
2169,_SFHV7OcdEeet0YmmfbMwkw,CF2,2.2988
2170,_SFHV7OcdEeet0YmmfbMwkw,CF2,2.2988
2171,_SFHV7OcdEeet0YmmfbMwkw,CF2,2.2988
2172,_SFKag-cdEeet0YmmfbMwkw,CF3,2.0954
2173,_SFKag-cdEeet0YmmfbMwkw,CF3,2.0954
2174,_SFKag-cdEeet0YmmfbMwkw,CF3,2.0954
2175,_SFJytecdEeet0YmmfbMwkw,CF1,5.7209
2176,_SFJytecdEeet0YmmfbMwkw,CF1,5.7209
2177,_SFJytecdEeet0YmmfbMwkw,CF1,5.7209
2178,_SFJytecdEeet0YmmfbMwkw,CF1,5.7209
2179,_SFJytecdEeet0YmmfbMwkw,CF1,5.7209
2180,_SFJytecdEeet0YmmfbMwkw,CF1,5.7209
2181,_SFM29-cdEeet0YmmfbMwkw,CF2,3.3727
2182,_SFM29-cdEeet0YmmfbMwkw,CF2,3.3727
2183,_SFM29-cdEeet0YmmfbMwkw,CF2,3.3727
2184,_SFM29-cdEeet0YmmfbMwkw,CF2,3.3727
2185,_SFM29-cdEeet0YmmfbMwkw,CF2,3.3727
2186,_SFM29-cdEeet0YmmfbMwkw,CF2,3.3727
2187,_SFKafecdEeet0YmmfbMwkw,CF3,3.5001
2188,_SFKafecdEeet0YmmfbMwkw,CF3,3.5001
2189,_SFKafecdEeet0YmmfbMwkw,CF3,3.5001
2190,_SFGICOcdEeet0YmmfbMwkw,CF3,4.3269
2191,_SFGICOcdEeet0YmmfbMwkw,CF3,4.3269
2192,_SFGICOcdEeet0YmmfbMwkw,CF3,4.3269
2193,_SFJzc-cdEeet0YmmfbMwkw,CF3,2.0904
2194,_SFJzc-cdEeet0YmmfbMwkw,CF3,2.0904
2195,_SFJzc-cdEeet0YmmfbMwkw,CF3,2.0904
2196,_SFES_-cdEeet0YmmfbMwkw,CF1,4.3159
2197,_SFES_-cdEeet0YmmfbMwkw,CF1,4.3159
2198,_SFES_-cdEeet0YmmfbMwkw,CF1,4.3159
2199,_SFETCecdEeet0YmmfbMwkw,CF3,5.7099
2200,_SFETCecdEeet0YmmfbMwkw,CF3,5.7099
2201,_SFETCecdEeet0YmmfbMwkw,CF3,5.7099
2202,_SExYKucdEeet0YmmfbMwkw,CF3,4.2559
2203,_SExYKucdEeet0YmmfbMwkw,CF3,4.2559
2204,_SExYKucdEeet0YmmfbMwkw,CF3,4.2559
2205,_SExYKucdEeet0YmmfbMwkw,CF3,4.2559
2206,_SE8-P-cdEeet0YmmfbMwkw,CF1,2.9916
2207,_SE8-P-cdEeet0YmmfbMwkw,CF1,2.9916
2208,_SE8-P-cdEeet0YmmfbMwkw,CF1,2.9916
2209,_SFGH_OcdEeet0YmmfbMwkw,CF1,5.7129
2210,_SFGH_OcdEeet0YmmfbMwkw,CF1,5.7129
2211,_SFGH_OcdEeet0YmmfbMwkw,CF1,5.7129
2212,_SFGH_OcdEeet0YmmfbMwkw,CF1,5.7129
2213,_SFGH_OcdEeet0YmmfbMwkw,CF1,5.7129
2214,_SFGH_OcdEeet0YmmfbMwkw,CF1,5.7129
2215,_SFSU9ecdEeet0YmmfbMwkw,CF1,5.7489
2216,_SFSU9ecdEeet0YmmfbMwkw,CF1,5.7489
2217,_SFSU9ecdEeet0YmmfbMwkw,CF1,5.7489
2218,_SFCduucdEeet0YmmfbMwkw,CF1,3.0066
2219,_SFCduucdEeet0YmmfbMwkw,CF1,3.0066
2220,_SFCduucdEeet0YmmfbMwkw,CF1,3.0066
2221,_SFKZ2ecdEeet0YmmfbMwkw,CF1,7.1817
2222,_SFKZ2ecdEeet0YmmfbMwkw,CF1,7.1817
2223,_SE8XJecdEeet0YmmfbMwkw,CF1,2.0764
2224,_SE8XJecdEeet0YmmfbMwkw,CF1,2.0764
2225,_SE8XJecdEeet0YmmfbMwkw,CF1,2.0764
2226,_SE-L5ecdEeet0YmmfbMwkw,CF1,5.7529
2227,_SE-L5ecdEeet0YmmfbMwkw,CF1,5.7529
2228,_SE-L5ecdEeet0YmmfbMwkw,CF1,5.7529
2229,_SE-L5ecdEeet0YmmfbMwkw,CF1,5.7529
2230,_SE-L5ecdEeet0YmmfbMwkw,CF1,5.7529
2231,_SE-L5ecdEeet0YmmfbMwkw,CF1,5.7529
2232,_SE-L5ecdEeet0YmmfbMwkw,CF1,5.7529
2233,_SE-L5ecdEeet0YmmfbMwkw,CF1,5.7529
2234,_SE-L5ecdEeet0YmmfbMwkw,CF1,5.7529
2235,_SFLAXecdEeet0YmmfbMwkw,CF1,4.3619
2236,_SFLAXecdEeet0YmmfbMwkw,CF1,4.3619
2237,_SFNdAucdEeet0YmmfbMwkw,CF2,5.2734
2238,_SFNdAucdEeet0YmmfbMwkw,CF2,5.2734
2239,_SFNdAucdEeet0YmmfbMwkw,CF2,5.2734
2240,_SFNdAucdEeet0YmmfbMwkw,CF2,5.2734
2241,_SFNdAucdEeet0YmmfbMwkw,CF2,5.2734
2242,_SFOroOcdEeet0YmmfbMwkw,CF2,2.3058
2243,_SFOroOcdEeet0YmmfbMwkw,CF2,2.3058
2244,_SFOroOcdEeet0YmmfbMwkw,CF2,2.3058
2245,_SFJzjecdEeet0YmmfbMwkw,CF2,2.4809
2246,_SFJzjecdEeet0YmmfbMwkw,CF2,2.4809
2247,_SFJzjecdEeet0YmmfbMwkw,CF2,2.4809
2248,_SFLBHecdEeet0YmmfbMwkw,CF3,4.3709
2249,_SFLBHecdEeet0YmmfbMwkw,CF3,4.3709
2250,_SFLBHecdEeet0YmmfbMwkw,CF3,4.3709
2251,_SFGu1-cdEeet0YmmfbMwkw,CF1,4.5425
2252,_SFGu1-cdEeet0YmmfbMwkw,CF1,4.5425
2253,_SFGu1-cdEeet0YmmfbMwkw,CF1,4.5425
2254,_SFGu1-cdEeet0YmmfbMwkw,CF1,4.5425
2255,_SFOFRucdEeet0YmmfbMwkw,CF3,4.5997
2256,_SFOFRucdEeet0YmmfbMwkw,CF3,4.5997
2257,_SFGwSecdEeet0YmmfbMwkw,CF2,2.8692
2258,_SFGwSecdEeet0YmmfbMwkw,CF2,2.8692
2259,_SFGwSecdEeet0YmmfbMwkw,CF2,2.8692
2260,_SE-zuucdEeet0YmmfbMwkw,CF1,4.1969
2261,_SE-zuucdEeet0YmmfbMwkw,CF1,4.1969
2262,_SE-zuucdEeet0YmmfbMwkw,CF1,4.1969
2263,_SFJK--cdEeet0YmmfbMwkw,CF1,4.3429
2264,_SFJK--cdEeet0YmmfbMwkw,CF1,4.3429
2265,_SFJK--cdEeet0YmmfbMwkw,CF1,4.3429
2266,_SFJK--cdEeet0YmmfbMwkw,CF1,4.3429
2267,_SFJK--cdEeet0YmmfbMwkw,CF1,4.3429
2268,_SFJK--cdEeet0YmmfbMwkw,CF1,4.3429
2269,_SE7Io-cdEeet0YmmfbMwkw,CF3,5.6839
2270,_SE7Io-cdEeet0YmmfbMwkw,CF3,5.6839
2271,_SE7Io-cdEeet0YmmfbMwkw,CF3,5.6839
2272,_SFODgecdEeet0YmmfbMwkw,CF1,2.7254
2273,_SFODgecdEeet0YmmfbMwkw,CF1,2.7254
2274,_SFODgecdEeet0YmmfbMwkw,CF1,2.7254
2275,_SFS8rOcdEeet0YmmfbMwkw,CF2,2.8752
2276,_SFS8rOcdEeet0YmmfbMwkw,CF2,2.8752
2277,_SFS8rOcdEeet0YmmfbMwkw,CF2,2.8752
2278,_SFJyEucdEeet0YmmfbMwkw,CF1,62.6995
2279,_SFJyEucdEeet0YmmfbMwkw,CF1,63.036
2280,_SFJyEucdEeet0YmmfbMwkw,CF1,63.036
2281,_SFJyEucdEeet0YmmfbMwkw,CF1,63.036
2282,_SE23jOcdEeet0YmmfbMwkw,CF1,5.6809
2283,_SE23jOcdEeet0YmmfbMwkw,CF1,5.6809
2284,_SE23jOcdEeet0YmmfbMwkw,CF1,5.6809
2285,_SEu7pecdEeet0YmmfbMwkw,CF1,2.9976
2286,_SEu7pecdEeet0YmmfbMwkw,CF1,2.9976
2287,_SEu7pecdEeet0YmmfbMwkw,CF1,2.9976
2288,_SEu7pecdEeet0YmmfbMwkw,CF1,2.9976
2289,_SEu7pecdEeet0YmmfbMwkw,CF1,2.9976
2290,_SEu7pecdEeet0YmmfbMwkw,CF1,2.9976
2291,_SE9lfucdEeet0YmmfbMwkw,CF1,29.8763
2292,_SE9lfucdEeet0YmmfbMwkw,CF1,29.8763
2293,_SE9lfucdEeet0YmmfbMwkw,CF1,29.8763
2294,_SE-z9ucdEeet0YmmfbMwkw,CF2,2.6434
2295,_SE-z9ucdEeet0YmmfbMwkw,CF2,2.6434
2296,_SE-z9ucdEeet0YmmfbMwkw,CF2,2.6434
2297,_SFM1r-cdEeet0YmmfbMwkw,CF2,5.7579
2298,_SFM1r-cdEeet0YmmfbMwkw,CF2,5.7579
2299,_SFM1r-cdEeet0YmmfbMwkw,CF2,5.7579
2300,_SFM1r-cdEeet0YmmfbMwkw,CF2,5.7579
2301,_SFM1r-cdEeet0YmmfbMwkw,CF2,5.7579
2302,_SFM1r-cdEeet0YmmfbMwkw,CF2,5.7579
2303,_SFM1r-cdEeet0YmmfbMwkw,CF2,5.7579
2304,_SFM1r-cdEeet0YmmfbMwkw,CF2,5.7579
2305,_SFM1r-cdEeet0YmmfbMwkw,CF2,5.7579
2306,_SE1CkucdEeet0YmmfbMwkw,CF1,6.2038
2307,_SE1CkucdEeet0YmmfbMwkw,CF1,6.2038
2308,_SE1CkucdEeet0YmmfbMwkw,CF1,6.2038
2309,_SFSVDecdEeet0YmmfbMwkw,CF3,3.5101
2310,_SFSVDecdEeet0YmmfbMwkw,CF3,3.5101
2311,_SE8XBecdEeet0YmmfbMwkw,CF1,2.0754
2312,_SE8XBecdEeet0YmmfbMwkw,CF1,2.0754
2313,_SE8XBecdEeet0YmmfbMwkw,CF1,2.0754
2314,_SEwJr-cdEeet0YmmfbMwkw,CF2,5.6889
2315,_SEwJr-cdEeet0YmmfbMwkw,CF2,5.6889
2316,_SEwJr-cdEeet0YmmfbMwkw,CF2,5.6889
2317,_SFABYucdEeet0YmmfbMwkw,CF1,4.2659
2318,_SFABYucdEeet0YmmfbMwkw,CF1,4.2659
2319,_SFABYucdEeet0YmmfbMwkw,CF1,4.2659
2320,_SE6iF-cdEeet0YmmfbMwkw,CF2,2.6544
2321,_SE6iF-cdEeet0YmmfbMwkw,CF2,2.6544
2322,_SE6iF-cdEeet0YmmfbMwkw,CF2,2.6544
2323,_SFLoqOcdEeet0YmmfbMwkw,CF3,2.7194
2324,_SFLoqOcdEeet0YmmfbMwkw,CF3,2.7194
2325,_SFLoqOcdEeet0YmmfbMwkw,CF3,2.7194
2326,_SE-zVucdEeet0YmmfbMwkw,CF2,2.6454
2327,_SE-zVucdEeet0YmmfbMwkw,CF2,2.6454
2328,_SE-zVucdEeet0YmmfbMwkw,CF2,2.6454
2329,_SFLAj-cdEeet0YmmfbMwkw,CF3,2.0984
2330,_SFLAj-cdEeet0YmmfbMwkw,CF3,2.0984
2331,_SFLAj-cdEeet0YmmfbMwkw,CF3,2.0984
2332,_SFDFV-cdEeet0YmmfbMwkw,CF1,4.2969
2333,_SFDFV-cdEeet0YmmfbMwkw,CF1,4.2969
2334,_SFDFV-cdEeet0YmmfbMwkw,CF1,4.2969
2335,_SE-L_ecdEeet0YmmfbMwkw,CF1,2.9836
2336,_SE-L_ecdEeet0YmmfbMwkw,CF1,2.9836
2337,_SE-L_ecdEeet0YmmfbMwkw,CF1,2.9836
2338,_SFABeOcdEeet0YmmfbMwkw,CF3,4.2679
2339,_SFABeOcdEeet0YmmfbMwkw,CF3,4.2679
2340,_SFABeOcdEeet0YmmfbMwkw,CF3,4.2679
2341,_SFNc7ecdEeet0YmmfbMwkw,CF3,6.2188
2342,_SFNc7ecdEeet0YmmfbMwkw,CF3,6.2188
2343,_SFNc7ecdEeet0YmmfbMwkw,CF3,6.2188
2344,_SFM2--cdEeet0YmmfbMwkw,CF2,4.3829
2345,_SFM2--cdEeet0YmmfbMwkw,CF2,4.3829
2346,_SFM2--cdEeet0YmmfbMwkw,CF2,4.3829
2347,_SFM2--cdEeet0YmmfbMwkw,CF2,4.3829
2348,_SE-z1ucdEeet0YmmfbMwkw,CF2,4.5175
2349,_SE-z1ucdEeet0YmmfbMwkw,CF2,4.5175
2350,_SE-z1ucdEeet0YmmfbMwkw,CF2,4.5175
2351,_SFDs_-cdEeet0YmmfbMwkw,CF3,4.3059
2352,_SFDs_-cdEeet0YmmfbMwkw,CF3,4.3059
2353,_SFDs_-cdEeet0YmmfbMwkw,CF3,4.3059
2354,_SE4sz-cdEeet0YmmfbMwkw,CF1,4.5225
2355,_SE4sz-cdEeet0YmmfbMwkw,CF1,4.5225
2356,_SE4sz-cdEeet0YmmfbMwkw,CF1,4.5225
2357,_SFKaYucdEeet0YmmfbMwkw,CF3,6.6659
2358,_SFKaYucdEeet0YmmfbMwkw,CF3,6.6659
2359,_SFKaYucdEeet0YmmfbMwkw,CF3,6.6659
2360,_SFDr4ecdEeet0YmmfbMwkw,CF1,3.0106
2361,_SFDr4ecdEeet0YmmfbMwkw,CF1,3.0106
2362,_SFDr4ecdEeet0YmmfbMwkw,CF1,3.0106
2363,_SFOsQOcdEeet0YmmfbMwkw,CF2,2.3068
2364,_SFOsQOcdEeet0YmmfbMwkw,CF2,2.3068
2365,_SFOsQOcdEeet0YmmfbMwkw,CF2,2.3068
2366,_SE8W7-cdEeet0YmmfbMwkw,CF1,3.3547
2367,_SE8W7-cdEeet0YmmfbMwkw,CF1,3.3547
2368,_SE8W7-cdEeet0YmmfbMwkw,CF1,3.3547
2369,_SFFhqOcdEeet0YmmfbMwkw,CF1,4.3229
2370,_SFFhqOcdEeet0YmmfbMwkw,CF1,4.3229
2371,_SFFhqOcdEeet0YmmfbMwkw,CF1,4.3229
2372,_SEwwpOcdEeet0YmmfbMwkw,CF1,6.2088
2373,_SEwwpOcdEeet0YmmfbMwkw,CF1,6.2088
2374,_SEwwpOcdEeet0YmmfbMwkw,CF1,6.2088
2375,_SE57PecdEeet0YmmfbMwkw,CF1,4.2089
2376,_SE57PecdEeet0YmmfbMwkw,CF1,4.2089
2377,_SE57PecdEeet0YmmfbMwkw,CF1,4.2089
2378,_SFKZOecdEeet0YmmfbMwkw,CF1,7.1847
2379,_SFKZOecdEeet0YmmfbMwkw,CF1,7.1847
2380,_SFKZOecdEeet0YmmfbMwkw,CF1,7.1847
2381,_SFMQGecdEeet0YmmfbMwkw,CF3,5.7379
2382,_SFMQGecdEeet0YmmfbMwkw,CF3,5.7379
2383,_SFMQGecdEeet0YmmfbMwkw,CF3,5.7379
2384,_SFDsfecdEeet0YmmfbMwkw,CF3,19.7907
2385,_SFDsfecdEeet0YmmfbMwkw,CF3,19.7166
2386,_SFJyq-cdEeet0YmmfbMwkw,CF1,4.3459
2387,_SFJyq-cdEeet0YmmfbMwkw,CF1,4.3459
2388,_SFJyq-cdEeet0YmmfbMwkw,CF1,4.3459
2389,_SFKZN-cdEeet0YmmfbMwkw,CF1,4.5465
2390,_SFKZN-cdEeet0YmmfbMwkw,CF1,4.5465
2391,_SFKZN-cdEeet0YmmfbMwkw,CF1,4.5465
2392,_SFOsCecdEeet0YmmfbMwkw,CF1,4.4079
2393,_SFOsCecdEeet0YmmfbMwkw,CF1,4.4079
2394,_SFOsCecdEeet0YmmfbMwkw,CF1,4.4079
2395,_SE-zxOcdEeet0YmmfbMwkw,CF3,5.6789
2396,_SE-zxOcdEeet0YmmfbMwkw,CF3,5.6789
2397,_SE-zxOcdEeet0YmmfbMwkw,CF3,5.6789
2398,_SE-z0OcdEeet0YmmfbMwkw,CF2,4.1909
2399,_SE-z0OcdEeet0YmmfbMwkw,CF2,4.1909
2400,_SE-z0OcdEeet0YmmfbMwkw,CF2,4.1909
2401,_SFS9nucdEeet0YmmfbMwkw,CF1,4.4149
2402,_SFS9nucdEeet0YmmfbMwkw,CF1,4.4149
2403,_SFS9nucdEeet0YmmfbMwkw,CF1,4.4149
2404,_SE57J-cdEeet0YmmfbMwkw,CF1,4.2079
2405,_SE57J-cdEeet0YmmfbMwkw,CF1,4.2079
2406,_SE57J-cdEeet0YmmfbMwkw,CF1,4.2079
2407,_SFS8lecdEeet0YmmfbMwkw,CF2,2.3078
2408,_SFS8lecdEeet0YmmfbMwkw,CF2,2.3078
2409,_SFS8lecdEeet0YmmfbMwkw,CF2,2.3078
2410,_SEvixOcdEeet0YmmfbMwkw,CF1,2.0804
2411,_SEvixOcdEeet0YmmfbMwkw,CF1,2.0804
2412,_SEvixOcdEeet0YmmfbMwkw,CF1,2.0804
2413,_SFMQS-cdEeet0YmmfbMwkw,CF1,2.7224
2414,_SFMQS-cdEeet0YmmfbMwkw,CF1,2.7224
2415,_SFMQS-cdEeet0YmmfbMwkw,CF1,2.7224
2416,_SEu7tecdEeet0YmmfbMwkw,CF2,2.6654
2417,_SEu7tecdEeet0YmmfbMwkw,CF2,2.6654
2418,_SEu7tecdEeet0YmmfbMwkw,CF2,2.6654
2419,_SEu7tecdEeet0YmmfbMwkw,CF2,2.6654
2420,_SEu7tecdEeet0YmmfbMwkw,CF2,2.6654
2421,_SEu7tecdEeet0YmmfbMwkw,CF2,2.6654
2422,_SFGvfecdEeet0YmmfbMwkw,CF1,3.0236
2423,_SFGvfecdEeet0YmmfbMwkw,CF1,3.0236
2424,_SFGvfecdEeet0YmmfbMwkw,CF1,3.0236
2425,_SE23iecdEeet0YmmfbMwkw,CF1,41.5845
2426,_SE23iecdEeet0YmmfbMwkw,CF1,41.5845
2427,_SE23iecdEeet0YmmfbMwkw,CF1,41.5845
2428,_SFGwm-cdEeet0YmmfbMwkw,CF1,4.3399
2429,_SFGwm-cdEeet0YmmfbMwkw,CF1,4.3399
2430,_SFGwm-cdEeet0YmmfbMwkw,CF1,4.3399
2431,_SFGwm-cdEeet0YmmfbMwkw,CF1,4.3399
2432,_SFGwm-cdEeet0YmmfbMwkw,CF1,4.3399
2433,_SFGwm-cdEeet0YmmfbMwkw,CF1,4.3399
2434,_SFGwm-cdEeet0YmmfbMwkw,CF1,4.3399
2435,_SFGv8ecdEeet0YmmfbMwkw,CF1,4.3349
2436,_SFGv8ecdEeet0YmmfbMwkw,CF1,4.3349
2437,_SFGv8ecdEeet0YmmfbMwkw,CF1,4.3349
2438,_SFGv8ecdEeet0YmmfbMwkw,CF1,4.3349
2439,_SFFhROcdEeet0YmmfbMwkw,CF2,2.6994
2440,_SFFhROcdEeet0YmmfbMwkw,CF2,2.6994
2441,_SFFhROcdEeet0YmmfbMwkw,CF2,2.6994
2442,_SFFhROcdEeet0YmmfbMwkw,CF2,2.6994
2443,_SFFhROcdEeet0YmmfbMwkw,CF2,2.6994
2444,_SFFhROcdEeet0YmmfbMwkw,CF2,2.6994
2445,_SE7wGecdEeet0YmmfbMwkw,CF1,4.2169
2446,_SE7wGecdEeet0YmmfbMwkw,CF1,4.2169
2447,_SE4GA-cdEeet0YmmfbMwkw,CF1,2.0724
2448,_SE4GA-cdEeet0YmmfbMwkw,CF1,2.0724
2449,_SE4GA-cdEeet0YmmfbMwkw,CF1,2.0724
2450,_SFJyvecdEeet0YmmfbMwkw,CF3,4.5937
2451,_SFJyvecdEeet0YmmfbMwkw,CF3,4.5937
2452,_SFJyvecdEeet0YmmfbMwkw,CF3,4.5937
2453,_SE9lYOcdEeet0YmmfbMwkw,CF1,4.2289
2454,_SE9lYOcdEeet0YmmfbMwkw,CF1,4.2289
2455,_SE9lYOcdEeet0YmmfbMwkw,CF1,4.2289
2456,_SE9lYOcdEeet0YmmfbMwkw,CF1,4.2289
2457,_SE9lYOcdEeet0YmmfbMwkw,CF1,4.2289
2458,_SE9lYOcdEeet0YmmfbMwkw,CF1,4.2289
2459,_SE9lYOcdEeet0YmmfbMwkw,CF1,4.2289
2460,_SE9lYOcdEeet0YmmfbMwkw,CF1,4.2289
2461,_SE9lYOcdEeet0YmmfbMwkw,CF1,4.2289
2462,_SFESrecdEeet0YmmfbMwkw,CF2,2.8602
2463,_SFESrecdEeet0YmmfbMwkw,CF2,2.8602
2464,_SFESrecdEeet0YmmfbMwkw,CF2,2.8602
2465,_SFACPucdEeet0YmmfbMwkw,CF2,2.6794
2466,_SFACPucdEeet0YmmfbMwkw,CF2,2.6794
2467,_SFACPucdEeet0YmmfbMwkw,CF2,2.6794
2468,_SE-MF-cdEeet0YmmfbMwkw,CF2,2.6424
2469,_SE-MF-cdEeet0YmmfbMwkw,CF2,2.6424
2470,_SE-MF-cdEeet0YmmfbMwkw,CF2,2.6424
2471,_SFGItOcdEeet0YmmfbMwkw,CF1,3.0196
2472,_SFGItOcdEeet0YmmfbMwkw,CF1,3.0196
2473,_SFGItOcdEeet0YmmfbMwkw,CF1,3.0196
2474,_SFLB3ucdEeet0YmmfbMwkw,CF2,2.3018
2475,_SFLB3ucdEeet0YmmfbMwkw,CF2,2.3018
2476,_SFLB3ucdEeet0YmmfbMwkw,CF2,2.3018
2477,_SFDsX-cdEeet0YmmfbMwkw,CF1,4.3029
2478,_SFDsX-cdEeet0YmmfbMwkw,CF1,4.3029
2479,_SFDsX-cdEeet0YmmfbMwkw,CF1,4.3029
